date,ipca_12m,ipca_month,unemployment,pib_index
2012-01-31,6.22,0.56,,
2012-02-29,5.84,0.45,,
2012-03-31,5.24,0.21,8.0,165.23
2012-04-30,5.1,0.64,7.8,165.23
2012-05-31,4.99,0.36,7.7,165.23
2012-06-30,4.92,0.08,7.6,168.22
2012-07-31,5.2,0.43,7.5,168.22
2012-08-31,5.24,0.41,7.3,168.22
2012-09-30,5.28,0.57,7.1,171.1
2012-10-31,5.45,0.59,6.9,171.1
2012-11-30,5.53,0.6,6.8,171.1
2012-12-31,5.84,0.79,6.9,171.16
2013-01-31,6.15,0.86,7.2,171.16
2013-02-28,6.31,0.6,7.8,171.16
2013-03-31,6.59,0.47,8.0,172.09
2013-04-30,6.49,0.55,7.9,172.09
2013-05-31,6.5,0.37,7.6,172.09
2013-06-30,6.7,0.26,7.5,174.44
2013-07-31,6.27,0.03,7.4,174.44
2013-08-31,6.09,0.24,7.2,174.44
2013-09-30,5.86,0.35,7.0,175.28
2013-10-31,5.84,0.57,6.8,175.28
2013-11-30,5.77,0.54,6.5,175.28
2013-12-31,5.91,0.92,6.2,175.56
2014-01-31,5.59,0.55,6.5,175.56
2014-02-28,5.68,0.69,6.8,175.56
2014-03-31,6.15,0.92,7.2,177.03
2014-04-30,6.28,0.67,7.2,177.03
2014-05-31,6.37,0.46,7.0,177.03
2014-06-30,6.52,0.4,6.9,174.43
2014-07-31,6.5,0.01,7.0,174.43
2014-08-31,6.51,0.25,7.0,174.43
2014-09-30,6.75,0.57,6.8,174.33
2014-10-31,6.59,0.42,6.7,174.33
2014-11-30,6.56,0.51,6.6,174.33
2014-12-31,6.41,0.78,6.6,175.24
2015-01-31,7.14,1.24,6.9,175.24
2015-02-28,7.7,1.22,7.5,175.24
2015-03-31,8.13,1.32,8.0,173.84
2015-04-30,8.17,0.71,8.1,173.84
2015-05-31,8.47,0.74,8.2,173.84
2015-06-30,8.89,0.79,8.4,169.76
2015-07-31,9.56,0.62,8.6,169.76
2015-08-31,9.53,0.22,8.8,169.76
2015-09-30,9.49,0.54,9.0,166.96
2015-10-31,9.93,0.82,9.1,166.96
2015-11-30,10.48,1.01,9.1,166.96
2015-12-31,10.67,0.96,9.1,165.68
2016-01-31,10.71,1.27,9.6,165.68
2016-02-29,10.36,0.9,10.3,165.68
2016-03-31,9.39,0.43,11.0,163.31
2016-04-30,9.28,0.61,11.3,163.31
2016-05-31,9.32,0.78,11.3,163.31
2016-06-30,8.84,0.35,11.4,163.74
2016-07-31,8.74,0.52,11.7,163.74
2016-08-31,8.97,0.44,11.9,163.74
2016-09-30,8.48,0.08,11.9,162.87
2016-10-31,7.87,0.26,11.9,162.87
2016-11-30,6.99,0.18,12.0,162.87
2016-12-31,6.29,0.3,12.1,162.68
2017-01-31,5.35,0.38,12.7,162.68
2017-02-28,4.76,0.33,13.3,162.68
2017-03-31,4.57,0.25,13.9,164.36
2017-04-30,4.08,0.14,13.7,164.36
2017-05-31,3.6,0.31,13.4,164.36
2017-06-30,3.0,-0.23,13.1,165.74
2017-07-31,2.71,0.24,12.9,165.74
2017-08-31,2.46,0.19,12.7,165.74
2017-09-30,2.54,0.16,12.5,166.1
2017-10-31,2.7,0.42,12.3,166.1
2017-11-30,2.8,0.28,12.1,166.1
2017-12-31,2.95,0.44,11.9,167.0
2018-01-31,2.86,0.29,12.3,167.0
2018-02-28,2.84,0.32,12.7,167.0
2018-03-31,2.68,0.09,13.2,168.04
2018-04-30,2.76,0.22,13.0,168.04
2018-05-31,2.86,0.4,12.8,168.04
2018-06-30,4.39,1.26,12.6,167.83
2018-07-31,4.48,0.33,12.4,167.83
2018-08-31,4.19,-0.09,12.2,167.83
2018-09-30,4.53,0.48,12.0,169.44
2018-10-31,4.56,0.45,11.8,169.44
2018-11-30,4.05,-0.21,11.7,169.44
2018-12-31,3.75,0.15,11.7,169.02
2019-01-31,3.78,0.32,12.2,169.02
2019-02-28,3.89,0.43,12.5,169.02
2019-03-31,4.58,0.75,12.8,169.51
2019-04-30,4.94,0.57,12.6,169.51
2019-05-31,4.66,0.13,12.4,169.51
2019-06-30,3.37,0.01,12.1,170.5
2019-07-31,3.22,0.19,11.9,170.5
2019-08-31,3.43,0.11,11.9,170.5
2019-09-30,2.89,-0.04,11.9,170.54
2019-10-31,2.54,0.1,11.7,170.54
2019-11-30,3.27,0.51,11.3,170.54
2019-12-31,4.31,1.15,11.1,172.04
2020-01-31,4.19,0.21,11.3,172.04
2020-02-29,4.01,0.25,11.7,172.04
2020-03-31,3.3,0.07,12.4,168.09
2020-04-30,2.4,-0.31,12.7,168.09
2020-05-31,1.88,-0.38,13.1,168.09
2020-06-30,2.13,0.26,13.6,153.17
2020-07-31,2.31,0.36,14.1,153.17
2020-08-31,2.44,0.24,14.8,153.17
2020-09-30,3.14,0.64,14.9,165.31
2020-10-31,3.92,0.86,14.6,165.31
2020-11-30,4.31,0.89,14.3,165.31
2020-12-31,4.52,1.35,14.2,171.65
2021-01-31,4.56,0.25,14.4,171.65
2021-02-28,5.2,0.86,14.6,171.65
2021-03-31,6.1,0.93,14.9,173.15
2021-04-30,6.76,0.31,14.8,173.15
2021-05-31,8.06,0.83,14.7,173.15
2021-06-30,8.35,0.53,14.2,171.94
2021-07-31,8.99,0.96,13.7,171.94
2021-08-31,9.68,0.87,13.2,171.94
2021-09-30,10.25,1.16,12.7,172.2
2021-10-31,10.67,1.25,12.1,172.2
2021-11-30,10.74,0.95,11.6,172.2
2021-12-31,10.06,0.73,11.1,174.5
2022-01-31,10.38,0.54,11.2,174.5
2022-02-28,10.54,1.01,11.2,174.5
2022-03-31,11.3,1.62,11.1,175.7
2022-04-30,12.13,1.06,10.5,175.7
2022-05-31,11.73,0.47,9.8,175.7
2022-06-30,11.89,0.67,9.3,177.7
2022-07-31,10.07,-0.68,9.1,177.7
2022-08-31,8.73,-0.36,8.9,177.7
2022-09-30,7.17,-0.29,8.7,179.58
2022-10-31,6.47,0.59,8.3,179.58
2022-11-30,5.9,0.41,8.1,179.58
2022-12-31,5.79,0.62,7.9,180.35
2023-01-31,5.77,0.53,8.4,180.35
2023-02-28,5.6,0.84,8.6,180.35
2023-03-31,4.65,0.71,8.8,182.77
2023-04-30,4.18,0.61,8.5,182.77
2023-05-31,3.94,0.23,8.3,182.77
2023-06-30,3.16,-0.08,8.0,184.19
2023-07-31,3.99,0.12,7.9,184.19
2023-08-31,4.61,0.23,7.8,184.19
2023-09-30,5.19,0.26,7.7,184.43
2023-10-31,4.82,0.24,7.6,184.43
2023-11-30,4.68,0.28,7.5,184.43
2023-12-31,4.62,0.56,7.4,185.14
2024-01-31,4.51,0.42,7.6,185.14
2024-02-29,4.5,0.83,7.8,185.14
2024-03-31,3.93,0.16,7.9,186.4
2024-04-30,3.69,0.38,7.5,186.4
2024-05-31,3.93,0.46,7.1,186.4
2024-06-30,4.23,0.21,6.9,189.52
2024-07-31,4.5,0.38,6.8,189.52
2024-08-31,4.24,-0.02,6.6,189.52
2024-09-30,4.42,0.44,6.4,191.23
2024-10-31,4.76,0.56,6.2,191.23
2024-11-30,4.87,0.39,6.1,191.23
2024-12-31,4.83,0.52,6.2,191.41
2025-01-31,4.56,0.16,6.5,191.41
2025-02-28,5.06,1.31,6.8,191.41
2025-03-31,5.48,0.56,7.0,193.84
2025-04-30,5.53,0.43,6.6,193.84
2025-05-31,5.32,0.26,6.2,193.84
2025-06-30,5.35,0.24,5.8,194.5
2025-07-31,5.23,0.26,5.6,194.5
2025-08-31,5.13,-0.11,5.6,194.5
2025-09-30,5.17,0.48,5.6,194.69
2025-10-31,4.68,0.09,5.4,194.69
2025-11-30,4.46,0.18,5.2,194.69
2025-12-31,4.26,0.33,5.1,195.19
2026-01-31,4.44,0.33,5.4,195.19
2026-02-28,3.81,0.7,5.8,195.19
2026-03-31,4.14,0.88,6.1,197.34
2026-04-30,4.39,0.67,5.8,197.34
2026-05-31,4.72,0.58,5.6,197.34
2026-06-30,4.64,0.16,5.4,197.34
2026-07-31,4.44,0.07,,197.34
2026-08-31,,,,197.34
