ano;id_uf;sigla_uf;pib;impostos_liquidos;va;va_agropecuaria;va_industria;va_servicos;va_adespss
2002;11;RO;7467629886;839731192;6627898698;715526872;1191090432;2484579193;2236702207
2003;11;RO;9425010486;1108434936;8316575548;1278658831;1216605061;3376727040;2444584625
2004;11;RO;11004641436;1288806654;9715834778;1288515348;1674933817;3986529419;2765856199
2005;11;RO;12511821181;1476144194;11035676990;1342222120;1887932121;4603783904;3201738843
2006;11;RO;13054713344;1613809974;11440903374;1238006193;2210692147;4320526746;3671678293
2007;11;RO;14438376499;1766358842;12672017662;1431792087;2200048388;5107622177;3932554997
2008;11;RO;17285541726;2050713346;15234828376;2030130654;2463867818;6179992618;4560837285
2009;11;RO;19725009504;2289825239;17435184264;2116597096;3214988676;6890252624;5213345867
2010;11;RO;23907886882;2950929036;20956957849;2295537137;4779253947;8011723773;5870442984
2011;11;RO;27574714379;3382983866;24191730509;2510828777;5920619024;9255080227;6505202475
2012;11;RO;30112720320;3549852691;26562867625;3291666459;5555132871;10523965933;7192102357
2013;11;RO;31121412531;3434747084;27686665450;3329660606;5340850324;10990333916;8025820601
2014;11;RO;34030981973;3654797531;30376184440;3867529180;5449765822;12521672137;8537217302
2015;11;RO;36563332700;3989257184;32574075511;4353427356;6039153435;13123008886;9058485838
2016;11;RO;39460358978;4075523460;35384835521;4914567473;6572650973;14004784331;9892832744
2017;11;RO;43516147492;4235099382;39281048108;5876784259;8193983928;14450296420;10759983506
2018;11;RO;44913978486;4654189015;40259789474;5731718700;7063046287;16082571950;11382452532
2019;11;RO;47091335805;5053962411;42037373390;5852814369;6936573756;17482423180;11765562096
2020;11;RO;51598741456;5360626779;46238114681;6891411669;8285675423;19060688172;12000339417
2002;12;AC;2971301277;228471013;2742830264;284337190;355041179;1071069387;1032382508
2003;12;AC;3377234250;274851740;3102382509;381300072;295100733;1243563948;1182417760
2004;12;AC;3784002575;326711486;3457291088;344649774;419814012;1391429579;1301397726
2005;12;AC;4300581271;389565868;3911015403;411353664;415901549;1597981671;1485778519
2006;12;AC;4661806953;465522107;4196284845;359336532;437073363;1668465643;1731409304
2007;12;AC;5458172173;504531233;4953640944;380407229;598473992;2003687723;1971071996
2008;12;AC;6410254679;557107131;5853147546;500641174;586081687;2509774869;2256649812
2009;12;AC;7407821405;623026654;6784794751;502613068;974339723;2796891229;2510950732
2010;12;AC;8342355523;777801522;7564554004;784374716;1091621584;2926812657;2761745046
2011;12;AC;8949433758;784145891;8165287869;862625329;942665394;3355855284;3004141864
2012;12;AC;10137924705;988545087;9149379618;957229306;1039346210;3732117248;3420686860
2013;12;AC;11473930166;990406861;10483523305;1182070987;1107063896;4245148079;3949240343
2014;12;AC;13458697630;1109711653;12348985976;1324890583;1401516813;5265059717;4357518864
2015;12;AC;13622801799;1179674731;12443127069;1346477497;1248791758;5309718268;4538139548
2016;12;AC;13754239978;1254239175;12500000805;1457713747;1075591295;5087576651;4879119108
2017;12;AC;14272940594;1437276669;12835663924;1342187256;1023095600;5280288945;5190092126
2018;12;AC;15331122590;1709065481;13622057108;1211596865;1092994192;5860255387;5457210663
2019;12;AC;15630016942;1690725713;13939291228;1044957696;997676011;6222757172;5673900349
2020;12;AC;16476370837;1679899793;14796471045;983531817;1191345379;6590543336;6031050521
2002;13;AM;22093338008;3876992799;18216345208;1239199988;7770508485;5965772157;3240864579
2003;13;AM;25862134092;4405652700;21456481392;1242909474;9512317229;7042094631;3659160055
2004;13;AM;31090695798;5850741248;25239954551;1163553228;11282178801;8706641447;4087581072
2005;13;AM;33980876529;5914591321;28066285213;1062898325;12232622260;9951408267;4819356356
2006;13;AM;39933212635;6671482414;33261730218;1258784541;14832388593;11367302631;5803254457
2007;13;AM;43479773086;7550984241;35928788844;1209601586;15296869677;13293669774;6128647810
2008;13;AM;48115264642;9411915651;38703348995;1254430053;16131908734;14274130859;7042879351
2009;13;AM;50559839676;8557513848;42002325831;1452858988;16651579557;16177634283;7720253004
2010;13;AM;60877122684;10492909289;50384213395;2219359254;21495795175;17887557870;8781501099
2011;13;AM;70734401222;11626289834;59108111385;4313385350;25079189530;19800919530;9914616985
2012;13;AM;72242700676;12670392962;59572307715;4127920999;22908356965;21585028433;10951001325
2013;13;AM;83051232958;14239236835;68811996119;5165834791;25419430028;25630754116;12595977185
2014;13;AM;86668643770;14770778988;71897864784;5181035235;24785545053;27814443777;14116840712
2015;13;AM;86568184233;13873398141;72694786096;5793489793;24230535899;28112628149;14558132246
2016;13;AM;89039781991;13131292870;75908489123;5879992534;26348685885;28476562978;15203247723
2017;13;AM;93240190919;14742723917;78497467001;5604035132;26055812058;30512813336;16324806476
2018;13;AM;1,00109E+11;15747691358;84361543714;5514897806;28935047335;32505662412;17405936167
2019;13;AM;1,08181E+11;17455843281;90725247718;4970467900;32982648876;33592897361;19179233582
2020;13;AM;1,16019E+11;20058422775;95960716614;5114449144;35839810630;34795836262;20210620577
2002;14;RR;2392032671;174359460;2217673211;70983276;334225265;773172275;1039292399
2003;14;RR;2594080871;187581297;2406499576;95135787;225335273;906225381;1179803132
2004;14;RR;2822756978;205447406;2617309571;110342639;282207605;931473611;1293285717
2005;14;RR;3193430415;244354942;2949075476;98937726;308664970;1035153106;1506319669
2006;14;RR;3802452111;291326739;3511125372;92281423;481265053;1201350258;1736228641
2007;14;RR;4203302125;354670468;3848631658;124213071;358460175;1380373235;1985585178
2008;14;RR;4841862423;407347152;4434515274;127136382;441321411;1590633805;2275423674
2009;14;RR;5671974582;468281398;5203693181;123733131;570388804;1875474093;2634097154
2010;14;RR;6639150477;571823309;6067327167;148648021;818733165;2122913063;2977032922
2011;14;RR;7303719268;581674553;6722044710;175528416;815761473;2401062827;3329691996
2012;14;RR;7711467115;645640013;7065827102;213865270;762519382;2581877104;3507565347
2013;14;RR;9010725277;671397365;8339327910;384113042;1078682591;2911462692;3965069585
2014;14;RR;9744122309;751094997;8993027312;386508284;1010032055;3478905843;4117581130
2015;14;RR;10242905137;801566544;9441338591;516328412;900131801;3461310886;4563567493
2016;14;RR;11013237213;835733607;10177503604;563899114;872475111;3740704770;5000424614
2017;14;RR;12104709147;921878239;11182830907;609139184;960504989;4081352099;5531834638
2018;14;RR;13369987723;1102898515;12267089207;640832060;1355496352;4616996335;5653764461
2019;14;RR;14292227131;1295658423;12996568708;718022151;1009374826;5076143992;6193027733
2020;14;RR;16024275696;1500036536;14524239158;1000907462;1706511471;5278754961;6538065265
2002;15;PA;26482158871;2568294792;23913864078;3465780342;6127765556;9281332265;5038985927
2003;15;PA;30270151871;3079543210;27190608658;4032022848;6919947291;10425928911;5812709602
2004;15;PA;37272725891;3348291626;33924434262;4231384692;9696801550;13559101289;6437146733
2005;15;PA;40522893486;3991798341;36531095140;4621698125;10102356759;14568849663;7238190590
2006;15;PA;45983026806;4705277210;41277749601;5094226462;11373927848;16921686954;7887908331
2007;15;PA;51846876319;5236135004;46610741314;5238137716;11946338142;20085819945;9340445504
2008;15;PA;60956978232;5959448869;54997529353;5376136678;17023486234;21935188032;10662718399
2009;15;PA;61665095568;6233300773;55431794799;5940593569;12720934143;24438810977;12331456095
2010;15;PA;82684517799;7163155672;75521362132;8076833571;26792382336;26821214952;13830931273
2011;15;PA;98710735865;8169432001;90541303865;8971607794;34636072567;30626482672;16307140833
2012;15;PA;1,07081E+11;9728825474;97352055449;10177461197;32488198494;36294946964;18391448798
2013;15;PA;1,21225E+11;10828177677;1,10397E+11;14532626147;36630082911;38179612269;21054347596
2014;15;PA;1,24585E+11;11583305890;1,13002E+11;13436405920;33311858045;42994151968;23259223193
2015;15;PA;1,309E+11;12587006245;1,18312E+11;14500058909;33186297864;44834349143;25791792950
2016;15;PA;1,38108E+11;13279184967;1,24828E+11;17167979564;31529492424;47962380324;28168476962
2017;15;PA;1,55232E+11;13583365709;1,41649E+11;16743181599;43802183118;50120765866;30982907497
2018;15;PA;1,6135E+11;14460486929;1,46889E+11;14967854033;45502447420;54001480126;32417333529
2019;15;PA;1,78377E+11;16467789713;1,61909E+11;14944393614;55476708365;57019743114;34468348725
2020;15;PA;2,15936E+11;18021964332;1,97914E+11;19730656823;84173852308;56395092425;37614037902
2002;16;AP;3173342678;199411105;2973931571;41189817;322066173;1286573937;1324101644
2003;16;AP;3413195152;219680770;3193514381;39602849;386985270;1314785686;1452140573
2004;16;AP;3824739763;262571807;3562167955;53616039;358631000;1482313377;1667607535
2005;16;AP;4306410130;316459678;3989950453;125536690;377739249;1588317940;1898356573
2006;16;AP;5280821943;378424422;4902397520;145844095;393891458;2077477050;2285184916
2007;16;AP;6012522851;414614776;5597908078;159812620;493261117;2373377989;2571456353
2008;16;AP;6950413077;459263944;6491149134;150687037;669760322;2670204534;3000497244
2009;16;AP;7490655556;524920184;6965735369;173456843;499761076;3015446605;3277070844
2010;16;AP;8237795351;636080713;7601714639;196013347;583103997;3149814652;3672782643
2011;16;AP;9409228041;692482284;8716745758;221644942;799114597;3619866640;4076119577
2012;16;AP;11130867802;880290243;10250577562;273770003;1222934418;4083103082;4670770060
2013;16;AP;12763486218;1007411008;11756075212;253930234;1549106235;4743021687;5210017053
2014;16;AP;13400283590;1027845644;12372437946;269321303;1293217489;5333650795;5476248358
2015;16;AP;13861293272;970492623;12890800652;269394370;1657751926;5334001248;5629653105
2016;16;AP;14342135081;873511286;13468623797;289486651;1587885762;5370411489;6220839892
2017;16;AP;15481908326;1009318726;14472589600;310901394;1545046611;5931384759;6685256834
2018;16;AP;16795206668;1130188883;15665017783;294011007;1826898973;6354139398;7189968406
2019;16;AP;17496661074;1172461770;16324199304;311327954;1524642067;6673300185;7814929095
2020;16;AP;18469114505;1256996547;17212117956;339906135;2134852286;6481918486;8255441052
2002;17;TO;5322562915;548130029;4774432883;582145303;866334099;2007374515;1318578968
2003;17;TO;6612339054;706188405;5906150635;1067324681;905198117;2367556573;1566071267
2004;17;TO;7251579977;745623757;6505956220;990079157;1233043139;2497821204;1785012713
2005;17;TO;7707339683;879277206;6828062489;863682123;1268600326;2647208949;2048571095
2006;17;TO;8655613320;959075654;7696537666;723464702;1292677008;3188725408;2491670543
2007;17;TO;10192843991;1048026263;9144817733;788227745;1665388203;3793627687;2897574105
2008;17;TO;12116393284;1248998248;10867395038;1261326965;2004623049;4254777654;3346667389
2009;17;TO;13689804411;1275384112;12414420299;1604204165;2152448052;4835961011;3821807075
2010;17;TO;16404816089;1595633838;14809182255;1739792183;3104547967;5475260959;4489581140
2011;17;TO;18345687727;1788232740;16557454978;2095041404;3205924653;5951369638;5305119282
2012;17;TO;20684429940;1967937410;18716492518;2342060958;3468601715;7057594489;5848235360
2013;17;TO;23796656415;2155620954;21641035458;2714409677;3595519854;8344506489;6986599442
2014;17;TO;26189322646;2440609980;23748712658;3308539779;3760203240;9295407759;7384561885
2015;17;TO;28930290798;2634769791;26295521011;3415518078;3819618763;11078011265;7982372906
2016;17;TO;31584816193;3053353712;28531462480;3619436934;3805824537;12072217783;9033983216
2017;17;TO;34108131985;3256294409;30851837584;4159257924;4544470931;13017362035;9130746691
2018;17;TO;35666183075;3554207380;32111975697;4192214978;3942534402;13973142357;10004083953
2019;17;TO;39355941217;3817515453;35538425760;5036904246;4211458929;15340214275;10949848314
2020;17;TO;43649803218;4140893795;39508909413;8033173625;4408431382;15659235395;11408069014
2002;21;MA;15924002514;1357799240;14566203273;1867205923;2732201913;6537050283;3429745159
2003;21;MA;19502900087;1477578876;18025321209;2807839106;3592194272;7597302944;4027984893
2004;21;MA;22127131812;2028417313;20098714490;3045880420;3446072064;9150714552;4456047450
2005;21;MA;25104209286;2632824348;22471384944;2997350487;3657457664;10708935641;5107641163
2006;21;MA;29710643030;3090466120;26620176919;2706961137;6338676224;11604331000;5970208569
2007;21;MA;30730865778;3472773384;27258092388;3043971203;4958012345;12663966530;6592142316
2008;21;MA;37932402170;4099429903;33832972267;5004742951;6093113501;15060239332;7674876496
2009;21;MA;40994570650;4036524973;36958045673;4215842521;6083668499;17310181114;9348353549
2010;21;MA;46309633109;5198569461;41111063650;4537926598;6883369389;19232100835;10457666823
2011;21;MA;52143535326;6256742068;45886793261;5141825797;8304009031;20677964845;11762993583
2012;21;MA;60490108518;7506044012;52984064492;5438768365;10422535222;23975009732;13147751181
2013;21;MA;67694844541;7665958976;60028885568;6834850842;11376632239;27194495535;14622906954
2014;21;MA;76842027644;8275696972;68566330687;7384200172;12285257081;32058618371;16838255044
2015;21;MA;78475993839;8620463445;69855530405;7242279464;13709747710;30615337579;18288165632
2016;21;MA;85310038137;9401671359;75908366785;6048059567;13175421123;36126351342;20558534753
2017;21;MA;89542757307;10319768571;79222988731;7508658429;13482702799;36436370016;21795257485
2018;21;MA;98179495640;11196848427;86982647229;7778786735;16099462005;39616757957;23487640511
2019;21;MA;97339938019;13050578410;84289359603;7322376639;14568606833;37710898724;24687477417
2020;21;MA;1,06916E+11;12287742323;94628219236;11572448702;17379117916;39180320014;26496332593
2002;22;PI;7122634624;815681609;6306953018;425756287;930320653;2735397621;2215478460
2003;22;PI;8414900525;913831877;7501068635;870564129;899614566;3214488087;2516401842
2004;22;PI;9406460753;1027237029;8379223721;961742722;1113157258;3544134276;2760189477
2005;22;PI;10711834495;1210758702;9501075790;913339650;1361033038;4089627647;3137075464
2006;22;PI;13360478492;1463641548;11896836938;852880544;2452229931;4955081716;3636644754
2007;22;PI;13736084546;1595517568;12140566976;793147628;1643042315;5203154303;4501222717
2008;22;PI;16203339851;1882982175;14320357682;1476395188;1604724445;6241445763;4997792303
2009;22;PI;18946449329;2147216871;16799232465;1581114194;2211153387;7219031024;5787933846
2010;22;PI;22269149135;2598893659;19670255461;1179327321;3202753448;8793637371;6494537326
2011;22;PI;25941362396;2789569375;23151793009;1936797417;3781435887;10070815236;7362744483
2012;22;PI;28637684706;3219282597;25418402106;1993218529;3876111974;11454287830;8094783775
2013;22;PI;31283593019;3435420593;27848172421;1774815289;3432289131;13068201686;9572866309
2014;22;PI;37723496640;3739752666;33983743972;2524584634;5402314602;15463028115;10593816610
2015;22;PI;39149685744;4080794642;35068891098;2734802421;4752012571;15936630213;11645445885
2016;22;PI;41416936734;4427867590;36989069135;1868311858;4694163220;17798890461;12627703608
2017;22;PI;45365541026;4852579033;40512961990;3791624993;4919858100;18390211104;13411267787
2018;22;PI;50378417554;5685663346;44692754195;4438221341;5557652558;19805301504;14891578795
2019;22;PI;52780784685;5648255450;47132529220;3773393587;5778163095;21456017724;16124954829
2020;22;PI;56391257063;5804994560;50586262488;5699077548;7058009531;20907298460;16921876934
2002;23;CE;28718840361;3677581705;25041258656;1885081291;5671628251;11594124567;5890424538
2003;23;CE;32687418273;4083654857;28603763416;2547351363;6092233782;13366637214;6597541047
2004;23;CE;36890816202;4691216136;32199600066;2481448783;7459180829;15207679653;7051290794
2005;23;CE;41059459215;4961206469;36098252752;2480486880;7745461024;17761666560;8110638276
2006;23;CE;46500320740;6068806475;40431514260;3204300870;8799847307;18898575084;9528790996
2007;23;CE;50818749012;6528933847;44289815168;2929835500;9522247227;21449457777;10388274664
2008;23;CE;60415573673;7779531852;52636041820;4027756299;11363224298;24391900063;12853161159
2009;23;CE;67199958045;8223749560;58976208488;3529843504;13104688189;27707288264;14634388529
2010;23;CE;79336299281;10157919726;69178379552;3495911332;15177895740;34074268852;16430303616
2011;23;CE;89695828420;11348411421;78347417009;5097212793;16668369082;38621600354;17960234782
2012;23;CE;96973752889;12897356131;84076396754;3940265410;17811603544;43285274074;19039253716
2013;23;CE;1,09037E+11;14166658503;94869897862;4879645426;19347582521;48931355469;21711314443
2014;23;CE;1,26054E+11;15275680967;1,10779E+11;5763511926;21219778813;58697767319;25097732572
2015;23;CE;1,3063E+11;15986378537;1,14643E+11;5158506089;22419459354;59941424777;27124079768
2016;23;CE;1,38423E+11;16622317368;1,218E+11;5720372247;23383228371;64274032783;28422569899
2017;23;CE;1,47922E+11;17811517820;1,3011E+11;7487617904;22209937343;69602096495;30810364406
2018;23;CE;1,55904E+11;18799301794;1,37105E+11;7092296390;24796334454;72770081502;32445810616
2019;23;CE;1,63575E+11;20447089449;1,43128E+11;7360087951;24407727270;77038375486;34322047031
2020;23;CE;1,66915E+11;20755739199;1,46159E+11;9508982035;25084342421;75388196172;36177275818
2002;24;RN;13566803381;1484059537;12082743844;552961814;3583307828;4644959327;3301514873
2003;24;RN;14865441489;1684219241;13181222257;854468276;3329619319;5362005920;3635128742
2004;24;RN;17252398422;1956260179;15296138247;899242104;4126394432;6232894227;4037607480
2005;24;RN;19966918075;2213214835;17753703233;870226514;5095576007;7046830355;4741070374
2006;24;RN;22890123700;2637958609;20252165091;1000952472;5593218343;8216776564;5441217710
2007;24;RN;26318258516;2804394384;23513864128;889354111;6684589476;9487809621;6452110922
2008;24;RN;28898860488;3220838003;25678022486;1016107319;7287362882;10170110932;7204441365
2009;24;RN;30941053635;3415521121;27525532510;1250770728;5827912273;12295757886;8151091622
2010;24;RN;36184502368;4035311908;32149190458;1148621887;7683076087;14253228301;9064264192
2011;24;RN;40992924913;4589900715;36403024207;1332371245;8955950255;15864658936;10250043768
2012;24;RN;46412208354;5155177182;41257031173;1301903520;10261649494;18625292256;11068185908
2013;24;RN;51518456550;5614656084;45903800459;1484893697;10736593958;20935627094;12746685727
2014;24;RN;54022583912;5787575234;48235008684;1540754536;10559609525;22328626331;13806018267
2015;24;RN;57250866829;6066978799;51183888032;1638635380;10741879199;23931524546;14871848908
2016;24;RN;59677388846;6544360808;53133028045;1866107857;10096237892;25368840855;15801841451
2017;24;RN;64305995062;6916220807;57389774241;2160568032;10694795236;27524282530;17010128442
2018;24;RN;66969562002;7393851270;59575710740;2596771256;11372517802;28127590936;17478830746
2019;24;RN;71336780166;7469817982;63866962185;2694051634;11751480230;30468868813;18952561521
2020;24;RN;71577106819;7760852467;63816254339;3010587934;11811274272;29207941814;19786450313
2002;25;PB;12747021186;1358801304;11388219880;755986580;2224280212;4837137437;3570815642
2003;25;PB;14737919527;1517703227;13220216302;1032364300;2722250559;5358364310;4107237117
2004;25;PB;15757831545;1626542143;14131289403;990340390;2852351147;5721957529;4566640318
2005;25;PB;17557226323;1889744971;15667481345;1078055796;2872769834;6403852714;5312803003
2006;25;PB;20838016360;2160423027;18677593331;1202152908;3376302401;7902101448;6197036566
2007;25;PB;22909811457;2338826956;20570984498;1086279037;3567408973;9034763564;6882532928
2008;25;PB;26889573077;2744601267;24144971810;1300429573;4166873158;10500236058;8177433013
2009;25;PB;30230406110;2999832887;27230573217;1497659136;4800655281;11775584195;9156674615
2010;25;PB;33522491694;3669253026;29853238676;1384254972;5436505270;12653196578;10379281858
2011;25;PB;37109136669;4123990217;32985146449;1790051178;6165509047;13789511050;11240075185
2012;25;PB;42488349200;4816365783;37671983410;1541055884;7290419745;16339494249;12501013531
2013;25;PB;46377299274;5389719188;40987580091;1846079655;7333200576;17527279803;14281020055
2014;25;PB;52936483065;5939188347;46997294733;1817994893;7848846658;21602865027;15727588159
2015;25;PB;56141890254;6036450466;50105439797;1909724597;8607039443;22911275594;16677400164
2016;25;PB;59104781396;6266591256;52838190142;2170748288;8221271379;24893730098;17552440378
2017;25;PB;62396775525;6721299873;55675475649;2156214200;8436882077;26320314417;18762064945
2018;25;PB;64373595373;7164285881;57209309486;2263878743;8849561560;26869026420;19226842760
2019;25;PB;67986073550;7708854698;60277218850;2195701925;9255709183;28853476390;19972331356
2020;25;PB;70292034110;7824002200;62468031908;2823160239;10000792872;29024383962;20619694846
2002;26;PE;36056031634;4898097905;31157933723;1868672001;7117753916;14620101598;7551406198
2003;26;PE;38815845289;5329515661;33486329631;2207184383;6877064805;16100963282;8301117162
2004;26;PE;44982684107;6162420003;38820264117;2392008918;8757032873;18525132662;9146089655
2005;26;PE;50240325202;7372709332;42867615873;2826505250;8808945850;20623499523;10608665248
2006;26;PE;55485293016;8259263192;47226029823;3091104703;9056806461;22979310155;12098808504
2007;26;PE;62459325003;9421246548;53038078458;3127554222;10193201014;26196750130;13520573104
2008;26;PE;70413938532;10889547464;59524391071;3652344297;11526317318;28762201816;15583527657
2009;26;PE;79760958068;11870882875;67890075192;3758293177;13469279316;32752050980;17910451719
2010;26;PE;97189760476;14237268860;82952491615;3962413036;18191729744;40414575030;20383773809
2011;26;PE;1,10162E+11;16517145799;93644413157;4145575669;20201514735;47072371065;22224951705
2012;26;PE;1,27989E+11;19381371614;1,08608E+11;3849507955;23879347856;56393176996;24485638930
2013;26;PE;1,4115E+11;20254544969;1,20896E+11;4245216704;26001240510;63686985761;26962263849
2014;26;PE;1,55143E+11;21821976905;1,33321E+11;4436619155;24795153384;73335371419;30753527065
2015;26;PE;1,56964E+11;22464052356;1,345E+11;5221889115;26895494899;70388749330;31993481834
2016;26;PE;1,67345E+11;23319650744;1,44025E+11;6190757584;28374770069;74808731259;34651121587
2017;26;PE;1,8161E+11;25277489754;1,56332E+11;6036386291;32604235554;79635282568;38056106670
2018;26;PE;1,86352E+11;26830372659;1,59522E+11;6693462103;32358420260;80541005110;39928715113
2019;26;PE;1,97853E+11;28900180187;1,68953E+11;7551624546;33358615836;85871514365;42171443521
2020;26;PE;1,93307E+11;28538208125;1,64769E+11;8661859317;34048335567;79777759036;42281155237
2002;27;AL;11536852891;937933640;10598919245;2474313378;2168565501;3530694271;2425346094
2003;27;AL;12624030216;1115456700;11508573520;2185070817;2537174402;4059939329;2726388980
2004;27;AL;14044907468;1276780468;12768127007;2164046680;2900315986;4711689267;2992075066
2005;27;AL;15484521444;1439090372;14045431080;2279759751;3121062584;5223346433;3421262313
2006;27;AL;17395670950;1712921127;15682749825;2356543855;3397083224;5960495640;3968627097
2007;27;AL;19871265910;1909226105;17962039801;2308058602;4033313389;7111795091;4508872711
2008;27;AL;22262294595;2147558137;20114736463;3040140706;4235186260;7535560001;5303849498
2009;27;AL;24182387524;2290836644;21891550868;3344040655;3974045148;8625466815;5947998264
2010;27;AL;27133037860;2792806153;24340231700;2911125859;4708284780;10091647048;6629174010
2011;27;AL;31657320736;3127359002;28529961740;3030277679;6510252527;11548137223;7441294299
2012;27;AL;34650397469;3401469552;31248927919;2966360125;6245822589;13941950573;8094794624
2013;27;AL;37282529122;3574439703;33708089428;3494991651;5924941844;14931913960;9356241969
2014;27;AL;40974994014;3710904997;37264089016;4127595808;5945156176;17218289451;9973047590
2015;27;AL;46367210608;4106554195;42260656414;4866390544;6430147241;20327916522;10636202107
2016;27;AL;49468740909;4714082950;44754657956;6752098441;5541012703;20560758051;11900788758
2017;27;AL;52851066935;5045446563;47805620381;8493021249;6021793514;20912725006;12378080601
2018;27;AL;54413046658;5520770189;48892276472;8125048155;5869558661;21829083090;13068586577
2019;27;AL;58963728728;5931434761;53032293962;9459893055;6411652455;23729136025;13431612421
2020;27;AL;63202348928;6060837402;57141511516;12622357004;7391279855;22733527234;14394347424
2002;28;SE;10332493905;1062189810;9270304103;601192747;2978220720;3469750027;2221140605
2003;28;SE;11749573695;1191692948;10557880750;866165576;3521983964;3701329401;2468401804
2004;28;SE;13336257992;1258741181;12077516819;806033812;4056643290;4539873750;2674965966
2005;28;SE;14430118490;1490164560;12939953932;851974700;4119330799;4844757868;3123890565
2006;28;SE;16419797845;1696903165;14722894683;1044477663;4432589328;5403488958;3842338732
2007;28;SE;18218449648;1801326349;16417123297;1031969621;4991424616;6158439704;4235289352
2008;28;SE;21418377992;2070681350;19347696640;1385385193;6310651288;6680446082;4971214083
2009;28;SE;21707243228;2117886064;19589357166;1607891758;5241591066;7301374421;5438499927
2010;28;SE;26404893223;2718059430;23686833790;1511775214;6858592449;9004883838;6311582293
2011;28;SE;29108271857;3070370971;26037900886;1359470749;7732915421;10147234441;6798280283
2012;28;SE;32853180807;3494315078;29358865725;1496450133;8956934520;11623147431;7282333642
2013;28;SE;35335986073;3727323962;31608662117;1797382859;8076492543;13528257428;8206529290
2014;28;SE;37472431502;3807651699;33664779806;1761811314;8297844014;14542800019;9062324463
2015;28;SE;38556530458;4047957915;34508572550;1732538773;7849195045;15348259906;9578578820
2016;28;SE;38877438482;4125537525;34751900963;1725189808;6974076683;16188209375;9864425089
2017;28;SE;40711486162;4299330477;36412155680;1966337070;6968355124;16964188739;10513274748
2018;28;SE;42017981279;4736116226;37281865059;1420290531;7457822878;17568466651;10835284997
2019;28;SE;44689482882;4818217747;39871265137;2037646835;7863195173;18141108847;11829314276
2020;28;SE;45409656566;4721691528;40687965041;2583361937;8906254776;17160838997;12037509338
2002;29;BA;58842975944;8368251983;50474723959;6612124525;11847928358;22322715730;9691955360
2003;29;BA;67174226862;9315868990;57858357873;7611625563;14017834242;25425185909;10803712149
2004;29;BA;77931724707;11552157306;66379567393;8695861302;17166806513;28779620183;11737279408
2005;29;BA;88291882625;13369419930;74922462704;7732466235;20014166399;33157999769;14017830284
2006;29;BA;95347801942;14669452554;80678349379;7958330202;20683390171;36028130178;16008498825
2007;29;BA;1,0933E+11;15239840384;94089687149;9836861645;22418319571;44026546766;17807959152
2008;29;BA;1,21667E+11;17034698710;1,04633E+11;10248862930;25845257029;48470973908;20067662040
2009;29;BA;1,37942E+11;16805537187;1,21137E+11;10605794955;30277240319;57017261201;23236646981
2010;29;BA;1,5442E+11;19004541345;1,35415E+11;10709344117;36739895080;62199712691;25766054140
2011;29;BA;1,66603E+11;20875761754;1,45727E+11;11886321129;34633631301;70147077595;29060025131
2012;29;BA;1,82573E+11;23276635837;1,59296E+11;12779208866;35141826200;79329536739;32045322419
2013;29;BA;2,04844E+11;26582573296;1,78262E+11;13102101871;36471348021;92134231979;36554018378
2014;29;BA;2,2393E+11;27727123523;1,96203E+11;15483991943;41143347750;99338759872;40236743073
2015;29;BA;2,45044E+11;29057553075;2,15986E+11;17854430057;47768326699;1,06058E+11;44305294405
2016;29;BA;2,58739E+11;30409628464;2,28329E+11;16533810479;54109026890;1,1113E+11;46556986636
2017;29;BA;2,68724E+11;32586182265;2,36138E+11;15826853041;53019800573;1,18105E+11;49186213539
2018;29;BA;2,8624E+11;35705701804;2,50534E+11;19095907512;53968696886;1,26322E+11;51146885083
2019;29;BA;2,93241E+11;36771959788;2,56469E+11;17488117389;56013541421;1,27392E+11;55574600699
2020;29;BA;3,05321E+11;37094030606;2,68227E+11;28006935845;59491629932;1,22723E+11;58005682122
2002;31;MG;1,24071E+11;17894892081;1,06176E+11;6708709420;30290977876;50444731729;18731755303
2003;31;MG;1,44189E+11;20400218333;1,23789E+11;8190301810;37218980147;57958475412;20421118144
2004;31;MG;1,71871E+11;22737515844;1,49133E+11;10970385431;48338227675;67420124359;22404680512
2005;31;MG;1,88364E+11;26860015866;1,61504E+11;10658169753;52034505232;73116001855;25695742844
2006;31;MG;2,1266E+11;28754249360;1,83905E+11;11857908312;56111882563;87080988040;28854518892
2007;31;MG;2,40355E+11;32816509568;2,07539E+11;12428624358;64308679144;97991659695;32809765886
2008;31;MG;2,78608E+11;39239112011;2,39369E+11;14388149013;76378849468;1,1008E+11;38521558350
2009;31;MG;2,87444E+11;37096382559;2,50347E+11;14571454708;74838455811;1,19545E+11;41392160074
2010;31;MG;3,51123E+11;45949447652;3,05174E+11;17085912934;1,01271E+11;1,4077E+11;46047430671
2011;31;MG;4,00125E+11;50492605083;3,49632E+11;23795245679;1,1595E+11;1,58391E+11;51496111285
2012;31;MG;4,42283E+11;55186906899;3,87096E+11;25557441964;1,2013E+11;1,83985E+11;57423022420
2013;31;MG;4,88005E+11;59194475250;4,2881E+11;24063866415;1,3117E+11;2,08202E+11;65374557487
2014;31;MG;5,16634E+11;62480551613;4,54153E+11;25586133683;1,30897E+11;2,25778E+11;71892049500
2015;31;MG;5,19331E+11;61888199911;4,57443E+11;24438676070;1,19301E+11;2,34809E+11;78895176793
2016;31;MG;5,4481E+11;66337726253;4,78473E+11;33215807203;1,18432E+11;2,42719E+11;84106587630
2017;31;MG;5,76376E+11;71299932822;5,05076E+11;28711502201;1,28465E+11;2,5782E+11;90079527743
2018;31;MG;6,14876E+11;76091166509;5,38785E+11;28048257601;1,42819E+11;2,74659E+11;93258068845
2019;31;MG;6,51873E+11;80407704926;5,71465E+11;26402412264;1,54834E+11;2,93927E+11;96301814633
2020;31;MG;6,82786E+11;81702629619;6,01083E+11;39984391167;1,66049E+11;2,951E+11;99949915102
2002;32;ES;27048996552;4743779770;22305216780;784413923;8164182067;9766872482;3589748305
2003;32;ES;31519105782;5928371459;25590734324;939678833;9308734726;10953541587;4388779180
2004;32;ES;39732638403;8090619071;31642019334;1243588343;11598311883;13844020954;4956098156
2005;32;ES;47020587607;9860322747;37160264861;1520321853;14125266847;15665874508;5848801657
2006;32;ES;53463868453;10613904042;42849964414;1771789014;16796218924;17707715287;6574241187
2007;32;ES;60658394971;12431449710;48226945265;1784128068;18787186070;19891810714;7763820405
2008;32;ES;72091158094;15043889361;57047268734;2067706751;22249536428;23914052611;8815972948
2009;32;ES;69215360730;13289886769;55925473967;1990830981;17926728155;26366196877;9641717955
2010;32;ES;85310284545;15492357734;69817926817;2243197195;26949550399;29493029507;11132149722
2011;32;ES;1,05976E+11;19849536796;86126685395;2985713905;37166208556;33947168823;12027594098
2012;32;ES;1,16851E+11;20892275975;95958304566;3176201399;40943377524;38436318300;13402407339
2013;32;ES;1,17274E+11;19592379712;97681967228;3181360905;39529666737;40287985254;14682954328
2014;32;ES;1,28784E+11;18979612147;1,09804E+11;3725461411;42713516550;47948489394;15416701646
2015;32;ES;1,20366E+11;19876292191;1,0049E+11;3780658941;31209703055;49623438322;15875887408
2016;32;ES;1,09264E+11;17036186914;92228236179;4268658022;22591139613;48999880561;16368557988
2017;32;ES;1,134E+11;17889281462;95510655326;4487418285;21310119997;53077025257;16636091787
2018;32;ES;1,3702E+11;20758186279;1,16262E+11;4383171146;37612827160;56539190177;17726680108
2019;32;ES;1,37346E+11;22532768972;1,14813E+11;4151890137;30481764274;61227310034;18951862010
2020;32;ES;1,38446E+11;23585773687;1,1486E+11;5223319619;31468833016;59074177906;19093818133
2002;33;RJ;1,84311E+11;26363350653;1,57948E+11;964335451;43222791974;82344027486;31416409689
2003;33;RJ;2,02641E+11;27210322196;1,7543E+11;895853005;49897165336;90704853896;33932594138
2004;33;RJ;2,41207E+11;41380114124;1,99827E+11;1259498840;60686374605;1,00695E+11;37186059386
2005;33;RJ;2,6983E+11;42791156858;2,27039E+11;1225205548;74503631447;1,10283E+11;41026792220
2006;33;RJ;2,99738E+11;46111716675;2,53626E+11;1250671263;88694875975;1,18596E+11;45084820383
2007;33;RJ;3,23698E+11;50770827883;2,72927E+11;1142094715;88087477762;1,33371E+11;50326984008
2008;33;RJ;3,78286E+11;58505234456;3,19781E+11;1349515981;1,08292E+11;1,52607E+11;57532517797
2009;33;RJ;3,91651E+11;58568551196;3,33082E+11;1578377542;93162141031;1,75368E+11;62973984030
2010;33;RJ;4,49858E+11;70446093384;3,79412E+11;1534564080;1,13193E+11;1,95663E+11;69021560138
2011;33;RJ;5,12768E+11;76488065390;4,3628E+11;2135262604;1,35539E+11;2,21181E+11;77425129983
2012;33;RJ;5,74885E+11;85263648838;4,89621E+11;2366835449;1,59147E+11;2,45153E+11;82954650915
2013;33;RJ;6,28226E+11;93265623518;5,3496E+11;2442473270;1,62747E+11;2,74803E+11;94967872787
2014;33;RJ;6,71077E+11;91738016960;5,79339E+11;2841308862;1,71684E+11;3,01915E+11;1,02899E+11
2015;33;RJ;6,59139E+11;1,0274E+11;5,56399E+11;3013657572;1,31279E+11;3,11578E+11;1,10529E+11
2016;33;RJ;6,40401E+11;98268585581;5,42133E+11;3077081381;98798160628;3,21678E+11;1,1858E+11
2017;33;RJ;6,71606E+11;1,08118E+11;5,63487E+11;2926015454;1,04712E+11;3,33966E+11;1,21884E+11
2018;33;RJ;7,58859E+11;1,28426E+11;6,30433E+11;2966697024;1,49959E+11;3,51766E+11;1,25742E+11
2019;33;RJ;7,79928E+11;1,18874E+11;6,61054E+11;3031269702;1,65782E+11;3,58325E+11;1,33916E+11
2020;33;RJ;7,53824E+11;99694008692;6,5413E+11;3694432895;1,57479E+11;3,57265E+11;1,35692E+11
2002;35;SP;5,18879E+11;88097621942;4,30781E+11;14112139396;1,18211E+11;2,56295E+11;42163485696
2003;35;SP;5,91454E+11;98628640750;4,92825E+11;15683499095;1,43622E+11;2,85816E+11;47704121098
2004;35;SP;6,52956E+11;1,1353E+11;5,39425E+11;14796608485;1,65114E+11;3,08067E+11;51447376902
2005;35;SP;7,43043E+11;1,23758E+11;6,19285E+11;15586855310;1,84335E+11;3,60854E+11;58509175811
2006;35;SP;8,24529E+11;1,37692E+11;6,86837E+11;19562571868;1,884E+11;4,13598E+11;65276686560
2007;35;SP;9,35653E+11;1,53407E+11;7,82246E+11;21201862172;2,16185E+11;4,68964E+11;75894605122
2008;35;SP;1,04251E+12;1,88504E+11;8,54006E+11;18004557763;2,35842E+11;5,13151E+11;87008811874
2009;35;SP;1,12709E+12;1,87722E+11;9,39372E+11;23610343423;2,46679E+11;5,69506E+11;99575536215
2010;35;SP;1,2947E+12;2,22856E+11;1,07184E+12;22631448895;2,90102E+11;6,56454E+11;1,02652E+11
2011;35;SP;1,43667E+12;2,5184E+11;1,18483E+12;23370861707;3,0536E+11;7,43871E+11;1,12231E+11
2012;35;SP;1,55903E+12;2,72334E+11;1,2867E+12;23809337254;3,06561E+11;8,33816E+11;1,22512E+11
2013;35;SP;1,71524E+12;2,95812E+11;1,41943E+12;26457535094;3,23072E+11;9,27684E+11;1,42213E+11
2014;35;SP;1,8582E+12;3,05323E+11;1,55287E+12;27335095707;3,41739E+11;1,03287E+12;1,50926E+11
2015;35;SP;1,9399E+12;3,13898E+11;1,626E+12;26323233627;3,56653E+11;1,07899E+12;1,64042E+11
2016;35;SP;2,03876E+12;3,1345E+11;1,72531E+12;35827656845;3,69476E+11;1,15333E+12;1,66673E+11
2017;35;SP;2,12076E+12;3,3402E+11;1,78674E+12;36514604660;3,78976E+11;1,19814E+12;1,73114E+11
2018;35;SP;2,21056E+12;3,57765E+11;1,8528E+12;31617650394;3,91375E+11;1,25026E+12;1,79546E+11
2019;35;SP;2,34834E+12;3,73028E+11;1,97531E+12;33074726102;4,00872E+11;1,35478E+12;1,86586E+11
2020;35;SP;2,37764E+12;3,62789E+11;2,01485E+12;44391204963;4,16873E+11;1,35631E+12;1,97274E+11
2002;41;PR;88235714970;11882496936;76353218041;8462914918;23308010446;34972719033;9609573655
2003;41;PR;1,10039E+11;13557011888;96482402507;12452820328;28301257344;44634463224;11093861614
2004;41;PR;1,23452E+11;15745288770;1,07706E+11;12231959118;33450052400;49896436508;12127792758
2005;41;PR;1,27465E+11;16847472015;1,10617E+11;10348528250;33836920396;52481146874;13950439935
2006;41;PR;1,37648E+11;18199411582;1,19449E+11;10041830908;35491045720;58515504746;15400517719
2007;41;PR;1,65209E+11;21244261566;1,43965E+11;12808334019;41390051261;72532339778;17233904355
2008;41;PR;1,85684E+11;26258915201;1,59425E+11;16477829540;44581807414;78915761757;19449544765
2009;41;PR;1,96676E+11;25632085267;1,71044E+11;14639071111;48466186679;86647673269;21290595635
2010;41;PR;2,25205E+11;32280693609;1,92925E+11;17801329722;54221390990;97169280653;23732559707
2011;41;PR;2,57122E+11;38271155855;2,18851E+11;20734957581;62004882445;1,09155E+11;26955780168
2012;41;PR;2,8562E+11;42692943832;2,42927E+11;22230118689;64970522513;1,24768E+11;30958431081
2013;41;PR;3,33481E+11;45802534856;2,87679E+11;29915244891;74996316032;1,46779E+11;35987682146
2014;41;PR;3,48084E+11;46977486611;3,01107E+11;28599808402;75758469754;1,56146E+11;40602808470
2015;41;PR;3,76963E+11;50332271966;3,26631E+11;29397753791;83080350707;1,70341E+11;43811481398
2016;41;PR;4,01814E+11;50484607748;3,5133E+11;34670442292;90310036326;1,77295E+11;49053801962
2017;41;PR;4,21498E+11;55469453738;3,66028E+11;34454306960;92835937761;1,86216E+11;52522503283
2018;41;PR;4,40029E+11;57461290194;3,82568E+11;36364979070;93690647675;1,9952E+11;52992102770
2019;41;PR;4,66377E+11;60748249689;4,05629E+11;34337307260;1,0578E+11;2,10477E+11;55034885719
2020;41;PR;4,87931E+11;61561140578;4,26369E+11;56493860969;1,11144E+11;2,01893E+11;56838129811
2002;42;SC;54481893216;7132704773;47349188451;4854758863;14759198396;21458344746;6276886442
2003;42;SC;64098474683;8590621518;55507853161;5888997388;17292723888;25024765615;7301366278
2004;42;SC;73618965923;9422519561;64196446358;6056098884;21240360317;29051305794;7848681371
2005;42;SC;81549243683;11425596405;70123647291;5878781082;22321015731;32790057474;9133792997
2006;42;SC;91063448624;12416926228;78646522392;5792085059;25355323265;37226710670;10272403403
2007;42;SC;1,03728E+11;14227780705;89500311532;6554496565;30979327705;40271014827;11695472439
2008;42;SC;1,21477E+11;17423076279;1,04054E+11;8364734084;33991287324;47921138140;13777022031
2009;42;SC;1,29099E+11;17815932676;1,11283E+11;8584319545;34414768058;53177893133;15105621618
2010;42;SC;1,53726E+11;23256366773;1,3047E+11;8942401725;42611872268;62085765977;16829600643
2011;42;SC;1,74068E+11;27123556003;1,46945E+11;8939526524;49573572687;69597714584;18833951946
2012;42;SC;1,91795E+11;29742364896;1,62052E+11;8896852548;52362594054;80005603716;20787236933
2013;42;SC;2,14512E+11;33540617487;1,80972E+11;12115977124;55719105848;88942119705;24194421408
2014;42;SC;2,42553E+11;37721069521;2,04832E+11;12676377376;62122645355;1,03567E+11;26466111977
2015;42;SC;2,4908E+11;39409220873;2,0967E+11;12485692666;60267844596;1,08382E+11;28534686416
2016;42;SC;2,56755E+11;38841574514;2,17913E+11;15004686364;59126499132;1,12349E+11;31433150392
2017;42;SC;2,7727E+11;43322451092;2,33948E+11;14212205733;63230006319;1,22831E+11;33674358942
2018;42;SC;2,98227E+11;50319055812;2,47908E+11;13671160375;66293250066;1,32462E+11;35481400794
2019;42;SC;3,23264E+11;55372570510;2,67891E+11;15204640548;71166135078;1,43838E+11;37682742536
2020;42;SC;3,49275E+11;59990110988;2,89285E+11;19402797571;78132238752;1,53999E+11;37750478847
2002;43;RS;98847210906;14349583085;84497627809;9210447013;22444214831;42685527782;10157438181
2003;43;RS;1,19325E+11;16871282495;1,02454E+11;14081726481;27365989283;48573591942;12432808464
2004;43;RS;1,31192E+11;19530531936;1,11662E+11;12759033716;32585889650;53006277016;13310473973
2005;43;RS;1,36363E+11;21952887970;1,1441E+11;8143541035;32687548328;58790535818;14788255461
2006;43;RS;1,47623E+11;22855633778;1,24767E+11;10540411559;32988726381;64837007009;16400820538
2007;43;RS;1,6801E+11;24520217811;1,4349E+11;13035288636;36075536015;75726012802;18652696807
2008;43;RS;1,9023E+11;29109346855;1,6112E+11;15835785170;41144445431;83405243436;20735001567
2009;43;RS;2,04345E+11;29203363043;1,75142E+11;15580480565;48166085324;88972292339;22422718898
2010;43;RS;2,41249E+11;35446457089;2,05803E+11;17162698161;57499409470;1,02428E+11;28712844109
2011;43;RS;2,65056E+11;38683000844;2,26373E+11;18877243180;61446640103;1,14679E+11;31370756528
2012;43;RS;2,87587E+11;42099905454;2,45487E+11;16293754437;65393614081;1,29347E+11;34452310595
2013;43;RS;3,32293E+11;45627566085;2,86665E+11;28784075939;69445164634;1,47891E+11;40545177793
2014;43;RS;3,57816E+11;47889286236;3,09927E+11;28904542355;72455166896;1,6325E+11;45317474449
2015;43;RS;3,81993E+11;48574905799;3,33418E+11;31271499110;77437931506;1,7597E+11;48738532904
2016;43;RS;4,0879E+11;52764580210;3,56025E+11;36269541283;81763596272;1,87248E+11;50744020897
2017;43;RS;4,2327E+11;56166979636;3,67103E+11;33612228094;82102382078;1,98169E+11;53219175511
2018;43;RS;4,57294E+11;60760044033;3,96534E+11;35592662656;88973678673;2,14645E+11;57322848201
2019;43;RS;4,82464E+11;62316076148;4,20148E+11;36264071570;94640915498;2,27082E+11;62161083712
2020;43;RS;4,70942E+11;60940138440;4,10002E+11;36152317741;95234088624;2,16008E+11;62607236661
2002;50;MS;16440423926;1825763993;14614659932;3704293509;2414309643;5857580657;2638476116
2003;50;MS;21846566336;2487709178;19358857158;5603807024;3179522155;7428209376;3147318609
2004;50;MS;23372308186;2995523400;20376784782;4928541597;3868505120;7928649563;3651088504
2005;50;MS;23725258355;3331839706;20393418654;3492881141;3731937053;9079641035;4088959430
2006;50;MS;26667893812;3782241979;22885651831;3614580790;4406875197;9931655572;4932540273
2007;50;MS;30084765195;4358950022;25725815177;4288215660;4270984236;11579196544;5587418745
2008;50;MS;36219263039;5451263331;30767999700;5946530422;5305441618;12986128927;6529898750
2009;50;MS;39517741740;5366525053;34151216690;5968605716;6212919871;14736152693;7233538405
2010;50;MS;47270656394;5774643847;41496012552;7151612325;9380762956;16777300910;8186336355
2011;50;MS;55133162451;6787270186;48345892261;8475223911;10946619254;19650183665;9273865427
2012;50;MS;62013200885;7372619948;54640580938;9672427630;12318089087;22393201005;10256863217
2013;50;MS;69203201262;7956459436;61246741825;10848014821;13534624371;25054324840;11809777797
2014;50;MS;78950132709;8577514645;70372618057;12195262841;15220133122;30331933766;12625288325
2015;50;MS;83082554714;8765977682;74316577031;13644663795;16375541007;30673810277;13622561943
2016;50;MS;91892285159;9225096028;82667189133;15920945143;18678151004;32792432971;15275660017
2017;50;MS;96396433756;9955459287;86440974465;15199479164;19094159024;35431615262;16715721015
2018;50;MS;1,06969E+11;10785548161;96183593537;18296454346;21406102497;38563839105;17917197593
2019;50;MS;1,06943E+11;11802284467;95140961949;16266178181;20483615518;38821933550;19569234705
2020;50;MS;1,22628E+11;12730268897;1,09897E+11;26045011196;23313710730;40463334838;20075400418
2002;51;MT;19190652533;2476104731;16714547797;4053906412;3044815634;6566238321;3049587433
2003;51;MT;26697096887;3262108966;23434987909;6911803925;3613938812;9364127181;3545118004
2004;51;MT;33388670158;4106943752;29281726405;9243226306;5478654213;10628756489;3931089393
2005;51;MT;34257054621;4223134375;30033920250;8364458626;5198473042;11881369127;4589619468
2006;51;MT;30700164573;4467009982;26233154589;4115653615;4432619131;12375105624;5309776216
2007;51;MT;38027578413;4969382857;33058195563;6498656452;5176258584;15318360886;6064919642
2008;51;MT;49202505249;6025343263;43177161986;9832948496;6490773390;19636448487;7216991616
2009;51;MT;52693416786;6332418655;46360998142;9891748968;7129628897;21345725794;7993894478
2010;51;MT;56600955373;6826407756;49774547612;8373222532;9770833413;22575617824;9054873855
2011;51;MT;69153956735;7553524011;61600432725;13606987612;10999848540;26855697848;10137898736
2012;51;MT;79665691137;9215533725;70450157413;17431769554;11064469518;30643168187;11310750153
2013;51;MT;89212918588;10733133270;78479785311;18403528187;13826119832;33175417134;13074720159
2014;51;MT;1,01235E+11;10423118357;90811401921;19080402261;15824596355;41243642012;14662761311
2015;51;MT;1,07418E+11;9820544148;97597774485;19323226798;17124333398;44688809409;16461404866
2016;51;MT;1,2388E+11;11965235742;1,11915E+11;25083183867;18327662678;49629725275;18874487993
2017;51;MT;1,26846E+11;14528034054;1,12318E+11;22529143287;17045048654;52831420277;19912251528
2018;51;MT;1,37443E+11;14748701417;1,22694E+11;25684098881;19398439739;56343006152;21268606648
2019;51;MT;1,42122E+11;15503622934;1,26618E+11;27051018424;20585079174;56980389866;22001917567
2020;51;MT;1,7865E+11;19040711886;1,59609E+11;46004316712;27663774472;62253821963;23686938663
2002;52;GO;38629364574;4484244717;34145119868;5051406044;8737191313;14922918441;5433604075
2003;52;GO;45557889216;5501047223;40056841984;5978347937;10090205319;17765222257;6223066481
2004;52;GO;51103815346;5569127984;45534687383;6597089046;12094099774;19726898913;7116599649
2005;52;GO;53865112567;6062806613;47802305949;4949243020;13117514181;21706638015;8028910732
2006;52;GO;61375402643;7110975334;54264427317;4227251206;14737378758;26222300447;9077496916
2007;52;GO;71410567717;8122453277;63288114448;5768765835;18003282454;29247415428;10268650731
2008;52;GO;82417563800;9944062790;72473501011;7614712941;20151244249;32938241089;11769302731
2009;52;GO;92865743084;10763392310;82102350778;9127195018;22791027800;37865107446;12319020510
2010;52;GO;1,0677E+11;13524109748;93245999720;10376549294;26426091169;42117306364;14326052903
2011;52;GO;1,21297E+11;16169881053;1,05127E+11;11615992522;28318485034;48899905717;16292456515
2012;52;GO;1,38758E+11;16281342038;1,22476E+11;14076185796;31753852461;58523824008;18122620723
2013;52;GO;1,513E+11;17491889632;1,33808E+11;16443064606;34474150791;62138112013;20752958079
2014;52;GO;1,65015E+11;18454976809;1,4656E+11;15645244889;34823316823;73155671702;22936108235
2015;52;GO;1,73632E+11;19058998309;1,54573E+11;16107352630;37806900135;76120154718;24539044436
2016;52;GO;1,8176E+11;19652308568;1,62107E+11;19727710795;37192410100;79562123678;25625050386
2017;52;GO;1,91948E+11;20647120873;1,71301E+11;19423014552;37097357607;86094314437;28686493566
2018;52;GO;1,95682E+11;21791556394;1,7389E+11;19905389676;36092370052;87575964086;30316443768
2019;52;GO;2,08672E+11;23475570946;1,85197E+11;21176310751;39177869333;91287240881;33555499807
2020;52;GO;2,24126E+11;24293378912;1,99833E+11;29022562983;47124851599;89797907217;33887411346
2002;53;DF;53902199799;6926279208;46975920591;165416683;4089946543;21927573402;20792983964
2003;53;DF;58456124319;8184362560;50271761758;202741092;3626552963;23457578470;22984889233
2004;53;DF;67076505202;9052714237;58023790964;207927238;4582968259;26294290396;26938605071
2005;53;DF;75732681210;10861777419;64870903791;233067382;5404386536;29543222809;29690227064
2006;53;DF;84661405538;11310685519;73350720019;189609085;4714630368;34310022860;34136457706
2007;53;DF;93404000766;11877963964;81526036802;262024894;5237235023;38931154849;37095622036
2008;53;DF;1,103E+11;15856586864;94442970282;316058423;5726278901;45514197129;42886435828
2009;53;DF;1,24324E+11;17605560039;1,06718E+11;364899931;7660050614;48584244132;50108998365
2010;53;DF;1,44174E+11;22553878700;1,2162E+11;327804575;9184148921;58259560974;53848708424
2011;53;DF;1,54569E+11;22938023988;1,31631E+11;616419106;9376544959;62166346253;59471619649
2012;53;DF;1,64101E+11;25839513776;1,38262E+11;493362299;9705773895;67883270248;60179416257
2013;53;DF;1,75907E+11;25103790066;1,50803E+11;612235250;9690310704;73716987942;66783401570
2014;53;DF;1,97432E+11;26230292508;1,71202E+11;770067554;11346921785;85358920839;73725855841
2015;53;DF;2,15613E+11;29318811520;1,86294E+11;626694085;9996983948;92375778698;83294594587
2016;53;DF;2,3554E+11;29145619376;2,06394E+11;820754661;9662357225;1,0386E+11;92051447720
2017;53;DF;2,44722E+11;29120461647;2,15602E+11;828313642;8448768236;1,08322E+11;98002586380
2018;53;DF;2,54817E+11;28692287369;2,26125E+11;1022690641;9541298290;1,13768E+11;1,01793E+11
2019;53;DF;2,73614E+11;30686607647;2,42927E+11;992393584;9453608031;1,25262E+11;1,07219E+11
2020;53;DF;2,65847E+11;25466227775;2,40381E+11;1623976909;10942472569;1,16548E+11;1,11267E+11
