date,ibc_br_change,selic,selic_change,usd_brl_return,usd_brl_volatility,ipca_12m,pib_change_3m,unemployment,unemployment_change,target_stress,split
2012-09-30,0.0017108340597609,7.5,0.0,-0.0032397408207341,0.0156854101211425,5.24,0.0180959874114869,7.3,-0.2000000000000001,0,train
2012-10-31,0.0032682661771812,7.25,-0.25,0.0003447256968382,0.0065530265427036,5.28,0.0180959874114869,7.1,-0.2000000000000001,0,train
2012-11-30,-0.0040476518700046,7.25,0.0,0.0374636932013983,0.0180257100088998,5.45,0.0180959874114869,6.9,-0.1999999999999993,0,train
2012-12-31,0.0083105323203798,7.25,0.0,-0.0303217234506977,0.0216308460330191,5.53,0.0171204375222921,6.8,-0.1000000000000005,0,train
2013-01-31,-0.0014439390016012,7.25,0.0,-0.0270124785906532,0.0193581432226996,5.84,0.0171204375222921,6.9,0.1000000000000005,0,train
2013-02-28,-0.0043415424531703,7.25,0.0,-0.0064879545340239,0.0179051555331069,6.15,0.0171204375222921,7.2,0.2999999999999998,0,train
2013-03-31,0.0064641255237898,7.25,0.0,0.0194391009415813,0.0183866865675997,6.31,0.0003506721215662,7.8,0.5999999999999996,0,train
2013-04-30,-0.0095178493477957,7.5,0.25,-0.00600854106664,0.0203579138590882,6.59,0.0003506721215662,8.0,0.2000000000000001,0,train
2013-05-31,0.0100473370929723,8.0,0.5,0.0650447119948043,0.0280596650344199,6.49,0.0003506721215662,7.9,-0.0999999999999996,0,train
2013-06-30,0.0110690561164368,8.0,0.0,0.0392607533186359,0.047819355393096,6.5,0.0054335125029212,7.6,-0.3000000000000007,0,train
2013-07-31,0.0015576258636145,8.5,0.5,0.0337154721068784,0.0212508686648038,6.7,0.0054335125029212,7.5,-0.0999999999999996,1,train
2013-08-31,-0.0034702741723124,9.0,0.5,0.0358904946950182,0.0473131098443094,6.27,0.0054335125029212,7.4,-0.0999999999999996,0,train
2013-09-30,0.0035390589341002,9.0,0.0,-0.0600632244467861,0.0396307579106606,6.09,0.0136556453018767,7.2,-0.2000000000000001,0,train
2013-10-31,0.0030559715941054,9.5,0.5,-0.0122869955156951,0.0208494272041082,5.86,0.0136556453018767,7.0,-0.2000000000000001,0,train
2013-11-30,0.0049520018071553,10.0,0.5,0.0555252882956507,0.0426837457911413,5.84,0.0136556453018767,6.8,-0.2000000000000001,0,train
2013-12-31,-0.0005040667440032,10.0,0.0,0.0076132306765883,0.0303280008569697,5.77,0.0048154093097914,6.5,-0.2999999999999998,0,train
2014-01-31,0.0027355737714429,10.5,0.5,0.0357295312900196,0.0429678378448466,5.91,0.0048154093097914,6.2,-0.2999999999999998,0,train
2014-02-28,0.002731582069968,10.75,0.25,-0.0382887524213823,0.0264520084955293,5.59,0.0048154093097914,6.5,0.2999999999999998,0,train
2014-03-31,-0.0031271509981207,10.75,0.0,-0.0301705665552414,0.0298385135161361,5.68,0.0015974440894568,6.8,0.2999999999999998,0,train
2014-04-30,-0.0027970268711748,11.0,0.25,-0.0119310649580202,0.0331462662615963,6.15,0.0015974440894568,7.2,0.4000000000000003,0,train
2014-05-31,-0.0012270590263274,11.0,0.0,0.0013416815742395,0.017760377219816,6.28,0.0015974440894568,7.2,0.0,0,train
2014-06-30,-0.0042262301912409,11.0,0.0,-0.0163019205002231,0.0257796898026915,6.37,0.0083732057416268,7.0,-0.2000000000000001,0,train
2014-07-31,-0.0035539889732968,11.0,0.0,0.0294665153234958,0.0202502663695586,6.52,0.0083732057416268,6.9,-0.0999999999999996,0,train
2014-08-31,-0.0213578216989681,11.0,0.0,-0.0122607391726206,0.0209761910266638,6.5,0.0083732057416268,7.0,0.0999999999999996,1,train
2014-09-30,0.0076500662224441,11.0,0.0,0.0943918556885159,0.0281770634876263,6.51,-0.0146867762526124,7.0,0.0,1,train
2014-10-31,0.0087467213157754,11.25,0.25,-0.0027743778049775,0.0605687134912682,6.75,-0.0146867762526124,6.8,-0.2000000000000001,1,train
2014-11-30,0.0054884039766764,11.25,0.0,0.0474183782014565,0.0472300748838537,6.59,-0.0146867762526124,6.7,-0.0999999999999996,1,train
2014-12-31,-0.0086490207528875,11.75,0.5,0.0375375961876489,0.0413290296072184,6.56,-0.0005732958780025,6.6,-0.1000000000000005,0,train
2015-01-31,0.0018555034444793,12.25,0.5,0.0022965138167305,0.0404761437828999,6.41,-0.0005732958780025,6.6,0.0,1,train
2015-02-28,0.0040538344339222,12.25,0.0,0.081095293543177,0.0270081896953494,7.14,-0.0005732958780025,6.9,0.3000000000000007,1,train
2015-03-31,-0.0086168907773962,12.75,0.5,0.1145855048294073,0.0626040520334712,7.7,0.0052199850857568,7.5,0.5999999999999996,1,train
2015-04-30,-0.0064693855169589,13.25,0.5,-0.0668329177057357,0.0525389455750011,8.13,0.0052199850857568,8.0,0.5,1,train
2015-05-31,-0.0018201788484686,13.25,0.0,0.061865312667023,0.0446981711174027,8.17,0.0052199850857568,8.1,0.0999999999999996,1,train
2015-06-30,-0.0133040697746756,13.75,0.5,-0.0239713099282747,0.0473590105783785,8.47,-0.0079890435973521,8.2,0.0999999999999996,1,train
2015-07-31,-0.0067843482534587,14.25,0.5,0.0939212273577001,0.0447674285044464,8.89,-0.0079890435973521,8.4,0.200000000000001,1,train
2015-08-31,-0.0096054007679079,14.25,0.0,0.074454920447849,0.0503535837556088,9.56,-0.0079890435973521,8.6,0.1999999999999993,1,train
2015-09-30,-0.0116915572632079,14.25,0.0,0.0894507362821181,0.0909697675947402,9.53,-0.0234698573400828,8.8,0.200000000000001,1,train
2015-10-31,0.0050451726670162,14.25,0.0,-0.0286944045911047,0.065832910966212,9.49,-0.0234698573400828,9.0,0.1999999999999993,1,train
2015-11-30,-0.0071800295568109,14.25,0.0,-0.0021508720101584,0.0537694052145056,9.93,-0.0234698573400828,9.1,0.0999999999999996,1,train
2015-12-31,0.0036997944096479,14.25,0.0,0.0140757284579025,0.0527787402781185,10.48,-0.0164938737040526,9.1,0.0,1,train
2016-01-31,-0.0101835017511782,14.25,0.0,0.0353411186232328,0.0514949472118879,10.67,-0.0164938737040526,9.1,0.0,1,train
2016-02-29,-0.0021120010584603,14.25,0.0,-0.0156327297912337,0.0470431528816232,10.71,-0.0164938737040526,9.6,0.5,1,train
2016-03-31,-0.0047012992952508,14.25,0.0,-0.1057141421248366,0.0796635918871477,10.36,-0.0076665069477719,10.3,0.7000000000000011,1,train
2016-04-30,-0.0014342620748498,14.25,0.0,-0.0303745539352046,0.0531289453337547,9.39,-0.0076665069477719,11.0,0.6999999999999993,1,train
2016-05-31,-0.0070850396848767,14.25,0.0,0.0418163904022255,0.0426113524963109,9.28,-0.0076665069477719,11.3,0.3000000000000007,0,train
2016-06-30,-0.0005533727249109,14.25,0.0,-0.1071736530277321,0.0510324981933327,9.32,-0.0143046837276678,11.3,0.0,1,train
2016-07-31,-0.0024193416302245,14.25,0.0,0.0090971400087231,0.0375955624266634,8.84,-0.0143046837276678,11.4,0.0999999999999996,1,train
2016-08-31,0.0016847889242959,14.25,0.0,0.0004013584439641,0.0359733103114979,8.74,-0.0143046837276678,11.7,0.2999999999999989,1,train
2016-09-30,-0.0032820636609872,14.25,0.0,0.0018208190599635,0.0411879904489424,8.97,0.0026330292082543,11.9,0.200000000000001,0,train
2016-10-31,-0.002656443677884,14.0,-0.25,-0.0200542172386175,0.0227789316939716,8.48,0.0026330292082543,11.9,0.0,1,train
2016-11-30,0.0016665062438041,14.0,0.0,0.067775297852944,0.0563991697472317,7.87,0.0026330292082543,11.9,0.0,0,train
2016-12-31,-0.005293056549627,13.75,-0.25,-0.0405099066741249,0.0393639137516827,6.99,-0.0053133015756687,12.0,0.0999999999999996,0,train
2017-01-31,0.0006425999723831,13.0,-0.75,-0.0405326623914579,0.0298068489956795,6.29,-0.0053133015756687,12.1,0.0999999999999996,0,train
2017-02-28,-0.0027429344630675,12.25,-0.75,-0.0088583306683721,0.0297451617514102,5.35,-0.0053133015756687,12.7,0.5999999999999996,0,train
2017-03-31,0.0059122049995137,12.25,0.0,0.0222953570161004,0.0309324071971156,4.76,-0.0011665745686744,13.3,0.6000000000000014,0,train
2017-04-30,0.0118846591357977,11.25,-1.0,0.0094685014518367,0.034744595647406,4.57,-0.0011665745686744,13.9,0.5999999999999996,1,train
2017-05-31,0.0009117353821883,11.25,0.0,0.0141633316658329,0.0955471231806278,4.08,-0.0011665745686744,13.7,-0.200000000000001,0,train
2017-06-30,-0.0013662516190281,10.25,-1.0,0.0198846995714769,0.0242756881467204,3.6,0.0103270223752152,13.4,-0.2999999999999989,0,train
2017-07-31,-0.0023839976223529,9.25,-1.0,-0.0536545553473186,0.0182081976131826,3.0,0.0103270223752152,13.1,-0.3000000000000007,0,train
2017-08-31,0.0064042416125154,9.25,0.0,0.005238445076181,0.0190918881694802,2.71,0.0103270223752152,12.9,-0.1999999999999993,0,train
2017-09-30,0.0004942105781937,8.25,-1.0,0.0066410346032856,0.0226910328353025,2.46,0.0083962034558286,12.7,-0.200000000000001,0,train
2017-10-31,-0.002755380288315,7.5,-0.75,0.0343749999999998,0.0261498747124216,2.54,0.0083962034558286,12.5,-0.1999999999999993,0,train
2017-11-30,1.458099760021092e-05,7.5,0.0,-0.0046690469651193,0.022672256917328,2.7,0.0083962034558286,12.3,-0.1999999999999993,0,train
2017-12-31,0.0021578505218071,7.0,-0.5,0.0142261466764777,0.0272750116316995,2.8,0.0021720767467117,12.1,-0.200000000000001,0,train
2018-01-31,0.0019519376729453,7.0,0.0,-0.0440145102781136,0.0300369772972527,2.95,0.0021720767467117,11.9,-0.1999999999999993,0,train
2018-02-28,0.0133592565561466,6.75,-0.25,0.0260877814318238,0.026974499144253,2.86,0.0021720767467117,12.3,0.4000000000000003,0,train
2018-03-31,-0.0051025880837642,6.5,-0.25,0.02431507904712,0.0192394450142129,2.84,0.0054184226369657,12.7,0.3999999999999986,0,train
2018-04-30,-0.0039150354540792,6.5,0.0,0.0473253505024371,0.0333984701453326,2.68,0.0054184226369657,13.2,0.5,0,train
2018-05-31,0.0002638374241754,6.5,0.0,0.0735112464450891,0.0422010081203079,2.76,0.0054184226369657,13.0,-0.1999999999999993,0,train
2018-06-30,0.0057017009987352,6.5,0.0,0.0317902060476318,0.0568543018117981,2.86,0.0062275449101796,12.8,-0.1999999999999993,0,train
2018-07-31,-0.0307295173353954,6.5,0.0,-0.0261683697287202,0.0413427119067518,4.39,0.0062275449101796,12.6,-0.200000000000001,0,train
2018-08-31,0.0290132509406351,6.5,0.0,0.1013076247037203,0.0413154155682964,4.48,0.0062275449101796,12.4,-0.1999999999999993,0,train
2018-09-30,0.0032622270594833,6.5,0.0,-0.0317752037337073,0.0424771215854132,4.19,-0.0012497024517971,12.2,-0.200000000000001,0,train
2018-10-31,0.0076900937398671,6.5,0.0,-0.0714803067009666,0.0498392229636115,4.53,-0.0012497024517971,12.0,-0.1999999999999993,0,train
2018-11-30,-0.0053858246796771,6.5,0.0,0.0391639992468462,0.0292629001901031,4.56,-0.0012497024517971,11.8,-0.1999999999999993,0,train
2018-12-31,0.0032925716227538,6.5,0.0,0.0029767297388243,0.0356366475790959,4.05,0.0095930405767741,11.7,-0.1000000000000014,0,train
2019-01-31,0.0029455463659844,6.5,0.0,-0.0575255497057912,0.0391551084275357,3.75,0.0095930405767741,11.7,0.0,0,validation
2019-02-28,0.0028413213522167,6.5,0.0,0.0237136832881514,0.0314163376145252,3.78,0.0095930405767741,12.2,0.5,1,validation
2019-03-31,-0.0022189445789773,6.5,0.0,0.0423164370736925,0.045438839707551,3.89,-0.0024787535410764,12.5,0.3000000000000007,0,validation
2019-04-30,-0.0057088506783709,6.5,0.0,0.0124720917699592,0.0228785741745505,4.58,-0.0024787535410764,12.8,0.3000000000000007,0,validation
2019-05-31,-0.0061925892882614,6.5,0.0,-0.0011659442881403,0.036509373630619,4.94,-0.0024787535410764,12.6,-0.200000000000001,0,validation
2019-06-30,-0.0002018845621151,6.5,0.0,-0.0275331793843733,0.0276735386822063,4.66,0.0028990651993845,12.4,-0.1999999999999993,0,validation
2019-07-31,0.0138786597921567,6.5,0.0,-0.0175617138980219,0.0241633122375585,3.37,0.0028990651993845,12.1,-0.3000000000000007,0,validation
2019-08-31,-0.0052534697460796,6.0,-0.5,0.0992323833302344,0.0367996183405004,3.22,0.0028990651993845,11.9,-0.1999999999999993,0,validation
2019-09-30,-0.0021000630453709,5.5,-0.5,0.0062583061495711,0.0283509097800724,3.43,0.0058403634003894,11.9,0.0,0,validation
2019-10-31,0.0023616556341954,5.0,-0.5,-0.0384929401594466,0.029595350955799,2.89,0.0058403634003894,11.9,0.0,0,validation
2019-11-30,0.0033396158986334,5.0,0.0,0.0549187083239679,0.0257982987323728,2.54,0.0058403634003894,11.7,-0.200000000000001,0,validation
2019-12-31,0.0117155607580703,4.5,-0.5,-0.0457623106060605,0.0162909695937789,3.27,0.0002346041055718,11.3,-0.3999999999999986,0,validation
2020-01-31,-0.0016371274444122,4.5,0.0,0.0592452923809758,0.0236855473976725,4.31,0.0002346041055718,11.1,-0.200000000000001,0,validation
2020-02-29,-0.0032762539450668,4.25,-0.25,0.0536831010656986,0.0235227349812991,4.19,0.0002346041055718,11.3,0.200000000000001,1,validation
2020-03-31,6.690645749762858e-05,3.75,-0.5,0.1556005068130792,0.0845294282573711,4.01,0.0087955904773073,11.7,0.3999999999999986,1,validation
2020-04-30,0.001443566488275,3.75,0.0,0.0439148248600611,0.0678890039546524,3.3,0.0087955904773073,12.4,0.7000000000000011,1,validation
2020-05-31,-0.0662304834204602,3.0,-0.75,-0.000128984706099,0.0757707421184885,2.4,0.0087955904773073,12.7,0.2999999999999989,1,validation
2020-06-30,-0.0910734537060906,2.25,-0.75,0.0091590955162816,0.0890500632617742,1.88,-0.0229597767960938,13.1,0.4000000000000003,0,validation
2020-07-31,0.0304711615514352,2.25,0.0,-0.0497991234477721,0.0504377682348819,2.13,-0.0229597767960938,13.6,0.5,0,validation
2020-08-31,0.0455158778480762,2.0,-0.25,0.0515057751811351,0.0537455386528627,2.31,-0.0229597767960938,14.1,0.5,1,validation
2020-09-30,0.0264384162593842,2.0,0.0,0.0309615630654505,0.0496412104348477,2.44,-0.0887619727526921,14.8,0.7000000000000011,1,validation
2020-10-31,0.0191338608339664,2.0,0.0,0.0232417962309643,0.037543469125105,3.14,-0.0887619727526921,14.9,0.0999999999999996,0,validation
2020-11-30,0.0199499558544109,2.0,0.0,-0.0762500433140441,0.0650028476420818,3.92,-0.0887619727526921,14.6,-0.3000000000000007,0,validation
2020-12-31,0.0203993761922898,2.0,0.0,-0.0253202543278878,0.0334006504729255,4.31,0.0792583404060849,14.3,-0.2999999999999989,0,validation
2021-01-31,0.0021487428687818,2.0,0.0,0.0537264032943984,0.0647326198749607,4.52,0.0792583404060849,14.2,-0.1000000000000014,0,test
2021-02-28,0.0016745772410287,2.0,0.0,0.0099161781624936,0.04153000437889,4.56,0.0792583404060849,14.4,0.200000000000001,1,test
2021-03-31,0.001273949905022,2.75,0.75,0.0302159053922101,0.0657606076700365,5.2,0.0383521868005565,14.6,0.1999999999999993,0,test
2021-04-30,0.0093512706777747,2.75,0.0,-0.0515507345584751,0.0283711674544942,6.1,0.0383521868005565,14.9,0.3000000000000007,0,test
2021-05-31,-0.0343894604803974,3.5,0.75,-0.0317195943445111,0.0313350146297191,6.76,0.0383521868005565,14.8,-0.0999999999999996,0,test
2021-06-30,0.0106839180408662,4.25,0.75,-0.0439585642750658,0.0330745685538292,8.06,0.0087387124963589,14.7,-0.1000000000000014,0,test
2021-07-31,0.0070031020410197,4.25,0.0,0.0238694974211346,0.0451873895035212,8.35,0.0087387124963589,14.2,-0.5,1,test
2021-08-31,-0.0025405668160413,5.25,1.0,0.0042369572008746,0.0477943997476548,8.99,0.0087387124963589,13.7,-0.5,1,test
2021-09-30,-0.0035255309325374,6.25,1.0,0.0575700425796668,0.0287916680415797,9.68,-0.0069881605544326,13.2,-0.5,1,test
2021-10-31,0.0060770462989396,7.75,1.5,0.0374305989631209,0.0400766456556736,10.25,-0.0069881605544326,12.7,-0.5,0,test
2021-11-30,-0.0006488615083189,7.75,0.0,-0.0040935672514619,0.0329675188408045,10.67,-0.0069881605544326,12.1,-0.5999999999999996,1,test
2021-12-31,0.0054127184960401,9.25,1.5,-0.0070108009039308,0.0287313936162449,10.74,0.0015121554030474,11.6,-0.5,0,test
2022-01-31,0.0161579172142694,9.25,0.0,-0.0399784965504882,0.0337953656954607,10.06,0.0015121554030474,11.1,-0.5,1,test
2022-02-28,0.0031764828811258,10.75,1.5,-0.0406913801470862,0.0351556162531298,10.38,0.0015121554030474,11.2,0.0999999999999996,1,test
2022-03-31,-0.0196241048011731,11.75,1.0,-0.0781414172860646,0.0389353701671577,10.54,0.0133565621370499,11.2,0.0,1,test
2022-04-30,0.0109351914782536,11.75,0.0,0.0382667060661066,0.0605900064041305,11.3,0.0133565621370499,11.1,-0.0999999999999996,0,test
2022-05-31,0.0107677609314187,12.75,1.0,-0.0386656095627249,0.0441063931604191,12.13,0.0133565621370499,10.5,-0.5999999999999996,1,test
2022-06-30,-0.0009649066320981,13.25,0.5,0.1076571718581489,0.0366875090447936,11.73,0.0068767908309455,9.8,-0.6999999999999993,0,test
2022-07-31,0.0020637069337052,13.25,0.0,-0.0094692630775106,0.0457678543601963,11.89,0.0068767908309455,9.3,-0.5,1,test
2022-08-31,-0.0012213442935545,13.75,0.5,-0.0018117338678589,0.0448761411385305,10.07,0.0068767908309455,9.1,-0.200000000000001,0,test
2022-09-30,0.0191070541193387,13.75,0.0,0.0439467078586599,0.0416350099049896,8.73,0.0113830392714855,8.9,-0.1999999999999993,0,test
2022-10-31,-0.0032894775758306,13.75,0.0,-0.0276698849554248,0.05764199321847,7.17,0.0113830392714855,8.7,-0.200000000000001,0,test
2022-11-30,0.0005265143444743,13.75,0.0,0.0070572569906792,0.0647575783502493,6.47,0.0113830392714855,8.3,-0.3999999999999986,0,test
2022-12-31,0.0027567398755676,13.75,0.0,-0.0144311592149752,0.0431910044632537,5.9,0.0105796285875072,8.1,-0.200000000000001,0,test
2023-01-31,-0.007094876573164,13.75,0.0,-0.022691990723882,0.0498414863048305,5.79,0.0105796285875072,7.9,-0.1999999999999993,1,test
2023-02-28,-0.0012475263451071,13.75,0.0,0.0212774302355223,0.0465212626225843,5.77,0.0105796285875072,8.4,0.5,0,test
2023-03-31,-0.0047351680150033,13.75,0.0,-0.0244633050424363,0.0290003723651259,5.6,0.0042877826038534,8.6,0.1999999999999993,0,test
2023-04-30,0.029708208132765,13.75,0.0,-0.0156877411227461,0.0335180071689941,4.65,0.0042877826038534,8.8,0.200000000000001,0,test
2023-05-31,1.765560016253609e-05,13.75,0.0,0.0190373347731318,0.0280795050058731,4.18,0.0042877826038534,8.5,-0.3000000000000007,0,test
2023-06-30,0.0084861793043931,13.75,0.0,-0.0542985537392806,0.0286283129442348,3.94,0.013418353202107,8.3,-0.1999999999999993,0,test
2023-07-31,-0.0149614188371958,13.75,0.0,-0.0161230079681274,0.0283103086426573,3.16,0.013418353202107,8.0,-0.3000000000000007,0,test
2023-08-31,0.0003430507612594,13.25,-0.5,0.0380470315301064,0.0321047183507088,3.99,0.013418353202107,7.9,-0.0999999999999996,0,test
2023-09-30,0.0044821446351905,12.75,-0.5,0.0174119750502854,0.0313910377129077,4.61,0.00776932757017,7.8,-0.1000000000000005,0,test
2023-10-31,-0.0039940154880102,12.75,0.0,0.0099648534227974,0.034035800830647,5.19,0.00776932757017,7.7,-0.0999999999999996,0,test
2023-11-30,0.0001395285710117,12.25,-0.5,-0.0241225902125555,0.0339525835700353,4.82,0.00776932757017,7.6,-0.1000000000000005,0,test
2023-12-31,0.0032009047214272,11.75,-0.5,-0.0190862121365615,0.0293425354172386,4.68,0.0013030023345459,7.5,-0.0999999999999996,0,test
2024-01-31,0.007367667742516,11.75,0.0,0.0231755933323694,0.0232838829447305,4.62,0.0013030023345459,7.4,-0.0999999999999996,0,test
2024-02-29,0.0124978774083752,11.25,-0.5,0.00601594831937,0.0215863478482254,4.51,0.0013030023345459,7.6,0.1999999999999993,0,test
2024-03-31,-0.0038779542311204,10.75,-0.5,0.0025886460779001,0.0152170328896865,4.5,0.0038496990728187,7.8,0.2000000000000001,0,test
2024-04-30,0.0018857939377208,10.75,0.0,0.0351467115007406,0.035071562983549,3.93,0.0038496990728187,7.9,0.1000000000000005,0,test
2024-05-31,0.0001421571254682,10.5,-0.25,0.0134962682238291,0.027103239171696,3.69,0.0038496990728187,7.5,-0.4000000000000003,0,test
2024-06-30,-0.0001212175746569,10.5,0.0,0.0605349511599513,0.0309375069042834,3.93,0.0068056605811819,7.1,-0.4000000000000003,0,test
2024-07-31,0.0083783058244033,10.5,0.0,0.0185648239759663,0.0357182782359372,4.23,0.0068056605811819,6.9,-0.1999999999999993,0,test
2024-08-31,0.010475300823006,10.5,0.0,-0.0010420162130657,0.0426185619032555,4.5,0.0068056605811819,6.8,-0.1000000000000005,0,test
2024-09-30,0.0033840941200824,10.75,0.25,-0.036791485449595,0.0331448053306673,4.24,0.0167381974248927,6.6,-0.2000000000000001,0,test
2024-10-31,0.0013851780898539,10.75,0.0,0.0605348653659072,0.0229522634055656,4.42,0.0167381974248927,6.4,-0.1999999999999993,0,test
2024-11-30,0.0079985465670999,11.25,0.5,0.0476989909828831,0.0433790049551157,4.76,0.0167381974248927,6.2,-0.2000000000000001,0,test
2024-12-31,0.0019308645335325,12.25,1.0,0.0229288841166268,0.0414428485600689,4.87,0.0090227944280285,6.1,-0.1000000000000005,0,test
2025-01-31,-0.0021928671668912,13.25,1.0,-0.0584919981267058,0.0279785719705299,4.83,0.0090227944280285,6.2,0.1000000000000005,0,test
2025-02-28,-0.0057705240936672,13.25,0.0,0.0032074921527931,0.0246424457020829,4.56,0.0090227944280285,6.5,0.2999999999999998,0,test
2025-03-31,0.0067971039058525,14.25,1.0,-0.0182259608808643,0.0280924629134486,5.06,0.0009412749045651,6.8,0.2999999999999998,0,test
2025-04-30,0.0050086945646343,14.25,0.0,-0.0141757514541465,0.0600455169643748,5.48,0.0009412749045651,7.0,0.2000000000000001,0,test
2025-05-31,0.0130254492055528,14.75,0.5,0.008461701526286,0.0308475365828952,5.53,0.0009412749045651,6.6,-0.4000000000000003,0,test
2025-06-30,-0.0041695060631335,15.0,0.25,-0.0440730814371048,0.0213434493887125,5.32,0.0126952614805915,6.2,-0.3999999999999994,0,test
2025-07-31,-0.0072578659195358,15.0,0.0,0.0265708893001779,0.0221944077470551,5.35,0.0126952614805915,5.8,-0.4000000000000003,0,test
2025-08-31,0.0008954613445706,15.0,0.0,-0.0313632387854554,0.0240649633674956,5.23,0.0126952614805915,5.6,-0.2000000000000001,0,test
2025-09-30,-0.0046069078089521,15.0,0.0,-0.0198658410732713,0.0215804353471411,5.13,0.0034048699958728,5.6,0.0,0,test
2025-10-31,0.0036802589815976,15.0,0.0,0.012352874816681,0.0261259470055275,5.17,0.0034048699958728,5.6,0.0,0,test
2025-11-30,-0.0007171027065341,15.0,0.0,-0.009379120777074,0.0226067565531456,4.68,0.0034048699958728,5.4,-0.1999999999999993,0,test
2025-12-31,0.0001171807812481,15.0,0.0,0.0316097341482619,0.0310742624799671,4.46,0.0009768637532132,5.2,-0.2000000000000001,0,test
2026-01-31,0.0046707716213676,15.0,0.0,-0.0494874963652223,0.0221944395475265,4.26,0.0009768637532132,5.1,-0.1000000000000005,0,test
2026-02-28,0.0020130626169483,15.0,0.0,-0.0154107952046806,0.0232183787917943,4.44,0.0009768637532132,5.4,0.3000000000000007,0,test
2026-03-31,0.0056201536577911,14.75,-0.25,0.0135741334110108,0.0388693866305128,3.81,0.0025681853202526,5.8,0.3999999999999994,0,test
2026-04-30,0.0063519397990181,14.5,-0.25,-0.0442196421044565,0.0283079758788311,4.14,0.0025681853202526,6.1,0.2999999999999998,0,test
2026-05-31,-0.0015180209469919,14.5,0.0,0.0136912159724171,0.0302949165669284,4.39,0.0025681853202526,5.8,-0.2999999999999998,0,test
2026-06-30,0.0026509016329339,14.25,-0.25,0.0236706282505092,0.0354226825954232,4.72,0.011014908550643,5.6,-0.2000000000000001,0,test
2026-07-31,0.0002719546088281,14.25,0.0,-0.0191824749835798,0.0195713650411206,4.64,0.011014908550643,5.4,-0.1999999999999993,0,test
