date,ibc_br,selic,usd_brl,usd_brl_volatility,selic_change,usd_brl_return,ipca_12m,ipca_month,unemployment,pib_index,ibovespa,ifnc,icon,iee,ibovespa_return_1m,ibovespa_return_3m,ibovespa_volatility_3m_ann,ibovespa_drawdown,ifnc_return_1m,ifnc_return_3m,ifnc_volatility_3m_ann,ifnc_drawdown,icon_return_1m,icon_return_3m,icon_volatility_3m_ann,icon_drawdown,iee_return_1m,iee_return_3m,iee_volatility_3m_ann,iee_drawdown,ibc_br_change,pib_change_3m,unemployment_change,stress_score,target_p75,target_p80,target_p90,target_stress
2012-01-31,,10.5,1.7391,0.0336875299849215,,,,,,,63072.31,3672.12,1773.86,,0.1113264456053202,0.0811458800971367,0.2530081322760544,-0.0804002816872658,0.0588245470876067,0.0805533240936096,0.1433371047399152,-0.0134013970983342,0.0477180506417336,0.0963288009888752,0.0557341788582297,0.0,,,,,,,,-0.19575426755046713,0,0,0,0
2012-02-29,,10.5,1.7092,0.0204022295358876,0.0,-0.0171928008740153,6.22,0.56,,,65811.73,3883.16,1927.4,,0.0434330057040879,0.1571297255840791,0.1977701138716104,-0.0404593018763113,0.0574708887509123,0.165942548994292,0.0337345173949833,0.0,0.0865569999887252,0.1729552093476143,0.0996939347722241,0.0,,,,,,,,-0.3689332475690724,0,0,0,0
2012-03-31,97.326,9.75,1.8221,0.0302811695086184,-0.75,0.0660542944067399,5.84,0.45,,,64510.97,3788.57,2003.75,,-0.0197648656250184,0.1366754601607496,0.2271053588193903,-0.0594244948364623,-0.0243590271840459,0.0924019134341183,0.1650301461032038,-0.0243590271840459,0.0396129500882016,0.1835009775142198,0.086924110147,0.0,,,,,,,,-0.19352636290343733,0,0,0,0
2012-04-30,98.26784,9.0,1.8918,0.0204451799379663,-0.75,0.0382525657208714,5.24,0.21,8.0,,61820.26,3522.65,2055.24,,-0.041709340287396,-0.019851024958496,0.1531322956771143,-0.0986552786473178,-0.0701900717157133,-0.0407040074943083,0.224026519019724,-0.092839337034786,0.0256968184653774,0.1586258216544709,0.110465960688906,0.0,,,,,0.0096771674578222,,,-0.6028224394125719,0,0,0,0
2012-05-31,98.02892,8.5,2.0223,0.0455868128473217,-0.5,0.0689819219790675,5.1,0.64,7.8,,54490.41,3360.37,1895.09,,-0.1185671169936846,-0.1720258683368449,0.1797251383861398,-0.2055251236755813,-0.0460675911600642,-0.1346300435727603,0.0794183915843457,-0.1346300435727603,-0.0779227730094781,-0.0167635156168932,0.222464939533645,-0.0779227730094781,,,,,-0.0024313142529641,,-0.2000000000000001,0.031084757206263303,0,0,0,0
2012-06-30,98.47809,8.5,2.0213,0.0469617146511608,0.0,-0.0004944864757948,4.99,0.36,7.7,165.23,54354.63,3361.96,1934.4,,-0.0024918146147185,-0.1574358593584937,0.2045414773706752,-0.2075048077834332,0.0004731621815454,-0.1126044919323122,0.1244285209634908,-0.1342205832363332,0.0207430781651531,-0.034610106051154,0.2024673280724202,-0.058796053015706,,,,,0.0045820151849065,,-0.0999999999999996,-0.07866300782205186,0,0,0,0
2012-07-31,99.61673,8.0,2.0499,0.0307507665909841,-0.5,0.0141493098500964,4.92,0.08,7.6,165.23,56097.05,3641.88,1975.81,,0.0320565147808016,-0.092578225973168,0.2733296227463309,-0.1821001739404286,0.0832609549191543,0.0338466779271287,0.2269173117192004,-0.0621349622472419,0.0214071546732836,-0.0386475545435082,0.1979991197914063,-0.0386475545435082,,,,,0.0115623688477306,,-0.1000000000000005,-0.4843830747943007,0,0,0,0
2012-08-31,100.33118,7.5,2.0372,0.0153895857172908,-0.5,-0.0061954241670325,5.2,0.43,7.5,165.23,57061.45,3668.26,2040.51,,0.0171916348542391,0.0471833484093804,0.0600331558765567,-0.1680391387834667,0.0072435115929134,0.0916238390415342,0.1592376082926111,-0.0553415259736914,0.0327460636397225,0.0767351418666133,0.0233702167067642,-0.0071670461843871,,,,,0.0071719880787093,,-0.0999999999999996,-0.6521003830732005,0,0,0,0
2012-09-30,100.50283,7.5,2.0306,0.0156854101211425,0.0,-0.0032397408207341,5.24,0.41,7.3,168.22,59175.8,3652.2,2151.05,,0.037053912930709,0.0886984236669443,0.035789627935669,-0.1372117334701916,-0.0043780975176243,0.0863305928684456,0.1648897631764495,-0.0594773328938287,0.0541727313269722,0.111998552522746,0.0576412345144993,0.0,,,,,0.0017108340597609,0.0180959874114869,-0.2000000000000001,-0.47527985222920827,0,0,0,0
2012-10-31,100.8313,7.25,2.0313,0.0065530265427036,-0.25,0.0003447256968382,5.28,0.57,7.1,168.22,57068.18,3556.57,2249.42,,-0.0356162485340291,0.0173116055122328,0.1301086853799319,-0.1679410148031614,-0.026184217731778,-0.0234247147077882,0.0587874436409188,-0.0841041831910093,0.0457311545524279,0.1384799145666841,0.0373891666831873,0.0,,,,,0.0032682661771812,0.0180959874114869,-0.2000000000000001,-0.6450553828379942,0,0,0,0
2012-11-30,100.42317,7.25,2.1074,0.0180257100088998,0.0,0.0374636932013983,5.45,0.59,6.9,168.22,57474.57,3785.24,2310.74,,0.0071211312503745,0.0072399141627141,0.1265180415377192,-0.1620158135615214,0.0642950933061909,0.0318897788052099,0.1635727345410831,-0.0252165761905253,0.0272603604484711,0.1324325781299771,0.0476803137484074,0.0,,,,,-0.0040476518700046,0.0180959874114869,-0.1999999999999993,-0.2389054982872804,0,0,0,0
2012-12-31,101.25774,7.25,2.0435,0.0216308460330191,0.0,-0.0303217234506977,5.53,0.6,6.8,171.1,60952.08,4014.49,2377.83,,0.0605051938622593,0.0300170001926463,0.1668272966880959,-0.1113134179075534,0.0605641914383237,0.0991977438256392,0.177345492461447,0.0,0.0290339891117132,0.1054275818786172,0.0353018789080818,0.0,,,,,0.0083105323203798,0.0171204375222921,-0.1000000000000005,-0.5138810320192347,0,0,0,0
2013-01-31,101.11153,7.25,1.9883,0.0193581432226996,0.0,-0.0270124785906532,5.84,0.79,6.9,171.1,59761.49,4074.17,2482.02,,-0.0195332136327424,0.0471946012646626,0.1411839857521647,-0.1286723227681168,0.014866147381112,0.1455334774797065,0.0953462275569085,0.0,0.0438172619573309,0.1034044331427657,0.0314903763787331,0.0,,,,,-0.0014439390016012,0.0171204375222921,0.1000000000000005,-0.30065142687502117,0,0,0,0
2013-02-28,100.67255,7.25,1.9754,0.0179051555331069,0.0,-0.0064879545340239,6.15,0.86,7.2,171.1,57424.29,4116.27,2435.74,,-0.0391087973208164,-0.0008748216820064,0.1828239447692048,-0.1627489002969963,0.0103333930591997,0.0874528431486512,0.0962495734868666,0.0,-0.0186461027711301,0.0540952249063071,0.1130805752654726,-0.0186461027711301,,,,,-0.0043415424531703,0.0171204375222921,0.2999999999999998,-0.09843692117136926,0,0,0,0
2013-03-31,101.32331,7.25,2.0138,0.0183866865675997,0.0,0.0194391009415813,6.31,0.6,7.8,171.16,56352.09,4288.0,2364.45,,-0.0186715412589342,-0.0754689585654829,0.0400406641140605,-0.178381668749189,0.041719809439128,0.0681306965517414,0.0587668641471224,0.0,-0.0292683127098951,-0.0056269792205498,0.1367918455290565,-0.0473686755142989,,,,,0.0064641255237898,0.0003506721215662,0.5999999999999996,0.15133786172289249,0,0,0,0
2013-04-30,100.35893,7.5,2.0017,0.0203579138590882,0.25,-0.00600854106664,6.59,0.47,8.0,171.16,55910.37,4164.96,2423.25,,-0.0078385735116478,-0.0644414990322362,0.0550065727459578,-0.1848219844372158,-0.0286940298507462,0.0222842934879987,0.1221994732861499,-0.0286940298507462,0.0248683626213284,-0.023678294292552,0.099369207084418,-0.023678294292552,,,,,-0.0095178493477957,0.0003506721215662,0.2000000000000001,0.17242153512671443,0,0,0,0
2013-05-31,101.36727,8.0,2.1319,0.0280596650344199,0.5,0.0650447119948043,6.49,0.55,7.9,171.16,53506.08,4305.28,2434.06,,-0.0430025771605517,-0.0682326242083272,0.0623836461082497,-0.2198767399510399,0.0336905996696246,0.0459177847905991,0.1335246716787339,0.0,0.0044609512018982,-0.0006897287887869,0.0947090840499643,-0.019322970806037,,,,,0.0100473370929723,0.0003506721215662,-0.0999999999999996,0.1990356876306478,0,0,0,0
2013-06-30,102.48931,8.0,2.2156,0.047819355393096,0.0,0.0392607533186359,6.5,0.37,7.6,172.09,47457.13,3850.32,2304.13,,-0.1130516382437286,-0.1578461419975727,0.1855433485823289,-0.3080709525316133,-0.1056748922253604,-0.102070895522388,0.2418290119214994,-0.1056748922253604,-0.0533799495493125,-0.0255112182537163,0.1406046272219189,-0.0716714611485805,,,,,0.0110690561164368,0.0054335125029212,-0.3000000000000007,-0.0170344641884092,0,0,0,0
2013-07-31,102.64895,8.5,2.2903,0.0212508686648038,0.5,0.0337154721068784,6.7,0.26,7.5,172.09,48234.49,3862.18,2334.85,,0.0163802572974809,-0.1372890216966906,0.2244362161964747,-0.2967369767024802,0.0030802634586215,-0.0726969766816488,0.2537219616112446,-0.1029201352757543,0.0133325810609643,-0.0364799339729702,0.1254977079989497,-0.0592944456531373,,,,,0.0015576258636145,0.0054335125029212,-0.0999999999999996,0.09993179065035374,1,0,0,1
2013-08-31,102.29273,9.0,2.3725,0.0473131098443094,0.5,0.0358904946950182,6.27,0.03,7.4,172.09,50011.75,3889.09,2334.17,,0.0368462484002629,-0.0653071576164802,0.2815700580514366,-0.2708243726553399,0.0069675675395761,-0.0966696707298944,0.2214999718409026,-0.0966696707298944,-0.0002912392659056,-0.0410384296196477,0.1221030825186774,-0.0595684160482187,,,,,-0.0034702741723124,0.0054335125029212,-0.0999999999999996,0.37685098011458557,0,0,0,0
2013-09-30,102.65475,9.0,2.23,0.0396307579106606,0.0,-0.0600632244467861,6.09,0.24,7.2,174.44,52338.19,4213.61,2414.62,,0.0465178683009492,0.1028519845173949,0.0533042703790018,-0.2369046768542588,0.0834436847694446,0.0943531966174238,0.1569839936067065,-0.021292459491601,0.0344662128293997,0.0479530234839178,0.0606682676228704,-0.0271553009242472,,,,,0.0035390589341002,0.0136556453018767,-0.2000000000000001,-0.38330524824996787,0,0,0,0
2013-10-31,102.96846,9.5,2.2026,0.0208494272041082,0.5,-0.0122869955156951,5.86,0.35,7.0,174.44,54256.2,4544.0,2414.29,,0.0366464717255219,0.1248424104826235,0.0195460795338842,-0.2089399256707204,0.0784101993302655,0.1765376031153389,0.1481754508641902,0.0,-0.0001366674673447,0.034023598946399,0.0693608490926862,-0.0272882571453896,,,,,0.0030559715941054,0.0136556453018767,-0.2000000000000001,-0.23646710545820504,0,0,0,0
2013-11-30,103.47836,10.0,2.3249,0.0426837457911413,0.5,0.0555252882956507,5.84,0.57,6.8,174.44,52482.49,4323.47,2437.34,,-0.0326913790497676,0.0494031902502911,0.1495278361132315,-0.2348007704117561,-0.0485321302816901,0.1116919382169094,0.2590648829208163,-0.0485321302816901,0.0095473203302007,0.0441998654768076,0.0618399571131881,-0.0180014665474088,,,,,0.0049520018071553,0.0136556453018767,-0.2000000000000001,0.17095795769073835,0,0,0,0
2013-12-31,103.4262,10.0,2.3426,0.0303280008569697,0.0,0.0076132306765883,5.77,0.54,6.5,175.28,51507.16,4132.34,2395.54,,-0.0185839124629947,-0.0158780806137927,0.1269421403730406,-0.249021165911175,-0.0442075462533566,-0.0192874993176871,0.2496724598602672,-0.090594190140845,-0.0171498436820468,-0.0079018644755696,0.0468180809276152,-0.0348425878921201,,,,,-0.0005040667440032,0.0048154093097914,-0.2999999999999998,-0.19453094169882834,0,0,0,0
2014-01-31,103.70913,10.5,2.4263,0.0429678378448466,0.5,0.0357295312900196,5.91,0.92,6.2,175.28,47638.99,3824.38,2194.02,,-0.0750996560478194,-0.1219622826515679,0.1018971230642559,-0.3054194180504384,-0.0745243614997798,-0.1583670774647887,0.0568050595880067,-0.1583670774647887,-0.0841229952328076,-0.0912359327172791,0.1671662024011528,-0.1160345202697802,,,,,0.0027355737714429,0.0048154093097914,-0.2999999999999998,0.15490369497145418,0,0,0,0
2014-02-28,103.99242,10.75,2.3334,0.0264520084955293,0.25,-0.0382887524213823,5.59,0.55,6.5,175.28,47094.4,3970.86,2228.6,,-0.0114316025591642,-0.1026645267783596,0.1208205764341517,-0.3133595872085987,0.0383016332059051,-0.0815571751394135,0.2022700129186414,-0.1261311619718309,0.0157610231447298,-0.0856425447413985,0.1763255245911676,-0.1021023198846101,,,,,0.002731582069968,0.0048154093097914,0.2999999999999998,-0.06469874547702438,0,0,0,0
2014-03-31,103.66722,10.75,2.263,0.0298385135161361,0.0,-0.0301705665552414,5.68,0.69,6.8,175.56,50414.92,4412.12,2336.63,,0.0705077461439152,-0.0212055954939081,0.2528604100049854,-0.2649461192913495,0.1111245422905868,0.0677049807131067,0.3240320868292148,-0.0290228873239436,0.0484743785336085,-0.024591532598078,0.2392866242722062,-0.0585772878542476,,,,,-0.0031271509981207,0.0015974440894568,0.2999999999999998,0.006144710098619035,0,0,0,0
2014-04-30,103.37726,11.0,2.236,0.0331462662615963,0.25,-0.0119310649580202,6.15,0.92,7.2,175.56,51626.69,4690.04,2371.14,,0.0240359401542242,0.0837066444943523,0.1423490934565747,-0.247278408204506,0.0629901271950899,0.2263530297721461,0.1282935675674773,0.0,0.0147691333244885,0.0807285257199112,0.066440816082006,-0.0446732903038654,,,,,-0.0027970268711748,0.0015974440894568,0.4000000000000003,0.253439269212414,0,0,0,0
2014-05-31,103.25041,11.0,2.239,0.017760377219816,0.0,0.0013416815742395,6.28,0.67,7.2,175.56,51239.34,4585.59,2420.37,,-0.007502902084174,0.0880134368417475,0.1359410795797113,-0.2529260046043913,-0.0222705989714373,0.1548102929843913,0.234011012797879,-0.0222705989714373,0.0207621650345404,0.0860495378264381,0.062288470212432,-0.0248386394952498,,,,,-0.0012270590263274,0.0015974440894568,0.0,-0.1255179194475204,0,0,0,0
2014-06-30,102.81405,11.0,2.2025,0.0257796898026915,0.0,-0.0163019205002231,6.37,0.46,7.0,177.03,53168.22,4831.41,2529.48,,0.0376445129855302,0.0546128011310937,0.0802269395118582,-0.2248027678835692,0.0536070603782719,0.0950314134701686,0.1619558739763578,0.0,0.045079884480472,0.0825333921074367,0.0556059267303166,0.0,,,,,-0.0042262301912409,0.0083732057416268,-0.2000000000000001,-0.21864249073426764,0,0,0,0
2014-07-31,102.44865,11.0,2.2674,0.0202502663695586,0.0,0.0294665153234958,6.52,0.4,6.9,177.03,55829.41,5063.83,2554.95,,0.0500522680653969,0.081405954943073,0.1049270135336384,-0.1860023882181238,0.0481060394377625,0.0796986806082677,0.1465643316332983,0.0,0.0100692632477821,0.0775196740808219,0.0621519625880176,0.0,,,,,-0.0035539889732968,0.0083732057416268,-0.0999999999999996,-0.06554955675637626,0,0,0,0
2014-08-31,100.26057,11.0,2.2396,0.0209761910266638,0.0,-0.0122607391726206,6.5,0.01,7.0,177.03,61288.15,5743.63,2779.68,,0.0977753481543151,0.1961151334111641,0.1099741978592323,-0.1064134883293699,0.1342462128467978,0.2525389317405175,0.1670512712742334,0.0,0.0879586684670932,0.1484525093270863,0.1351376569331304,0.0,,,,,-0.0213578216989681,0.0083732057416268,0.0999999999999996,0.09302699670856882,1,0,0,1
2014-09-30,101.02757,11.0,2.451,0.0281770634876263,0.0,0.0943918556885159,6.51,0.25,7.0,174.43,54115.98,4972.47,2605.52,,-0.1170237639739492,0.0178256860959422,0.3907187004131657,-0.2109843453614184,-0.1342635232422701,0.0291964457580706,0.4749237101717832,-0.1342635232422701,-0.0626546940655039,0.0300615146196054,0.2609211313255338,-0.0626546940655039,,,,,0.0076500662224441,-0.0146867762526124,0.0,0.32233159112879506,1,0,0,1
2014-10-31,101.91123,11.25,2.4442,0.0605687134912682,0.25,-0.0027743778049775,6.75,0.57,6.8,174.43,54628.6,5159.59,2760.08,,0.0094726178847726,-0.0215085561534682,0.3739983031177916,-0.2035103015599234,0.0376311973727343,0.0189105874407315,0.4711257466218225,-0.1016848230126243,0.0593202124719824,0.080287285465469,0.2770646998806884,-0.0070511713578541,,,,,0.0087467213157754,-0.0146867762526124,-0.2000000000000001,0.281276794857731,1,0,0,1
2014-11-30,102.47056,11.25,2.5601,0.0472300748838537,0.0,0.0474183782014565,6.59,0.42,6.7,174.43,54724.0,5419.44,2834.92,,0.0017463379987772,-0.1071030859962325,0.245631297463642,-0.2021193613339028,0.0503625288055833,-0.056443399035105,0.3572020740985142,-0.056443399035105,0.0271151560824325,0.0198727911126461,0.2189688081780855,0.0,,,,,0.0054884039766764,-0.0146867762526124,-0.0999999999999996,0.3198846530946459,1,1,0,1
2014-12-31,101.58429,11.75,2.6562,0.0413290296072184,0.5,0.0375375961876489,6.56,0.51,6.6,174.33,50007.41,4938.59,2673.54,,-0.0861886923470506,-0.0759215669752261,0.1840834117353734,-0.2708876502295634,-0.0887268795299882,-0.0068135152147725,0.2663618362669352,-0.1401622318986425,-0.0569257686283917,0.0261061131751052,0.2079094553179006,-0.0569257686283917,,,,,-0.0086490207528875,-0.0005732958780025,-0.1000000000000005,0.44835102335436805,0,0,0,0
2015-01-31,101.77278,12.25,2.6623,0.0404761437828999,0.5,0.0022965138167305,6.41,0.78,6.6,174.33,46907.68,4672.08,2603.85,24635.26,-0.0619854137616805,-0.1413347587161303,0.1573537698223928,-0.3160819809088351,-0.0539647956198025,-0.0944861897941503,0.250752693348159,-0.1865632013204193,-0.0260665634327521,-0.0566034317845859,0.1472648149569256,-0.0815084729022336,,,,0.0,0.0018555034444793,-0.0005732958780025,0.0,0.2420541106729742,1,1,0,1
2015-02-28,102.18535,12.25,2.8782,0.0270081896953494,0.0,0.081095293543177,7.14,1.24,6.9,174.33,51583.09,5240.87,2691.98,26521.88,0.0996725909275411,-0.0573954754769389,0.3500386429949111,-0.2479140999639871,0.1217423503022208,-0.0329498988825412,0.3908419125733709,-0.0875334936268527,0.0338460356779384,-0.0504211759061984,0.1598832732622871,-0.0504211759061984,0.0765821022388235,,,0.0,0.0040538344339222,-0.0005732958780025,0.3000000000000007,0.3808241269271699,1,1,1,1
2015-03-31,101.30483,12.75,3.208,0.0626040520334712,0.5,0.1145855048294073,7.7,1.22,7.5,175.24,51150.16,5209.79,2718.59,27504.07,-0.0083928667321013,0.0228516133908953,0.2852494161831221,-0.254226256694082,-0.0059303130968713,0.0549144593902308,0.3145810598835438,-0.0929447057000538,0.0098849174213775,0.01685031830457,0.1044620859059214,-0.0410346676449423,0.037033196741709,,,0.0,-0.0086168907773962,0.0052199850857568,0.5999999999999996,1.2613867600537174,1,1,0,1
2015-04-30,100.64945,13.25,2.9936,0.0525389455750011,0.5,-0.0668329177057357,8.13,1.32,8.0,175.24,56229.38,5680.84,2861.68,29453.36,0.09930017814216,0.1987243879893441,0.2157594667436881,-0.1801707911300587,0.0904163123657575,0.2159123987602953,0.2304964289105179,-0.0109321108776156,0.0526339021330908,0.0990187606812988,0.0742239153901736,0.0,0.0708727835553066,0.1955773959763365,0.0740517370703032,0.0,-0.0064693855169589,0.0052199850857568,0.5,0.509667139215412,1,1,0,1
2015-05-31,100.46625,13.25,3.1788,0.0446981711174027,0.0,0.061865312667023,8.17,0.71,8.1,175.24,52760.47,5172.88,2793.34,30202.54,-0.0616921260735935,0.0228249218881615,0.2841025342278349,-0.2307477980424775,-0.0894163539194907,-0.0129730369194427,0.3117447003993289,-0.0993709553017865,-0.0238810768499621,0.0376525828572278,0.1328319244142119,-0.0238810768499621,0.0254361471832076,0.1387782464893137,0.0817813807536618,0.0,-0.0018201788484686,0.0052199850857568,0.0999999999999996,0.46752793760685574,1,1,1,1
2015-06-30,99.12964,13.75,3.1026,0.0473590105783785,0.5,-0.0239713099282747,8.47,0.74,8.2,173.84,53080.88,5366.72,2847.94,30253.31,0.0060729178492913,0.0377461184872147,0.2800069472576797,-0.2260761926146031,0.0374723558249949,0.0301221354411598,0.3201362055690422,-0.0656222632725297,0.0195464927291342,0.0475798115935097,0.1329306019650051,-0.0048013754158395,0.0016809844470033,0.0999575699160162,0.1217891681987992,0.0,-0.0133040697746756,-0.0079890435973521,0.0999999999999996,0.6140661669109845,1,1,1,1
2015-07-31,98.45711,14.25,3.394,0.0447674285044464,0.5,0.0939212273577001,8.89,0.79,8.4,173.84,50864.77,5147.23,2826.25,29605.9,-0.0417496846322065,-0.0954058180972295,0.1206383310280524,-0.2583872675023,-0.0408983513207323,-0.0939315312524204,0.2217958925467958,-0.1038367722154806,-0.0076160312366131,-0.0123808392273069,0.0760040553726097,-0.0123808392273069,-0.0213996418904245,0.0051790356006922,0.0811247706548533,-0.0213996418904245,-0.0067843482534587,-0.0079890435973521,0.200000000000001,0.9889851685085363,1,1,1,1
2015-08-31,97.51139,14.25,3.6467,0.0503535837556088,0.0,0.074454920447849,9.56,0.62,8.6,173.84,46625.52,4592.7,2656.04,25839.78,-0.083343540135933,-0.1162792901579535,0.1549990521415637,-0.320195898038541,-0.1077336742286627,-0.112158024156756,0.2517686211213482,-0.2003837294533248,-0.0602246793454224,-0.0491526273206985,0.1404913695440031,-0.0718598865002375,-0.1272084280498144,-0.1444501025410446,0.2380785382785535,-0.1458858551345291,-0.0096054007679079,-0.0079890435973521,0.1999999999999993,0.8803943530994323,1,1,1,1
2015-09-30,96.37133,14.25,3.9729,0.0909697675947402,0.0,0.0894507362821181,9.53,0.22,8.8,169.76,45059.34,4388.61,2661.64,25775.84,-0.0335906173271632,-0.1511191977224191,0.0924334628039917,-0.3430309374849642,-0.0444379123391469,-0.1822547105121937,0.1302754186605036,-0.2359170071888335,0.0021084019818977,-0.0654157039825278,0.1161692513965386,-0.0699029940454558,-0.0024744792718822,-0.1479993428818202,0.2328614136622793,-0.1479993428818202,-0.0116915572632079,-0.0234698573400828,0.200000000000001,1.4423748620424843,1,1,1,1
2015-10-31,96.85754,14.25,3.8589,0.065832910966212,0.0,-0.0286944045911047,9.49,0.54,9.0,169.76,45868.81,4458.5,2621.57,26711.21,0.0179645329913842,-0.0982204382325919,0.1754799848025594,-0.3312287950870941,0.0159253157605712,-0.1338059499964057,0.2142037281886121,-0.2237487442610335,-0.0150546279737303,-0.0724210526315789,0.1115375825983097,-0.0839052584495819,0.0362886330765552,-0.0977740923261918,0.2959473799635106,-0.1170814036546745,0.0050451726670162,-0.0234698573400828,0.1999999999999993,0.6220587419076047,1,1,1,1
2015-11-30,96.1621,14.25,3.8506,0.0537694052145056,0.0,-0.0021508720101584,9.93,0.82,9.1,169.76,45120.36,4530.01,2519.29,25242.99,-0.0163171880848881,-0.0322818919767542,0.0909014992407409,-0.3421412606234153,0.0160390265784458,-0.0136499227034205,0.1208403275203357,-0.2112984297386844,-0.0390147888479042,-0.0514864233972379,0.07155104094838,-0.1196465013558468,-0.0549664354404011,-0.0230957848712333,0.158653533659794,-0.1656122916798195,-0.0071800295568109,-0.0234698573400828,0.0999999999999996,0.7171552885917815,1,1,0,1
2015-12-31,96.51788,14.25,3.9048,0.0527787402781185,0.0,0.0140757284579025,10.48,1.01,9.1,166.96,43349.96,4325.09,2494.91,24803.21,-0.0392372755891132,-0.0379361970237468,0.0997257611255237,-0.3679538452790409,-0.0452361032315602,-0.0144738311219269,0.1224367072124557,-0.2469762153899188,-0.0096773297238508,-0.0626418298492659,0.054105289084154,-0.128165972435772,-0.0174218664270755,-0.0377341727757466,0.1588829754842242,-0.1801488828825672,0.0036997944096479,-0.0164938737040526,0.0,0.5742489278513743,1,1,1,1
2016-01-31,95.53499,14.25,4.0428,0.0514949472118879,0.0,0.0353411186232328,10.67,0.96,9.1,166.96,40405.99,4151.54,2376.64,24033.84,-0.0679117120292613,-0.1190966148892896,0.0895494122527656,-0.4108771817276527,-0.0401263326312285,-0.0688482673544914,0.1177735018072649,-0.2771922982504096,-0.0474045155937489,-0.0934287468959441,0.0686209090057435,-0.1694948421906013,-0.0310189689157168,-0.1002339467212454,0.0658476576870255,-0.2055798191999487,-0.0101835017511782,-0.0164938737040526,0.0,0.8013644934140836,1,1,1,1
2016-02-29,95.33322,14.25,3.9796,0.0470431528816232,0.0,-0.0156327297912337,10.71,1.27,9.6,166.96,42793.86,4369.01,2489.89,24618.12,0.0590969309253406,-0.0515620886003569,0.2307510990706518,-0.3760618312296698,0.0523829711384209,-0.0355407603956724,0.1903342571393036,-0.2393294832710324,0.0476513060455097,-0.0116699546300743,0.165804235533067,-0.1299201867434514,0.0243107218821461,-0.0247541990865584,0.0998785743476619,-0.1862668911269545,-0.0021120010584603,-0.0164938737040526,0.5,0.7373839547302768,1,1,1,1
2016-03-31,94.88503,14.25,3.5589,0.0796635918871477,0.0,-0.1057141421248366,10.36,0.9,10.3,165.68,50055.27,5388.76,2668.88,27859.68,0.169683454589046,0.1546785740978769,0.4118544349684098,-0.2701898473027569,0.2334052794569021,0.2459301424941447,0.4819680284094127,-0.0617849687392816,0.0718867098546522,0.0697299702193667,0.218418682782806,-0.0673730116574877,0.1316737427553362,0.1232288078841408,0.2865557934004636,-0.0791196070777049,-0.0047012992952508,-0.0076665069477719,0.7000000000000011,0.7681951700231634,1,1,1,1
2016-04-30,94.74894,14.25,3.4508,0.0531289453337547,0.0,-0.0303745539352046,9.39,0.43,11.0,165.68,53910.5,5775.08,2686.94,28667.19,0.077019462685947,0.3342204955255397,0.2056074500408521,-0.2139802614792664,0.0716899620691957,0.3910693381251295,0.3443651546993654,0.0,0.006766883486706,0.130562474754275,0.1140130044508122,-0.0610620334908165,0.0289848986061576,0.1927844239622131,0.2102078252195129,-0.0524279822604535,-0.0014342620748498,-0.0076665069477719,0.6999999999999993,0.6843028254871274,1,1,1,1
2016-05-31,94.07764,14.25,3.5951,0.0426113524963109,0.0,0.0418163904022255,9.28,0.61,11.3,165.68,48471.7,5170.19,2620.75,27039.62,-0.1008857272701978,0.1326788469186934,0.4763287817899105,-0.2932784344486613,-0.1047414061796546,0.1833779277227563,0.5858720894307161,-0.1047414061796546,-0.024633970241241,0.0525565386422695,0.1705452848202444,-0.084191803416175,-0.0567746612067663,0.0983625069664133,0.3268409453170289,-0.1062260625366282,-0.0070850396848767,-0.0076665069477719,0.3000000000000007,0.6987776105100165,0,0,0,0
2016-06-30,94.02558,14.25,3.2098,0.0510324981933327,0.0,-0.1071736530277321,9.32,0.78,11.3,163.31,51526.92,5536.21,2758.47,30786.94,0.063031005720864,0.0294005006865412,0.3426795263684687,-0.248733063407337,0.0707943034975504,0.0273625101136438,0.3519704967133426,-0.0413621975799469,0.0525498426023083,0.0335683882377626,0.1344576805191349,-0.0360662268317911,0.1385862671147006,0.105071558610867,0.3392139572390183,0.0,-0.0005533727249109,-0.0143046837276678,0.0,0.10898580946553013,1,1,0,1
2016-07-31,93.7981,14.25,3.239,0.0375955624266634,0.0,0.0090971400087231,8.84,0.35,11.4,163.31,57308.2,6116.24,3036.63,36797.87,0.1121992154780453,0.0630248281874588,0.3865007141809994,-0.1644415025070458,0.1047702308980331,0.0590745063271851,0.3895183566549227,0.0,0.1008385083035161,0.1301443277482936,0.2192372188860075,0.0,0.1952428529759697,0.283623194320755,0.4580146034591611,0.0,-0.0024193416302245,-0.0143046837276678,0.0999999999999996,0.4183708221483207,1,1,0,1
2016-08-31,93.95613,14.25,3.2403,0.0359733103114979,0.0,0.0004013584439641,8.74,0.52,11.7,163.31,57901.1,6220.22,3049.37,37048.17,0.0103458143860739,0.1945341302244403,0.1764503190743025,-0.1557969693832769,0.0170006409166416,0.2030931165005542,0.1533076821434152,0.0,0.0041954403401138,0.1635486024992845,0.1673907168197561,0.0,0.006802024138897,0.3701438851581493,0.3349238761001188,0.0,0.0016847889242959,-0.0143046837276678,0.2999999999999989,0.416982002571049,1,0,0,1
2016-09-30,93.64776,14.25,3.2462,0.0411879904489424,0.0,0.0018208190599635,8.97,0.44,11.9,163.74,58367.04,6143.07,3115.7,36307.19,0.0080471700883058,0.132748474001551,0.2060439158940443,-0.1490035240068409,-0.0124030982826974,0.10961650659928,0.2111760870728516,-0.0124030982826974,0.0217520340267005,0.1295029490985946,0.1783411729286991,0.0,-0.0200004480653159,0.179304926049812,0.4063446742168772,-0.0200004480653159,-0.0032820636609872,0.0026330292082543,0.200000000000001,0.3638653516737626,0,0,0,0
2016-10-31,93.39899,14.0,3.1811,0.0227789316939716,-0.25,-0.0200542172386175,8.48,0.08,11.9,163.74,64924.51,7009.21,3128.43,38503.88,0.1123488530513112,0.1329008763143844,0.2063431352454683,-0.0533950459783018,0.140994649255177,0.1459998299608911,0.2820282359355286,0.0,0.0040857592194369,0.0302308809436775,0.0352233807971318,0.0,0.0605028921268762,0.0463616508238111,0.1420066443587745,0.0,-0.002656443677884,0.0026330292082543,0.0,-0.09373073484450949,1,1,0,1
2016-11-30,93.55464,14.0,3.3967,0.0563991697472317,0.0,0.067775297852944,7.87,0.26,11.9,163.74,61906.35,6465.92,2871.78,34789.92,-0.0464872203117128,0.0691739880589488,0.2795773202768811,-0.0974000790240673,-0.0775108749773512,0.0395002106034834,0.38862464063913,-0.0775108749773512,-0.0820379551404377,-0.0582382590502299,0.1923629553319544,-0.0820379551404377,-0.0964567726681051,-0.060954427708575,0.2718922349991618,-0.0964567726681051,0.0016665062438041,0.0026330292082543,0.0,0.5098223114916365,0,0,0,0
2016-12-31,93.05945,13.75,3.2591,0.0393639137516827,-0.25,-0.0405099066741249,6.99,0.18,12.0,162.87,60227.28,6367.49,2824.88,36108.16,-0.027122742658871,0.0318714123587557,0.3001872988855321,-0.1218810644046148,-0.015222891715332,0.0365322224881043,0.3899445526888517,-0.0915538270361424,-0.0163313345729826,-0.0933401803768012,0.1558942710972105,-0.0970295004203385,0.0378914352203167,-0.0054818343143603,0.293928750954447,-0.0622202230009025,-0.005293056549627,-0.0053133015756687,0.0999999999999996,0.036221467791730536,0,0,0,0
2017-01-31,93.11925,13.0,3.127,0.0298068489956795,-0.75,-0.0405326623914579,6.29,0.3,12.1,162.87,64670.78,6927.44,2917.73,38661.59,0.0737788590153831,-0.0039080772423234,0.2236964284556576,-0.0570944512565847,0.0879388895781541,-0.0116660793441771,0.2894676858302732,-0.0116660793441771,0.0328686528277306,-0.0673500765559721,0.1997074225029015,-0.0673500765559721,0.0707161483720022,0.0040959508496285,0.306834444889758,0.0,0.0006425999723831,-0.0053133015756687,0.0999999999999996,-0.3264569955940148,0,0,0,0
2017-02-28,92.86383,12.25,3.0993,0.0297451617514102,-0.75,-0.0088583306683721,5.35,0.38,12.7,162.87,66662.1,7328.03,2944.12,40518.88,0.0307916496445537,0.0768216830745152,0.1754030229260393,-0.0280608339517718,0.05782655641911,0.1333313743442541,0.183767938447777,0.0,0.0090447025598667,0.0251899518765363,0.0852310111070348,-0.0589145354059383,0.0480396693462426,0.1646729857383977,0.0582180582013981,0.0,-0.0027429344630675,-0.0053133015756687,0.5999999999999996,-0.0014407659172652662,0,0,0,0
2017-03-31,93.41286,12.25,3.1684,0.0309324071971156,0.0,0.0222953570161004,4.76,0.33,13.3,162.68,64984.06,7178.88,2951.58,39971.64,-0.025172324304215,0.078980488575941,0.1718790460177079,-0.0525268018435061,-0.020353355540302,0.1274269767208116,0.1936288284066118,-0.020353355540302,0.0025338641087999,0.0448514627170002,0.0553203584645598,-0.0565299527238902,-0.0135058027270249,0.1069974210815505,0.1509662537168749,-0.0135058027270249,0.0059122049995137,-0.0011665745686744,0.6000000000000014,0.20012135412438878,0,0,0,0
2017-04-30,94.52304,11.25,3.1984,0.034744595647406,-1.0,0.0094685014518367,4.57,0.25,13.9,162.68,65403.24,7286.25,3145.8,39201.52,0.0064505049392111,0.0113259806051511,0.097205566044993,-0.0464151212990273,0.0149563720246055,0.0517954684558799,0.1356224775227789,-0.0057013958731063,0.0658020450064034,0.0781669311416752,0.1205541343382398,0.0,-0.0192666600619839,0.0139655404757021,0.1292375687512245,-0.0325122510790032,0.0118846591357977,-0.0011665745686744,0.5999999999999996,-0.21883358387180768,1,1,0,1
2017-05-31,94.60922,11.25,3.2437,0.0955471231806278,0.0,0.0141633316658329,4.08,0.14,13.7,162.68,62711.47,6733.48,3123.65,37832.98,-0.0411565237440836,-0.0592635095504042,0.0839276729231118,-0.085661360001283,-0.0758648138617259,-0.0811336743981671,0.1585987810260776,-0.0811336743981671,-0.0070411342106936,0.0609791720446177,0.1371179934608459,-0.0070411342106936,-0.0349103810260417,-0.0662876170318625,0.03836846243971,-0.0662876170318625,0.0009117353821883,-0.0011665745686744,-0.200000000000001,0.4009460952131156,0,0,0,0
2017-06-30,94.47996,10.25,3.3082,0.0242756881467204,-1.0,0.0198846995714769,3.6,0.31,13.4,164.36,62899.97,6866.06,3030.12,38095.18,0.0030058297150425,-0.0320707878208901,0.0919631277252011,-0.0829130137475632,0.0196896701259974,-0.0435750423464383,0.1865558968613771,-0.0630414995571796,-0.0299425351751957,0.0266094769581037,0.1731913829192531,-0.0367728399771124,0.006930461200783,-0.0469447838517508,0.0732348447981885,-0.0598165595890113,-0.0013662516190281,0.0103270223752152,-0.2999999999999989,-0.7038571308607943,0,0,0,0
2017-07-31,94.25472,9.25,3.1307,0.0182081976131826,-1.0,-0.0536545553473186,3.0,-0.23,13.1,164.36,65920.36,7146.33,3203.31,39621.29,0.0480189418214349,0.007906641933947,0.1544587801543079,-0.0388754671095123,0.0408196258116007,-0.0192032938754503,0.215371274311659,-0.0247952041681052,0.0571561522315948,0.0182815182147624,0.156409380157815,0.0,0.040060448592184,0.0107080031590611,0.1301451300391174,-0.022152389207204,-0.0023839976223529,0.0103270223752152,-0.3000000000000007,-1.0332299822874922,0,0,0,0
2017-08-31,94.85835,9.25,3.1471,0.0190918881694802,0.0,0.005238445076181,2.71,0.24,12.9,164.36,70835.05,7626.19,3492.61,41184.5,0.074554962988673,0.1295389822627344,0.1252966013353791,0.0,0.0671477527626067,0.1325778052359256,0.0823640079593893,0.0,0.0903128326637134,0.1181182270740959,0.2151599419006001,0.0,0.0394537886070847,0.0885872590528158,0.0656617228904229,0.0,0.0064042416125154,0.0103270223752152,-0.1999999999999993,-0.5621517110537338,0,0,0,0
2017-09-30,94.90523,8.25,3.168,0.0226910328353025,-1.0,0.0066410346032856,2.46,0.19,12.7,165.74,74293.5,8121.9,3744.59,41305.79,0.0488239932067529,0.1811372883007733,0.0522855875560212,0.0,0.0650010031221357,0.1829054799987182,0.0506461807326415,0.0,0.0721466181451693,0.2357893416762373,0.0575167953821737,0.0,0.0029450400029138,0.0842786410249276,0.0736316550911152,0.0,0.0004942105781937,0.0083962034558286,-0.200000000000001,-0.7909082868528133,0,0,0,0
2017-10-31,94.64373,7.5,3.2769,0.0261498747124216,-0.75,0.0343749999999998,2.54,0.16,12.5,165.74,74308.49,7998.89,3648.59,40010.3,0.0002017673147718,0.1272464228047298,0.1308021510796389,0.0,-0.0151454708873538,0.1193003961473933,0.1624822481926882,-0.0151454708873538,-0.0256369856245943,0.1390062154458982,0.2160370564381375,-0.0256369856245943,-0.0313633996589823,0.0098182063229137,0.122678701579272,-0.0313633996589823,-0.002755380288315,0.0083962034558286,-0.1999999999999993,-0.5410515544904086,0,0,0,0
2017-11-30,94.64511,7.5,3.2616,0.022672256917328,0.0,-0.0046690469651193,2.7,0.42,12.3,165.74,71970.99,7685.28,3520.24,38901.51,-0.0314567016501075,0.0160364113528543,0.1400811869923393,-0.0314567016501075,-0.0392066899282276,0.0077482989539994,0.1890060467221381,-0.053758357034684,-0.035177972860749,0.0079109892029169,0.2057728429031891,-0.05991310130081,-0.0277126140018945,-0.0554332333766344,0.0652731034504479,-0.0582068518723404,1.458099760021092e-05,0.0083962034558286,-0.1999999999999993,-0.4772825767950141,0,0,0,0
2017-12-31,94.84934,7.0,3.308,0.0272750116316995,-0.5,0.0142261466764777,2.8,0.28,12.1,166.1,76402.08,8020.86,3759.89,39732.33,0.0615677233285243,0.0283817561428658,0.1638388406775824,0.0,0.0436652926113296,-0.0124404388135781,0.1476848919495001,-0.0124404388135781,0.0680777446992251,0.0040858945839197,0.1976624614130454,0.0,0.0213570115915808,-0.0380929646909065,0.101986255487946,-0.0380929646909065,0.0021578505218071,0.0021720767467117,-0.200000000000001,-0.508172524466542,0,0,0,0
2018-01-31,95.03448,7.0,3.1624,0.0300369772972527,0.0,-0.0440145102781136,2.95,0.44,11.9,166.1,84912.7,9567.17,3811.04,40582.98,0.1113925170623626,0.1427052278952243,0.2511650970974579,0.0,0.1927860603476436,0.1960622036307537,0.4072478484679011,0.0,0.0136041213971684,0.0445240490161953,0.1789346895639181,0.0,0.0214095171362969,0.0143133143215621,0.0981917988456641,-0.0174989995349319,0.0019519376729453,0.0021720767467117,-0.1999999999999993,-0.5024010810209681,0,0,0,0
2018-02-28,96.30407,6.75,3.2449,0.026974499144253,-0.25,0.0260877814318238,2.86,0.29,12.3,166.1,85353.6,9514.03,3674.68,41965.88,0.0051923917152558,0.1859445034728575,0.1840606134340896,0.0,-0.0055544115971598,0.2379548955926136,0.357766754922607,-0.0055544115971598,-0.0357802594567362,0.0438720087266777,0.1799593161536104,-0.0357802594567362,0.0340758613586285,0.0787725206553677,0.0253853568888633,0.0,0.0133592565561466,0.0021720767467117,0.4000000000000003,-0.22478157173674926,0,0,0,0
2018-03-31,95.81267,6.5,3.3238,0.0192394450142129,-0.25,0.02431507904712,2.84,0.32,12.7,167.0,85365.56,9678.91,3651.14,41445.06,0.0001401229707942,0.1173198426011437,0.2176285240234518,0.0,0.0173301955112605,0.2067172348102324,0.3758920285381891,0.0,-0.0064059999782294,-0.0289237185130416,0.08604730268512,-0.0419570510936647,-0.0124105582916407,0.043106709322106,0.0832492761507372,-0.0124105582916407,-0.0051025880837642,0.0054184226369657,0.3999999999999986,-0.12075655427731032,0,0,0,0
2018-04-30,95.43756,6.5,3.4811,0.0333984701453326,0.0,0.0473253505024371,2.68,0.09,13.2,167.0,86115.5,9279.86,3611.64,43820.67,0.0087850416491146,0.0141651366638912,0.0150444123825608,0.0,-0.0412288160547003,-0.030030824162213,0.1022303889407589,-0.0412288160547003,-0.0108185388673126,-0.0523216759729627,0.0548708504425216,-0.0523216759729627,0.057319497184948,0.0797795036244257,0.1229921497909161,0.0,-0.0039150354540792,0.0054184226369657,0.5,0.1946132472723267,0,0,0,0
2018-05-31,95.46274,6.5,3.737,0.0422010081203079,0.0,0.0735112464450891,2.76,0.22,13.0,167.0,76753.61,7931.81,3222.06,40116.27,-0.1087131817152544,-0.100757202976793,0.2268462433182955,-0.1087131817152544,-0.14526620013664,-0.1663038691280141,0.2852736335516627,-0.1805058627469414,-0.1078678938100142,-0.123172629997714,0.1986583181957129,-0.1545457407951634,-0.0845354486820946,-0.0440741383238002,0.2457116444841174,-0.0845354486820946,0.0002638374241754,0.0054184226369657,-0.1999999999999993,-0.01019104100829343,0,0,0,0
2018-06-30,96.00704,6.5,3.8558,0.0568543018117981,0.0,0.0317902060476318,2.86,0.4,12.8,168.04,72762.52,7399.54,3075.33,38562.41,-0.0519987268351286,-0.1476361192968217,0.2035535722962339,-0.1550589615109938,-0.0671057425732588,-0.2354986253617401,0.1876296870922999,-0.2354986253617401,-0.0455391892143535,-0.1577069079794255,0.1703465190245408,-0.1930470422771737,-0.038733910206507,-0.0695535245937633,0.2507862183820357,-0.1199949704100826,0.0057017009987352,0.0062275449101796,-0.1999999999999993,-0.07779215671965847,0,0,0,0
2018-07-31,93.05679,6.5,3.7549,0.0413427119067518,0.0,-0.0261683697287202,4.39,1.26,12.6,168.04,79220.44,8276.01,3277.41,40684.0,0.0887533856716342,-0.080067583652188,0.3521952066767147,-0.080067583652188,0.1184492549536864,-0.108175123331602,0.4692239454402127,-0.1449440071247691,0.0657100213635608,-0.0925424460909725,0.3045998913551583,-0.1400221461858181,0.0550170489863055,-0.0715796905889389,0.24642208862759,-0.0715796905889389,-0.0307295173353954,0.0062275449101796,-0.200000000000001,0.08415915394244987,0,0,0,0
2018-08-31,95.75667,6.5,4.1353,0.0413154155682964,0.0,0.1013076247037203,4.48,0.33,12.4,168.04,76677.53,7884.38,3114.02,39715.86,-0.0320991653164259,-0.0009912237352744,0.2638654536087463,-0.1095966463644756,-0.0473211124684479,-0.0059797196352409,0.3529926441468104,-0.1854062079304383,-0.0498533903295589,-0.033531343302111,0.2269356794672229,-0.1828949578067928,-0.0237965785075213,-0.0099812370392361,0.1744932898801187,-0.0936729173698165,0.0290132509406351,0.0062275449101796,-0.1999999999999993,-0.1483728310593325,0,0,0,0
2018-09-30,96.06905,6.5,4.0039,0.0424771215854132,0.0,-0.0317752037337073,4.19,-0.09,12.2,167.83,79342.43,8090.79,3129.76,39350.87,0.0347546406359202,0.0904299356316959,0.2097171185958251,-0.0786509977878547,0.0261796108254548,0.093417969225114,0.287735497523496,-0.1640804594732258,0.0050545597009654,0.0176989136125229,0.2002442015550545,-0.1787648515890675,-0.0091900313879643,0.0204463362118705,0.1452410979556367,-0.10200209170695,0.0032622270594833,-0.0012497024517971,-0.200000000000001,-0.2606953589406568,0,0,0,0
2018-10-31,96.80783,6.5,3.7177,0.0498392229636115,0.0,-0.0714803067009666,4.53,0.48,12.0,167.83,87423.55,9430.18,3271.7,45595.48,0.1018511784930207,0.1035478974870627,0.2320089281445532,0.0,0.1655450209435667,0.1394597154909189,0.3745318801274415,-0.0256981416295842,0.0453517202597002,-0.0017422293823476,0.1655461096369473,-0.1415204248709014,0.1586905194218069,0.1207226428079835,0.351279864124365,0.0,0.0076900937398671,-0.0012497024517971,-0.1999999999999993,-0.3564845056623386,0,0,0,0
2018-11-30,96.28644,6.5,3.8633,0.0292629001901031,0.0,0.0391639992468462,4.56,0.45,11.8,167.83,89504.03,10086.1,3405.04,47257.39,0.0237977066820096,0.1672784712809607,0.1463854108566284,0.0,0.0695554061534351,0.2792508732455818,0.2470553917860619,0.0,0.0407555704985176,0.0934547626540613,0.0764139766494403,-0.1065326000251899,0.0364490076647947,0.1898871131079624,0.3006984816140285,0.0,-0.0053858246796771,-0.0012497024517971,-0.1999999999999993,-0.022781389334779117,0,0,0,0
2018-12-31,96.60347,6.5,3.8748,0.0356366475790959,0.0,0.0029767297388243,4.05,-0.21,11.7,169.44,87887.27,10126.84,3399.97,49266.22,-0.018063544177843,0.1076957184195142,0.2108281266744737,-0.018063544177843,0.004039222296031,0.2516503332801865,0.281391184977687,0.0,-0.0014889692925781,0.0863356934717036,0.0894402139143418,-0.107862945547672,0.042508272251176,0.2519728280467497,0.2386546309694618,0.0,0.0032925716227538,0.0095930405767741,-0.1000000000000014,-0.24909048567766875,0,0,0,0
2019-01-31,96.88802,6.5,3.6519,0.0391551084275357,0.0,-0.0575255497057912,3.75,0.15,11.7,169.44,97393.75,11521.57,3818.38,55793.07,0.1081667458779866,0.1140447854153714,0.2227311618340941,0.0,0.1377260823712036,0.2217762545359685,0.2315676488630649,0.0,0.1230628505545639,0.1670935599229759,0.2194185284775231,0.0,0.1324812417108518,0.2236535288146981,0.1863010461408961,0.0,0.0029455463659844,0.0095930405767741,0.0,-0.3882739417634702,0,0,0,0
2019-02-28,97.16331,6.5,3.7385,0.0314163376145252,0.0,0.0237136832881514,3.78,0.32,12.2,169.44,95584.35,11229.69,3654.11,55826.46,-0.0185781941859718,0.0679334774087827,0.2529768006123336,-0.0185781941859718,-0.025333353006578,0.1133827743131636,0.3010757519375723,-0.025333353006578,-0.0430208622504831,0.0731474520123112,0.299405589857675,-0.0430208622504831,0.0005984614218217,0.1813276188126344,0.2334293692486382,0.0,0.0028413213522167,0.0095930405767741,0.5,0.05584399651761701,1,0,0,1
2019-03-31,96.94771,6.5,3.8967,0.045438839707551,0.0,0.0423164370736925,3.89,0.43,12.5,169.02,95414.56,11004.45,3625.62,57449.27,-0.0017763368166442,0.0856471022481413,0.2384703909305056,-0.0203215298722967,-0.0200575438858953,0.0866617819576491,0.3209731650541484,-0.044882772052767,-0.0077967001540731,0.0663682326608765,0.3031460481885584,-0.0504821416412196,0.0290688322347503,0.1660985965637305,0.2404069723807655,0.0,-0.0022189445789773,-0.0024787535410764,0.3000000000000007,0.30701245671111926,0,0,0,0
2019-04-30,96.39425,6.5,3.9453,0.0228785741745505,0.0,0.0124720917699592,4.58,0.75,12.8,169.02,96353.33,11142.39,3928.49,58734.74,0.0098388547827501,-0.0106826156709234,0.0494922975631684,-0.0106826156709234,0.0125349290514291,-0.0329104453646508,0.0710508302565566,-0.0329104453646508,0.0835360572812373,0.0288368365641973,0.2262700512992819,0.0,0.0223757412409244,0.0527246484195975,0.0515676138210158,0.0,-0.0057088506783709,-0.0024787535410764,0.3000000000000007,0.07972446259760134,0,0,0,0
2019-05-31,95.79732,6.5,3.9407,0.036509373630619,0.0,-0.0011659442881403,4.94,0.57,12.6,169.02,97030.32,11628.26,3967.14,61954.74,0.0070261193878822,0.015127685651469,0.0209908261640546,-0.00373155361612,0.0436055460273783,0.0354925202743796,0.1102782077179533,0.0,0.0098383857410861,0.0856651824931378,0.167833343681802,0.0,0.0548227505561444,0.1097737524464206,0.0593442531246048,0.0,-0.0061925892882614,-0.0024787535410764,-0.200000000000001,-0.05143272021356922,0,0,0,0
2019-06-30,95.77798,6.5,3.8322,0.0276735386822063,0.0,-0.0275331793843733,4.66,0.13,12.4,169.51,100967.2,12005.39,4126.17,63830.97,0.0405737093312688,0.0581948918487911,0.0644667907612863,0.0,0.0324321953585489,0.0909577489106678,0.0545184044324723,0.0,0.0400868131701932,0.1380591457461069,0.1283288819104652,0.0,0.0302838814269901,0.1110840921042166,0.058608927525457,0.0,-0.0002018845621151,0.0028990651993845,-0.1999999999999993,-0.346353255978253,0,0,0,0
2019-07-31,97.10725,6.5,3.7649,0.0241633122375585,0.0,-0.0175617138980219,3.37,0.01,12.1,169.51,101812.13,11854.86,4513.14,66282.51,0.0083683612103733,0.0566539838322142,0.0657940248306441,0.0,-0.0125385347747969,0.0639422960424112,0.1029501640893897,-0.0125385347747969,0.0937843084506939,0.1488230846966647,0.147277332274188,0.0,0.0384067483229535,0.1285060596165064,0.0433040920483819,0.0,0.0138786597921567,0.0028990651993845,-0.3000000000000007,-0.627946349232596,0,0,0,0
2019-08-31,96.5971,6.0,4.1385,0.0367996183405004,-0.5,0.0992323833302344,3.22,0.19,11.9,169.51,101134.61,11994.7,4715.25,67856.73,-0.0066546098190855,0.0422990463187176,0.0835869396007263,-0.0066546098190855,0.0117960060262205,0.031512883268864,0.0779793402752602,-0.0008904333803398,0.0447825682340896,0.1885766572392202,0.1030207907101772,0.0,0.0237501567155498,0.0952629290349698,0.0254356522527169,0.0,-0.0052534697460796,0.0028990651993845,-0.1999999999999993,-0.030242654461400904,0,0,0,0
2019-09-30,96.39424,5.5,4.1644,0.0283509097800724,-0.5,0.0062583061495711,3.43,0.11,11.9,170.5,104745.32,12245.31,4839.88,68121.98,0.0357020212961716,0.0374192807169062,0.0743895534557356,0.0,0.0208933945826073,0.0199843570263023,0.0598769781318469,0.0,0.02643126027252,0.1729715450405582,0.1206181922186479,0.0,0.0039089711514244,0.0672245776619091,0.0599764112282933,0.0,-0.0021000630453709,0.0058403634003894,0.0,-0.3722578233320601,0,0,0,0
2019-10-31,96.62189,5.0,4.0041,0.029595350955799,-0.5,-0.0384929401594466,2.89,-0.04,11.9,170.5,107219.83,12846.17,4744.5,67949.19,0.0236240626311514,0.0531144962785867,0.0755878203191046,0.0,0.0490685821755432,0.0836205573072983,0.0673178818331379,0.0,-0.0197071001760374,0.0512636434943298,0.1151037457290556,-0.0197071001760374,-0.0025364794153075,0.0251450948372353,0.0474595346937632,-0.0025364794153075,0.0023616556341954,0.0058403634003894,0.0,-0.594843408546515,0,0,0,0
2019-11-30,96.94457,5.0,4.224,0.0257982987323728,0.0,0.0549187083239679,2.54,0.1,11.7,170.5,108233.28,12545.49,4886.19,69397.56,0.009452076169119,0.0701903136819332,0.0455144351819776,0.0,-0.0234061981119664,0.0459194477560922,0.1265613597155558,-0.0234061981119664,0.029864053114132,0.0362525846985843,0.0958940207738933,0.0,0.021315485879964,0.0227071065758694,0.0427421767449859,0.0,0.0033396158986334,0.0058403634003894,-0.200000000000001,-0.2745936219867419,0,0,0,0
2019-12-31,98.08033,4.5,4.0307,0.0162909695937789,-0.5,-0.0457623106060605,3.27,0.51,11.3,170.54,115645.34,13220.73,5278.33,76627.21,0.0684822634960338,0.1040621194340709,0.1067489241253961,0.0,0.0538233261514695,0.0796566195547519,0.1499306558776833,0.0,0.0802547588202668,0.0905910890352652,0.1731409582627797,0.0,0.1041772938414551,0.1248529476095676,0.194024868868862,0.0,0.0117155607580703,0.0002346041055718,-0.3999999999999986,-0.9708916680018713,0,0,0,0
2020-01-31,97.91976,4.5,4.2695,0.0236855473976725,0.0,0.0592452923809758,4.31,1.15,11.1,170.54,113760.57,12722.87,5471.42,78308.77,-0.0162978465020725,0.0610030812397297,0.1505675169796858,-0.0162978465020725,-0.0376575272318547,-0.0095981915232321,0.1705065766202666,-0.0376575272318547,0.0365816460888197,0.153213194224892,0.0947806947916034,0.0,0.0219446851842837,0.1524606842259634,0.1650980135372623,0.0,-0.0016371274444122,0.0002346041055718,-0.200000000000001,-0.07433035426508312,0,0,0,0
2020-02-29,97.59895,4.25,4.4987,0.0235227349812991,-0.25,0.0536831010656986,4.19,0.21,11.3,170.54,104171.57,12048.72,4924.48,75555.55,-0.0842910685134576,-0.0375273668136084,0.2651431170672278,-0.0992151521194022,-0.0529872583780233,-0.039597496789683,0.2000612314282162,-0.0886494164845662,-0.0999630808821111,0.0078363714878053,0.3256693813861284,-0.0999630808821111,-0.0351585141740828,0.0887349641687691,0.2426414832581917,-0.0351585141740828,-0.0032762539450668,0.0002346041055718,0.200000000000001,0.023265973146973977,1,1,1,1
2020-03-31,97.60548,3.75,5.1987,0.0845294282573711,-0.5,0.1556005068130792,4.01,0.25,11.7,172.04,73019.76,8116.88,3372.66,57650.79,-0.2990432994338091,-0.368588825109598,0.511246692074052,-0.368588825109598,-0.3263284398674714,-0.3860490305754674,0.5626389569820796,-0.3860490305754674,-0.3151236272662291,-0.3610365399662393,0.614223285930496,-0.3835859795080619,-0.2369747821304987,-0.2476459732776386,0.4712321549796612,-0.2638016150681462,6.690645749762858e-05,0.0087955904773073,0.3999999999999986,0.82705929958247,1,1,0,1
2020-04-30,97.74638,3.75,5.427,0.0678890039546524,0.0,0.0439148248600611,3.3,0.07,12.4,172.04,80505.89,8410.76,3968.63,61335.14,0.1025219748736507,-0.2923216717356462,0.6960923838032523,-0.3038553045025419,0.0362060299031155,-0.3389258870050546,0.6543731136657288,-0.3638203034174361,0.1767062200162483,-0.2746617879819133,0.8540919873852046,-0.2746617879819133,0.0639080574611379,-0.2167526063811243,0.5311769475196351,-0.2167526063811243,0.001443566488275,0.0087955904773073,0.7000000000000011,0.5465897550396029,1,1,1,1
2020-05-31,91.27259,3.0,5.4263,0.0757707421184885,-0.75,-0.000128984706099,2.4,-0.31,12.7,172.04,87402.59,8779.31,4272.4,66370.28,0.085667023866204,-0.1609746306021884,0.7868173762146966,-0.2442186602590299,0.0438188701139967,-0.2713491557609438,0.7328004205708867,-0.3359436279237228,0.0765427868055221,-0.1324160114367405,0.9003686933054581,-0.2191423798575141,0.0820922557607271,-0.1215697589389529,0.620749422709689,-0.1524540610202408,-0.0662304834204602,0.0087955904773073,0.2999999999999989,0.7343703413252846,1,1,1,1
2020-06-30,82.96008,2.25,5.476,0.0890500632617742,-0.75,0.0091590955162816,1.88,-0.38,13.1,168.09,95055.82,9926.25,4703.23,70159.54,0.0875629658114252,0.3017821477364486,0.0319829930258831,-0.1780402046463782,0.1306412462938431,0.2229144695991562,0.1817365699926942,-0.2491904758663099,0.1008402771276097,0.3945164943990795,0.1809901802800002,-0.1404004810451401,0.0570927228271449,0.2169744768458505,0.0447680801658781,-0.1040653556427971,-0.0910734537060906,-0.0229597767960938,0.4000000000000003,1.4216202835281526,0,0,0,0
2020-07-31,85.48797,2.25,5.2033,0.0504377682348819,0.0,-0.0497991234477721,2.13,0.26,13.6,168.09,102912.24,10850.73,5061.51,76523.66,0.0826505941456292,0.2783193875628231,0.008581939116744,-0.1101047391965814,0.0931348696637701,0.2901010134637058,0.1508437675545456,-0.1792639286938013,0.0761774355070878,0.2753796650229425,0.0489644212530275,-0.0749183941280325,0.0907092606365436,0.2476316186773195,0.0604863791975968,-0.0227957864744906,0.0304711615514352,-0.0229597767960938,0.5,-0.1816837634174049,0,0,0,0
2020-08-31,89.37903,2.0,5.4713,0.0537455386528627,-0.25,0.0515057751811351,2.31,0.36,14.1,168.09,99369.15,9993.37,4986.61,71966.61,-0.0344282662587075,0.1369131052066077,0.2392214524282891,-0.1407422901778835,-0.0790140386867979,0.1382864940411037,0.3872913979280278,-0.2441136003836398,-0.0147979555508139,0.1671683362980993,0.2109833092541977,-0.0886077106126015,-0.0595508630925389,0.0843198190515392,0.2731809017247454,-0.0809891408076005,0.0455158778480762,-0.0229597767960938,0.5,-0.04921273318234846,1,1,1,1
2020-09-30,91.74207,2.0,5.6407,0.0496412104348477,0.0,0.0309615630654505,2.44,0.24,14.8,153.17,94603.38,9344.67,4789.32,68569.31,-0.0479602572830701,-0.004759729598882,0.2487961770027482,-0.1819525110134139,-0.0649130373437589,-0.0585901020022666,0.3310988547084671,-0.2931804824695762,-0.0395639522641634,0.0183044418410327,0.2111205589920548,-0.1246659916438511,-0.047206614289599,-0.0226659125758235,0.2889680737321388,-0.1243725319654491,0.0264384162593842,-0.0887619727526921,0.7000000000000011,0.7397444950712317,1,1,0,1
2020-10-31,93.49745,2.0,5.7718,0.037543469125105,0.0,0.0232417962309643,3.14,0.64,14.9,153.17,93952.4,9341.44,4652.51,69951.35,-0.0068811494895849,-0.0870629188520238,0.072518294526056,-0.1875816180747102,-0.0003456515853421,-0.1390957106111754,0.1453031360411548,-0.2934247957563614,-0.0285656418865307,-0.0808059255044443,0.0429852675089264,-0.1496704694576545,0.0201553727170362,-0.0858859861120077,0.1486142779070872,-0.1067239339859379,0.0191338608339664,-0.0887619727526921,0.0999999999999996,0.44189610493941106,0,0,0,0
2020-11-30,95.36272,2.0,5.3317,0.0650028476420818,0.0,-0.0762500433140441,3.92,0.86,14.6,153.17,108893.32,10923.15,5068.06,77283.13,0.1590264857523597,0.0958463466780183,0.3796217810429167,-0.0583855778365127,0.1693218604412167,0.0930396853113613,0.4190990319275309,-0.1737861676321958,0.0893173792211086,0.0163337417604345,0.2474985539434255,-0.0737212643152964,0.1048125590142292,0.0738748150010122,0.263872338592809,-0.0130973836008405,0.0199499558544109,-0.0887619727526921,-0.3000000000000007,0.20550063378086053,0,0,0,0
2020-12-31,97.30806,2.0,5.1967,0.0334006504729255,0.0,-0.0253202543278878,4.31,0.89,14.3,165.31,119017.24,12276.5,5321.24,82845.94,0.0929709921600332,0.2580654095022821,0.2893410508632175,0.0,0.1238974105454928,0.313743556487281,0.3042590467784258,-0.0714204132449569,0.0499559989423958,0.1110637835851435,0.2079008080858581,-0.0274480847750675,0.0719796157324372,0.2082072869043016,0.147855290878766,0.0,0.0203993761922898,0.0792583404060849,-0.2999999999999989,-1.1619698746311171,0,0,0,0
2021-01-31,97.51715,2.0,5.4759,0.0647326198749607,0.0,0.0537264032943984,4.52,1.35,14.2,165.31,115067.55,11477.96,5252.96,78922.76,-0.0331858645016469,0.2247430613800181,0.3383030248361684,-0.0331858645016469,-0.0650462265303629,0.2287142025212385,0.4305612124437123,-0.1318210113964962,-0.0128315956431207,0.1290593679540721,0.1784713610476114,-0.0399274776931765,-0.047355126877672,0.1282521352339873,0.2773942594505613,-0.047355126877672,0.0021487428687818,0.0792583404060849,-0.1000000000000014,-0.2949131845725952,0,0,0,0
2021-02-28,97.68045,2.0,5.5302,0.04153000437889,0.0,0.0099161781624936,4.56,0.25,14.4,165.31,110035.17,10690.92,4975.12,74396.16,-0.0437341370351589,0.0104859508370209,0.2634961513361103,-0.0754686463910606,-0.0685696761445412,-0.0212603507230056,0.3814595447687357,-0.1913517634805339,-0.0528920837013797,-0.0183383779986819,0.1795820305086336,-0.0907077139024239,-0.0573548112103529,-0.0373557592711372,0.2492716127969413,-0.1019938937261137,0.0016745772410287,0.0792583404060849,0.200000000000001,-0.5060149009455068,1,1,0,1
2021-03-31,97.80489,2.75,5.6973,0.0657606076700365,0.75,0.0302159053922101,5.2,0.86,14.6,171.65,116633.72,11371.36,5090.55,80913.07,0.0599676448902655,-0.0200266784879232,0.1977012996415485,-0.0200266784879232,0.0636465336940133,-0.0737294831588807,0.2609803340308431,-0.1398841062482932,0.0232014504172763,-0.0433526771955408,0.1318593875802827,-0.069610814011719,0.0875973975000861,-0.0233308958773356,0.2804400839135419,-0.0233308958773356,0.001273949905022,0.0383521868005565,0.1999999999999993,0.38616552335420956,0,0,0,0
2021-04-30,98.71949,2.75,5.4036,0.0283711674544942,0.0,-0.0515507345584751,6.1,0.93,14.9,171.65,118893.84,11461.3,5129.04,80122.1,0.0193779294701395,0.0332525546950464,0.1810232996658957,-0.0010368245810439,0.0079093441769497,-0.0014514774402419,0.2299426058331463,-0.1330811536125463,0.0075610690396912,-0.0235905089701806,0.1392079821033159,-0.0625760771426796,-0.0097755529483679,0.0151963768119616,0.25595476204139,-0.0328783764177218,0.0093512706777747,0.0383521868005565,0.3000000000000007,-0.4714399954715131,0,0,0,0
2021-05-31,95.32458,3.5,5.2322,0.0313350146297191,0.75,-0.0317195943445111,6.76,0.31,14.8,171.65,126215.73,12248.19,5463.02,83618.99,0.0615834260210621,0.147048984429251,0.0828424973749515,0.0,0.0686562606336105,0.1456628615685087,0.1168068449900343,-0.0735617473467803,0.0651154991967308,0.0980679862998281,0.103091429764304,-0.0015352504468674,0.0436445125627011,0.1239691672258354,0.1689204012105282,0.0,-0.0343894604803974,0.0383521868005565,-0.0999999999999996,0.21186018302619755,0,0,0,0
2021-06-30,96.34302,4.25,5.0022,0.0330745685538292,0.75,-0.0439585642750658,8.06,0.83,14.7,173.15,126801.66,12193.03,5497.85,80452.18,0.0046422898318616,0.0871783906060785,0.1023790604095996,0.0,-0.0045035225612927,0.0722578477860167,0.1356216870325627,-0.0777339829192487,0.0063755944514205,0.0800110007759475,0.1163124601252074,0.0,-0.0378718996725505,-0.0056961131248637,0.1434436025911215,-0.0378718996725505,0.0106839180408662,0.0087387124963589,-0.1000000000000014,-0.016230776125535203,0,0,0,0
2021-07-31,97.01772,4.25,5.1216,0.0451873895035212,0.0,0.0238694974211346,8.35,0.53,14.2,173.15,121800.79,11713.83,5210.6,78147.84,-0.0394385215461691,0.0244499630931256,0.1754471134703506,-0.0394385215461691,-0.0393011417178503,0.0220332772024116,0.1908823139977372,-0.1139800903580966,-0.0522476968269414,0.0159016112176937,0.2032790519000254,-0.0522476968269414,-0.0286423562419314,-0.0246406422198121,0.154631829435102,-0.0654295154725022,0.0070031020410197,0.0087387124963589,-0.5,-0.05580097399946582,1,1,0,1
2021-08-31,96.77124,5.25,5.1433,0.0477943997476548,1.0,0.0042369572008746,8.99,0.96,13.7,173.15,118781.03,11445.27,5007.44,79946.19,-0.0247926142350964,-0.0589047022902771,0.0777693269887441,-0.0632533517305689,-0.0229267455648578,-0.065554175759847,0.0603060576423159,-0.134293643391855,-0.0389897516600776,-0.0833934344007528,0.1064939248799779,-0.0892003237629256,0.0230121523512358,-0.0439230370995871,0.1136682939150078,-0.0439230370995871,-0.0025405668160413,0.0087387124963589,-0.5,0.3794480978713148,1,1,0,1
2021-09-30,96.43007,6.25,5.4394,0.0287916680415797,1.0,0.0575700425796668,9.68,0.87,13.2,171.94,110979.1,10364.93,4709.56,78295.96,-0.0656832997659642,-0.1247819626336121,0.0717682262279776,-0.1247819626336121,-0.0943918317348564,-0.1499299189783015,0.1296947455929533,-0.2160092521366066,-0.0594874826258525,-0.1433815036787107,0.0360095704836068,-0.1433815036787107,-0.0206417591632571,-0.0268012625636743,0.0963105581141752,-0.0636581475093157,-0.0035255309325374,-0.0069881605544326,-0.5,0.5568911160665297,1,1,1,1
2021-10-31,97.01608,7.75,5.643,0.0400766456556736,1.5,0.0374305989631209,10.25,1.16,12.7,171.94,103500.71,9779.05,4251.43,74371.37,-0.0673855707966635,-0.1502459877312781,0.0835356910368474,-0.1837590296530817,-0.0565252249653399,-0.1651705718795646,0.1238547235074002,-0.26032450553033,-0.097276603334494,-0.1840805281541473,0.102425892203026,-0.2267104413543476,-0.0501250639241157,-0.0483246881807609,0.127467499031277,-0.1105923427202362,0.0060770462989396,-0.0069881605544326,-0.5,0.6853572591154845,0,0,0,0
2021-11-30,96.95313,7.75,5.6199,0.0329675188408045,0.0,-0.0040935672514619,10.67,1.25,12.1,171.94,101915.45,9573.13,3932.7,75885.32,-0.015316416669992,-0.1419888344123636,0.1024784606727907,-0.1962609164580337,-0.0210572601633083,-0.1635732490365016,0.1270418499788003,-0.2759000448538016,-0.0749700688944662,-0.2146286325946991,0.0658074403121938,-0.2846840128413835,0.0203566237921932,-0.0507950410144623,0.1226197452935099,-0.092487005643096,-0.0006488615083189,-0.0069881605544326,-0.5999999999999996,0.03456433368637995,1,1,0,1
2021-12-31,97.47791,9.25,5.5805,0.0287313936162449,1.5,-0.0070108009039308,10.74,0.95,11.6,172.2,104822.44,9205.71,3932.12,76305.03,0.0285235457430645,-0.0554758508584048,0.1663231658625848,-0.1733354279431357,-0.0383803416437465,-0.1118406009495482,0.0614378135992879,-0.3036912485165343,-0.0001474813741195,-0.1650769923304937,0.176238857320157,-0.2847895086260993,0.0055308457551472,-0.0254282596445589,0.128724918178022,-0.0874676912505162,0.0054127184960401,0.0015121554030474,-0.5,0.40374360737069914,0,0,0,0
2022-01-31,99.05295,9.25,5.3574,0.0337953656954607,0.0,-0.0399784965504882,10.06,0.73,11.1,172.2,112143.51,10781.53,4020.76,78324.28,0.0698425833247156,0.0835047411752054,0.1475212557643864,-0.1155990386876639,0.1711785402755465,0.1025130252938681,0.4029134326716087,-0.1844981328565063,0.02254254702298,-0.0542570382200812,0.1767595386674474,-0.2686668424929745,0.0264628688305343,0.0531509638722536,0.0372891274475673,-0.0633194684604538,0.0161579172142694,0.0015121554030474,-0.5,-0.32101890694646545,1,1,1,1
2022-02-28,99.36759,10.75,5.1394,0.0351556162531298,1.5,-0.0406913801470862,10.38,0.54,11.2,172.2,113141.94,10639.97,3919.84,78061.42,0.0089031456211778,0.1101549372543613,0.1077574873058963,-0.1077250881415905,-0.013129861902717,0.1114410856219438,0.3962880236189861,-0.1952055597535082,-0.0250997323889016,-0.0032700180537543,0.08254985168885,-0.2870231090335313,-0.0033560474478667,0.0286761655614022,0.0530338425695991,-0.0664630127677936,0.0031764828811258,0.0015121554030474,0.0999999999999996,0.6368283363166077,1,1,0,1
2022-03-31,97.41759,11.75,4.7378,0.0389353701671577,1.0,-0.0781414172860646,10.54,1.01,11.2,174.5,119999.23,11441.15,4144.68,85040.32,0.0606078524020359,0.1447856966504499,0.1137740921838727,-0.0536462219816366,0.0752990844898999,0.2428318945524028,0.3193184483094101,-0.134605275200386,0.057359484060574,0.0540573532852508,0.1433982445478389,-0.2461271224205825,0.0894026780450574,0.1144785605876834,0.1640412661926895,0.0,-0.0196241048011731,0.0133565621370499,0.0,0.506857462776899,1,1,0,1
2022-04-30,98.48287,11.75,4.9191,0.0605900064041305,0.0,0.0382667060661066,11.3,1.62,11.1,174.5,107876.16,10072.71,3556.75,83185.41,-0.1010262315849859,-0.0380525810187321,0.2859490226685631,-0.1492527779210462,-0.1196068577022415,-0.0657439157522171,0.3380690920400941,-0.2381124189057639,-0.1418517231728384,-0.1154035555467125,0.3467438674781933,-0.3530652891584892,-0.0218121239430896,0.0620641517547304,0.2064632659624071,-0.0218121239430896,0.0109351914782536,0.0133565621370499,-0.0999999999999996,0.4235611892570304,0,0,0,0
2022-05-31,99.54331,12.75,4.7289,0.0441063931604191,1.0,-0.0386656095627249,12.13,1.06,10.5,174.5,111350.51,10702.03,3449.17,82865.39,0.0322068379148829,-0.0158334743066983,0.298942287201326,-0.1218529000330123,0.0624777244654122,0.0058327232125656,0.3776440351385233,-0.1905114165405389,-0.0302467139945173,-0.1200737785215723,0.345877519069264,-0.3726329383304383,-0.0038470688549832,0.0615408994609629,0.206818716186437,-0.0255752800553903,0.0107677609314187,0.0133565621370499,-0.5999999999999996,0.15886630415450265,1,1,0,1
2022-06-30,99.44726,13.25,5.238,0.0366875090447936,0.5,0.1076571718581489,11.73,0.47,9.8,175.7,98541.95,9328.54,2956.21,78786.86,-0.1150291992376145,-0.1788118140424734,0.2815158416423812,-0.2228654577550484,-0.1283392029362653,-0.1846501444347813,0.3732081153980242,-0.2944005361277326,-0.1429213404964092,-0.2867459007691788,0.2242872872556662,-0.4622970797675455,-0.0492187389693091,-0.0735352359915861,0.0791511743498124,-0.0735352359915861,-0.0009649066320981,0.0068767908309455,-0.6999999999999993,0.5283856081618536,0,0,0,0
2022-07-31,99.65249,13.25,5.1884,0.0457678543601963,0.0,-0.0094692630775106,11.89,0.67,9.3,175.7,103164.69,9664.8,3227.57,81253.39,0.0469113915444134,-0.0436748026626087,0.3102238852075953,-0.1864089949611069,0.0360463695283503,-0.040496549587946,0.3581405666532222,-0.2689662371139869,0.0917932081956289,-0.0925507837210936,0.406645382202294,-0.4129396036632502,0.0313063625076566,-0.0232254670620726,0.1398473750444145,-0.0445309942389681,0.0020637069337052,0.0068767908309455,-0.5,0.12004982937724729,1,0,0,1
2022-08-31,99.53078,13.75,5.179,0.0448761411385305,0.5,-0.0018117338678589,10.07,-0.68,9.1,175.7,109522.88,10630.55,3442.44,82251.05,0.0616314554912151,-0.016413306054907,0.3395597801702934,-0.1362661971459995,0.0999244681731645,-0.0066791066741545,0.4079395334344298,-0.1959180771409748,0.0665733043744984,-0.0019511940553814,0.4463518100020249,-0.37385705321171,0.0122783800158985,-0.0074137103560364,0.145796102342024,-0.0327993826928215,-0.0012213442935545,0.0068767908309455,-0.200000000000001,0.37304530548413756,0,0,0,0
2022-09-30,101.43252,13.75,5.4066,0.0416350099049896,0.0,0.0439467078586599,8.73,-0.36,8.9,177.7,110036.79,10959.09,3401.94,78488.14,0.0046922615621503,0.116649203714763,0.1023836610436336,-0.1322133322229378,0.0309052683069079,0.1747915536622022,0.1331952878928084,-0.1710677095742822,-0.0117649109352668,0.1507775158057107,0.1870679211655214,-0.3812235692134198,-0.0457490816226662,-0.0037914951807953,0.1390452580424298,-0.0770479226795007,0.0191070541193387,0.0113830392714855,-0.1999999999999993,-0.010628664800202066,0,0,0,0
2022-10-31,101.09886,13.75,5.257,0.05764199321847,0.0,-0.0276698849554248,7.17,-0.29,8.7,177.7,116037.08,11714.45,3615.56,83670.05,0.0545298531518414,0.1247751532040661,0.1074829297752822,-0.0848930526619289,0.0689254308523792,0.212073710785531,0.1197507663856713,-0.1139331943092399,0.0627935824852878,0.1202111805475945,0.1530368009115565,-0.3423683803668708,0.066021567080071,0.0297422667534241,0.1936398428601941,-0.0161131801949946,-0.0032894775758306,0.0113830392714855,-0.200000000000001,0.050526477630083874,0,0,0,0
2022-11-30,101.15209,13.75,5.2941,0.0647575783502493,0.0,0.0070572569906792,6.47,0.59,8.3,177.7,112486.01,10252.01,3098.79,80766.48,-0.0306028900417004,0.0270548948311073,0.1481696137934983,-0.112897969947712,-0.1248406882098605,-0.0356086938117029,0.355661762430963,-0.2245503841315872,-0.1429294493799023,-0.0998274479729494,0.3607909946945549,-0.4363633056558473,-0.034702620591239,-0.0180492528666808,0.2133544665330197,-0.0502566312074085,0.0005265143444743,0.0113830392714855,-0.3999999999999986,0.05337330975822062,0,0,0,0
2022-12-31,101.43094,13.75,5.2177,0.0431910044632537,0.0,-0.0144311592149752,5.9,0.41,8.1,179.58,109734.6,10253.49,2934.98,78679.4,-0.0244600195170936,-0.002746263317932,0.164467132316425,-0.1345965029164444,0.0001443619348791,-0.0643849078710002,0.3402863708630104,-0.2244384387246392,-0.0528625689381984,-0.1372628558998688,0.3572404068814125,-0.4661585892667134,-0.0258409181630795,0.0024368012797857,0.1931973496040692,-0.0747988718763054,0.0027567398755676,0.0105796285875072,-0.200000000000001,-0.17573886926465374,0,0,0,0
2023-01-31,100.7113,13.75,5.0993,0.0498414863048305,0.0,-0.022691990723882,5.79,0.62,7.9,179.58,113430.54,10403.47,3021.99,78411.71,0.0336807169297559,-0.0224629920022118,0.1228858186946304,-0.1054490927011524,0.0146272147337149,-0.1119113573407203,0.2656400261118589,-0.2130941332286492,0.0296458578934097,-0.1641709721315647,0.2990047495649697,-0.450332402666497,-0.0034022882736776,-0.0628461438710744,0.0558879715936887,-0.0779466728253138,-0.007094876573164,0.0105796285875072,-0.1999999999999993,-0.038965391033878506,1,0,0,1
2023-02-28,100.58566,13.75,5.2078,0.0465212626225843,0.0,0.0212774302355223,5.77,0.53,8.4,179.58,104931.93,9824.32,2726.56,73453.93,-0.0749234729906073,-0.067155728965762,0.1882645768025086,-0.1724719534428809,-0.0556689258487792,-0.0417176729246265,0.1285801189858534,-0.256900337575913,-0.0977600852418438,-0.1201210795181345,0.2238557652357713,-0.5040679538364998,-0.0632275459877104,-0.0905394168471871,0.104693013252665,-0.1362458419723727,-0.0012475263451071,0.0105796285875072,0.5,0.3448747261578799,0,0,0,0
2023-03-31,100.10937,13.75,5.0804,0.0290003723651259,0.0,-0.0244633050424363,5.6,0.84,8.6,180.35,101882.2,9697.2,2564.34,74827.05,-0.0290638893232975,-0.0715581047363366,0.1888642745266983,-0.1965231369999415,-0.0129393179375263,-0.0542537223911077,0.122697029275838,-0.2665155403672867,-0.0594962150108561,-0.1262836544030964,0.2264628325924886,-0.5335740334858172,0.0186936219750257,-0.0489626255411199,0.1468221268790771,-0.1200991482628476,-0.0047351680150033,0.0042877826038534,0.1999999999999993,-0.03683785230454872,0,0,0,0
2023-04-30,103.08344,13.75,5.0007,0.0335180071689941,0.0,-0.0156877411227461,4.65,0.71,8.8,180.35,104431.63,10460.72,2587.1,79882.48,0.0250233112359177,-0.0793341017330957,0.1733083169135014,-0.1764174853862323,0.078736130016912,0.0055029716046666,0.237886217306325,-0.208763812588261,0.0088755781214657,-0.1439084841445537,0.1871362635200134,-0.5294342333821404,0.0675615302220251,0.0187570198379807,0.2289320103114105,-0.0606517002758222,0.029708208132765,0.0042877826038534,0.200000000000001,-0.4087993700465732,0,0,0,0
2023-05-31,103.08526,13.75,5.0959,0.0280795050058731,0.0,0.0190373347731318,4.18,0.61,8.5,180.35,108335.07,11088.63,2904.19,83118.81,0.0373779476581952,0.0324318822688196,0.1224138881576327,-0.1456336612627942,0.0600255049365627,0.1286918585713821,0.1677995269694858,-0.1612694609147906,0.1225658072745545,0.0651480253506249,0.3185804459148869,-0.4717589603208527,0.0405136395364791,0.1315774390832458,0.084802995387621,-0.0225952818615923,1.765560016253609e-05,0.0042877826038534,-0.3000000000000007,-0.2744769564051564,0,0,0,0
2023-06-30,103.96006,13.75,4.8192,0.0286283129442348,0.0,-0.0542985537392806,3.94,0.23,8.3,182.77,118087.0,12223.63,3180.89,91089.66,0.090016372352923,0.1590542803355248,0.1195620239777497,-0.0687267027892222,0.1023570991186466,0.2605319061172295,0.0734847132157317,-0.0754194359918098,0.0952761355145495,0.2404322359749486,0.2055979119907885,-0.4214301954400357,0.095897065898802,0.2173359767624141,0.095935550118378,0.0,0.0084861793043931,0.013418353202107,-0.1999999999999993,-0.648352056922777,0,0,0,0
2023-07-31,102.40467,13.75,4.7415,0.0283103086426573,0.0,-0.0161230079681274,3.16,-0.08,8.0,182.77,121942.98,12378.19,3251.57,90249.67,0.0326537214087918,0.1676824349098065,0.1103049934620943,-0.0383171639866545,0.0126443617812386,0.1833019142085823,0.1554690440780593,-0.0637287048445887,0.0222201962343873,0.2568397046886477,0.179728340024048,-0.4085742608474222,-0.0092215735573061,0.1297805225876813,0.1821584129169897,-0.0092215735573061,-0.0149614188371958,0.013418353202107,-0.3000000000000007,-0.35414298381152226,0,0,0,0
2023-08-31,102.4398,13.25,4.9219,0.0321047183507088,-0.5,0.0380470315301064,3.99,0.12,7.9,182.77,115741.81,11574.73,2912.89,85111.33,-0.0508530298341076,0.0683688116876648,0.2453896481068961,-0.0872216499373904,-0.0649093284236226,0.0438376968119595,0.2899689910584084,-0.1245014458354417,-0.1041589140015439,0.0029956717707861,0.3495230714663024,-0.4701765235501151,-0.0569347234178252,0.023971950512766,0.2708653867013557,-0.0656312692351689,0.0003430507612594,0.013418353202107,-0.0999999999999996,-0.3284219741395354,0,0,0,0
2023-09-30,102.89895,12.75,5.0076,0.0313910377129077,-0.5,0.0174119750502854,4.61,0.23,7.8,184.19,116565.17,11366.16,2795.65,85443.1,0.0071137646801964,-0.0128873627071566,0.1482283114597585,-0.0807283595498671,-0.0180194268030442,-0.0701485565253529,0.1353034047518453,-0.140277427948381,-0.0402486877293684,-0.1211107583097811,0.2188997852436748,-0.4915012232054349,0.003898070914883,-0.0619890336619984,0.1108990406361972,-0.0619890336619984,0.0044821446351905,0.00776932757017,-0.1000000000000005,-0.37102878484550716,0,0,0,0
2023-10-31,102.48797,12.75,5.0575,0.034035800830647,0.0,0.0099648534227974,5.19,0.26,7.7,184.19,113143.67,11043.08,2546.89,80531.63,-0.0293526788490936,-0.072159217365362,0.1015107468440386,-0.1077114447870792,-0.0284247274365309,-0.1078598728893319,0.0853001672266614,-0.1647148077299816,-0.0889810956307121,-0.2167199229910474,0.1156696223951782,-0.5367480014914922,-0.057482347901703,-0.1076795073045695,0.122216893864967,-0.1159081063646521,-0.0039940154880102,0.00776932757017,-0.0999999999999996,-0.07588010184840219,0,0,0,0
2023-11-30,102.50227,12.25,4.9355,0.0339525835700353,-0.5,-0.0241225902125555,4.82,0.24,7.6,184.19,127331.12,12851.27,2962.78,88965.89,0.125393227919865,0.1001307133524178,0.2802360740150572,0.0,0.1637396450990123,0.1102868058261403,0.3743575204852957,-0.0279455067912285,0.1632932714015917,0.0171273202901587,0.4635656004672518,-0.4611020671717125,0.1047322648256343,0.0452884474957682,0.2837205352385,-0.0233151600302383,0.0001395285710117,0.00776932757017,-0.1000000000000005,-0.4267182697123609,0,0,0,0
2023-12-31,102.83037,11.75,4.8413,0.0293425354172386,-0.5,-0.0190862121365615,4.68,0.28,7.5,184.43,134185.24,13803.59,3139.98,94956.92,0.0538291032074484,0.1511606768985967,0.2682794381748391,0.0,0.0741031820201427,0.2144462157843987,0.3330880178055778,0.0,0.0598086931868042,0.1231663477187774,0.4392944694534704,-0.4288712860481825,0.0673407527311871,0.1113468495408054,0.2942533337469527,0.0,0.0032009047214272,0.0013030023345459,-0.0999999999999996,-0.44593314550745733,0,0,0,0
2024-01-31,103.58799,11.75,4.9535,0.0232838829447305,0.0,0.0231755933323694,4.62,0.56,7.4,184.43,127752.28,13167.85,2878.28,90840.84,-0.0479408912634503,0.1291155749146195,0.3017392006137648,-0.0479408912634503,-0.046056134672212,0.1924073718564023,0.3646566223478719,-0.046056134672212,-0.0833444799011458,0.1301155526936774,0.4290269671270372,-0.476471711669107,-0.0433468145344225,0.1280144211659442,0.2667481076521819,-0.0433468145344225,0.007367667742516,0.0013030023345459,-0.0999999999999996,-0.24275686728717444,0,0,0,0
2024-02-29,104.88262,11.25,4.9833,0.0215863478482254,-0.5,0.00601594831937,4.51,0.42,7.6,184.43,129020.02,13218.47,2880.74,91201.24,0.0099234236758827,0.013263843120205,0.1768226196680372,-0.0384932053629742,0.003844211469602,0.0285730515349844,0.2091154172980477,-0.0423889727237625,0.0008546770988226,-0.0276902098704596,0.2492304356115273,-0.4760242640304847,0.0039673785491196,0.0251259218561181,0.1923879152626058,-0.0395514092074594,0.0124978774083752,0.0013030023345459,0.1999999999999993,-0.4041980289116723,0,0,0,0
2024-03-31,104.47589,10.75,4.9962,0.0152170328896865,-0.5,0.0025886460779001,4.5,0.83,7.8,185.14,128106.1,13221.58,2916.92,88654.31,-0.0070835518394741,-0.0453040885867922,0.1030226998712836,-0.0453040885867922,0.0002352768512543,-0.0421636690165384,0.0963946444050437,-0.0421636690165384,0.0125592729645855,-0.0710386690361084,0.1812403123900275,-0.469443509735624,-0.0279264843328885,-0.0663733617307722,0.0835899269075797,-0.0663733617307722,-0.0038779542311204,0.0038496990728187,0.2000000000000001,-0.31070833898986805,0,0,0,0
2024-04-30,104.67291,10.75,5.1718,0.035071562983549,0.0,0.0351467115007406,3.93,0.16,7.9,185.14,125924.19,12514.7,2742.59,85294.0,-0.0170320538990726,-0.0143096467632515,0.0472188030492881,-0.0615645208072064,-0.0534641094332144,-0.0496018712242317,0.1111835612049589,-0.0933735354353468,-0.0597650946889184,-0.0471427380240977,0.1344809908682844,-0.5011522686140946,-0.0379035153508047,-0.061061082218086,0.0757618821498963,-0.1017610933463301,0.0018857939377208,0.0038496990728187,0.1000000000000005,0.0013430015778033166,0,0,0,0
2024-05-31,104.68779,10.5,5.2416,0.027103239171696,-0.25,0.0134962682238291,3.69,0.38,7.5,185.14,122098.09,12100.27,2680.71,87311.19,-0.0303841541486191,-0.0536500459386071,0.0405010948561327,-0.0900780890655335,-0.0331154562234812,-0.0845937540426386,0.0939144629053586,-0.1233968844336871,-0.0225626141712761,-0.0694370196546719,0.125286756436017,-0.5124075775075712,0.0236498464135812,-0.0426534770799169,0.1144419100303638,-0.0805178811612675,0.0001421571254682,0.0038496990728187,-0.4000000000000003,-0.4603989734977344,0,0,0,0
2024-06-30,104.6751,10.5,5.5589,0.0309375069042834,0.0,0.0605349511599513,3.93,0.46,7.1,186.4,123906.55,12163.37,2699.3,88289.36,0.0148115339068777,-0.0327818113267049,0.0804356001312729,-0.0766007498291166,0.0052147596706519,-0.0800365765664919,0.1032132047487111,-0.118825609859464,0.006934729978252,-0.0746060913566364,0.1157841481306702,-0.5090262557181444,0.011203260429734,-0.0041165511298886,0.1127404920577399,-0.0702166835234335,-0.0001212175746569,0.0068056605811819,-0.4000000000000003,-0.18786339268837393,0,0,0,0
2024-07-31,105.5521,10.5,5.6621,0.0357182782359372,0.0,0.0185648239759663,4.23,0.21,6.9,186.4,127651.81,12538.48,2753.47,89184.95,0.0302264892372516,0.0137195244217969,0.1091230604253421,-0.0486896323321401,0.0308393150911301,0.0019001654054831,0.1114992023728633,-0.0916507951916857,0.0200681658207682,0.0039670530411033,0.0756302036442478,-0.4991733132042526,0.0101438044176558,0.0456180974042721,0.0260174218588398,-0.0607851434102959,0.0083783058244033,0.0068056605811819,-0.1999999999999993,-0.26809803147772016,0,0,0,0
2024-08-31,106.65779,10.5,5.6562,0.0426185619032555,0.0,-0.0010420162130657,4.5,0.38,6.8,186.4,136004.01,14203.47,2925.43,92892.1,0.0654295462007159,0.1138913802828529,0.0898783537453764,0.0,0.1327904179772987,0.1738143033171986,0.2337785012039286,0.0,0.0624521058882066,0.0912892479977318,0.1005093482278816,-0.467895631928845,0.0415669908431861,0.0639197564481712,0.0618141604617558,-0.0217448080666473,0.010475300823006,0.0068056605811819,-0.1000000000000005,-0.2307926746519211,0,0,0,0
2024-09-30,107.01873,10.75,5.4481,0.0331448053306673,0.25,-0.036791485449595,4.24,-0.02,6.6,189.52,131816.44,13389.02,2787.61,89817.39,-0.0307900480287309,0.0638375453113657,0.1686444980020599,-0.0307900480287309,-0.057341621448843,0.100765659517058,0.3296061205897636,-0.057341621448843,-0.0471110229949101,0.0327158893046344,0.1913819270267238,-0.4929636130487372,-0.0330998007365535,0.0173070684848095,0.1298657444954515,-0.0541248599891402,0.0033840941200824,0.0167381974248927,-0.2000000000000001,-0.4144045180263211,0,0,0,0
2024-10-31,107.16697,10.75,5.7779,0.0229522634055656,0.0,0.0605348653659072,4.42,0.44,6.4,189.52,129713.33,13094.05,2787.06,86471.46,-0.0159548384101406,0.0161495555762194,0.1794531237766274,-0.0462536361979327,-0.022030738620153,0.0443091985631431,0.3503331026113809,-0.0781090817948008,-0.0001973016311465,0.0121991523423172,0.1904201918147399,-0.4930636521549333,-0.0372525854959712,-0.0304254249175448,0.1536548144403842,-0.0893611545109086,0.0013851780898539,0.0167381974248927,-0.1999999999999993,-0.22846455151437914,0,0,0,0
2024-11-30,108.02415,11.25,6.0535,0.0433790049551157,0.5,0.0476989909828831,4.76,0.56,6.2,189.52,125667.83,12071.37,2622.47,82074.5,-0.031188005118672,-0.0759990826741064,0.0300762757748654,-0.0759990826741064,-0.0781026496767615,-0.1501112052195694,0.0982032377140617,-0.1501112052195694,-0.0590550616061369,-0.103560844046858,0.1077756300822859,-0.5230008094073139,-0.0508486846411522,-0.1164533905466665,0.0321596770220851,-0.1356659419871664,0.0079985465670999,0.0167381974248927,-0.2000000000000001,0.02820440398377793,0,0,0,0
2024-12-31,108.23273,12.25,6.1923,0.0414428485600689,1.0,0.0229288841166268,4.87,0.39,6.1,191.23,120283.4,11829.57,2431.66,77455.44,-0.0428465264340126,-0.0874931837030343,0.0467147379742933,-0.1155893124033623,-0.0200308664219555,-0.1164723034247465,0.1141962408202882,-0.167135214141333,-0.072759650253387,-0.1276900283755619,0.133546591845988,-0.5577071036859864,-0.0562788685889039,-0.1376342599133642,0.0339511489644835,-0.1843096848549847,0.0019308645335325,0.0090227944280285,-0.1000000000000005,0.27301433492120364,0,0,0,0
2025-01-31,107.99539,13.25,5.8301,0.0279785719705299,1.0,-0.0584919981267058,4.83,0.52,6.2,191.23,126134.94,13111.02,2477.24,81520.65,0.048647943107694,-0.0275869103044382,0.172516304766718,-0.0725645515893245,0.1083260000152162,0.0012960084924069,0.3304646988649085,-0.0769143033357341,0.0187443968317939,-0.1111637352622477,0.1709594227657116,-0.549416590121593,0.0524844994747946,-0.0572536880954711,0.2123049884944111,-0.1414985869381611,-0.0021928671668912,0.0090227944280285,0.1000000000000005,0.012628695241719287,0,0,0,0
2025-02-28,107.3722,13.25,5.8488,0.0246424457020829,0.0,0.0032074921527931,4.56,0.16,6.5,191.23,122799.09,12702.7,2340.66,83654.12,-0.0264466768684394,-0.0228279584361408,0.1689934612454083,-0.0970921372097779,-0.0311432672667725,0.0522997803894669,0.2685168416702412,-0.1056622078970842,-0.0551339393841533,-0.1074597612174781,0.1681764839604476,-0.5742590285293343,0.0261709149767574,0.0192461726845731,0.1965697930594586,-0.1190308194494935,-0.0057705240936672,0.0090227944280285,0.2999999999999998,-0.022761050586054574,0,0,0,0
2025-03-31,108.10202,14.25,5.7422,0.0280924629134486,1.0,-0.0182259608808643,5.06,1.31,6.8,191.41,130259.54,13856.09,2627.85,85279.93,0.0607533003705482,0.0829386266101557,0.1636433784441109,-0.0422375046147537,0.0907988065529374,0.1713096925754698,0.263168191065298,-0.0244574037189503,0.1226961626207991,0.0806815097505408,0.3094754379648907,-0.5220222450594324,0.0194349064935475,0.101019244096993,0.0604988286770447,-0.1019092658017973,0.0067971039058525,0.0009412749045651,0.2999999999999998,0.219063172194616,0,0,0,0
2025-04-30,108.64347,14.25,5.6608,0.0600455169643748,0.0,-0.0141757514541465,5.48,0.56,7.0,191.41,135066.97,15141.16,2960.92,96101.0,0.036906548265102,0.070813289323323,0.1561162051247711,-0.0068897968523135,0.0927440569453574,0.1548422624631797,0.2458524861252465,0.0,0.1267461993644996,0.195249551920686,0.3597786342959966,-0.4614403812399392,0.1268888236657794,0.1788546828318959,0.2084985144150089,0.0,0.0050086945646343,0.0009412749045651,0.2000000000000001,0.19184782005283005,0,0,0,0
2025-05-31,110.0586,14.75,5.7087,0.0308475365828952,0.5,0.008461701526286,5.53,0.43,6.6,191.41,137026.62,15377.48,3031.19,100517.93,0.0145087285218583,0.1158602233941636,0.0801110521800593,0.0,0.0156077869859376,0.2105678320357089,0.152364546833354,0.0,0.0237324885508558,0.2950150812164092,0.2020991647614811,-0.4486590212537629,0.0459613323482586,0.2015897124971251,0.1939033493018091,0.0,0.0130254492055528,0.0009412749045651,-0.4000000000000003,-0.2050311330431494,0,0,0,0
2025-06-30,109.59971,15.0,5.4571,0.0213434493887125,0.25,-0.0440730814371048,5.32,0.26,6.2,193.84,138854.6,15610.55,2977.24,101295.47,0.0133403275947403,0.0659841114132602,0.046008569781325,0.0,0.0151565796216284,0.1266201359835277,0.1547257209955624,0.0,-0.0177982904403881,0.1329565995014936,0.2577973613215301,-0.4584719481251763,0.0077353363723269,0.1877996382032678,0.2107512237378005,0.0,-0.0041695060631335,0.0126952614805915,-0.3999999999999994,-0.4619241337983242,0,0,0,0
2025-07-31,108.80425,15.0,5.6021,0.0221944077470551,0.0,0.0265708893001779,5.35,0.24,5.8,193.84,133071.05,14376.02,2714.37,96654.78,-0.0416518430070016,-0.0147772619760405,0.111171163371315,-0.0416518430070016,-0.0790830560101981,-0.0505337768044191,0.1889320949940692,-0.0790830560101981,-0.0882931842914914,-0.0832680383124164,0.1961840311466683,-0.5062851842083724,-0.0458134011323507,0.0057624790584904,0.1596953083977959,-0.0458134011323507,-0.0072578659195358,0.0126952614805915,-0.4000000000000003,-0.261749081983763,0,0,0,0
2025-08-31,108.90168,15.0,5.4264,0.0240649633674956,0.0,-0.0313632387854554,5.23,0.26,5.6,193.84,141422.26,15563.48,2939.51,104005.03,0.0627575269001035,0.0320787303955976,0.1809282451088044,0.0,0.0826000520310905,0.012095609943892,0.2813224424768007,-0.0030152685203276,0.0829437401680686,-0.0302455471283554,0.2981294050863234,-0.4653346308102258,0.0760464200528934,0.0346913232295971,0.2115830213474502,0.0,0.0008954613445706,0.0126952614805915,-0.2000000000000001,-0.4442178833263029,0,0,0,0
2025-09-30,108.39998,15.0,5.3186,0.0215804353471411,0.0,-0.0198658410732713,5.13,-0.11,5.6,194.5,146237.02,16222.59,2983.37,108648.98,0.0340452768892249,0.0531665497578039,0.1868462672127523,0.0,0.0423497829534269,0.039206818465717,0.2915731330746409,0.0,0.0149208541559646,0.002058953930486,0.2986715086928033,-0.4573569668143001,0.0446512058118726,0.0725946579842118,0.2191771913594661,0.0,-0.0046069078089521,0.0034048699958728,0.0,-0.20750134512155483,0,0,0,0
2025-10-31,108.79892,15.0,5.3843,0.0261259470055275,0.0,0.012352874816681,5.17,0.48,5.6,194.5,149540.43,16250.98,2996.78,112068.91,0.0225894236630368,0.1237638088825481,0.0716813279939877,0.0,0.0017500288178398,0.1304227456556126,0.1400367840981623,0.0,0.0044949168222514,0.1040425586784412,0.1475806970782107,-0.4549178315159562,0.031476871665063,0.1594761273058611,0.0793179324106023,0.0,0.0036802589815976,0.0034048699958728,0.0,-0.14715207814752881,0,0,0,0
2025-11-30,108.7209,15.0,5.3338,0.0226067565531456,0.0,-0.009379120777074,4.68,0.09,5.4,194.5,159072.13,17627.42,3207.96,122622.51,0.0637399531350819,0.124802630081007,0.0735714135560259,0.0,0.084698892005282,0.1326142996296457,0.1436822952033066,0.0,0.0704689700278298,0.0913247446002905,0.1228565752621571,-0.4165064525223496,0.0941706312660664,0.1790055730958397,0.1145097731238128,0.0,-0.0007171027065341,0.0034048699958728,-0.1999999999999993,-0.3282831478572245,0,0,0,0
2025-12-31,108.73364,15.0,5.5024,0.0310742624799671,0.0,0.0316097341482619,4.46,0.18,5.2,194.69,161125.37,17296.03,3111.9,123055.71,0.0129076036135304,0.1018097195908396,0.0934989997078243,0.0,-0.0187996882130225,0.0661694587609005,0.1898144403428907,-0.0187996882130225,-0.0299442636441851,0.0430821520629356,0.1767566142696948,-0.4339787371427013,0.0035327934487723,0.1325988518253922,0.1607892822576217,0.0,0.0001171807812481,0.0009768637532132,-0.2000000000000001,-0.116186415825289,0,0,0,0
2026-01-31,109.24151,15.0,5.2301,0.0221944395475265,0.0,-0.0494874963652223,4.26,0.33,5.1,194.69,181363.9,19868.71,3338.26,126270.22,0.12560734538577,0.2128084692547693,0.1955133436740887,0.0,0.1487439603192177,0.222616112997493,0.2928637944370604,0.0,0.0727401266107523,0.1139489718965023,0.2031357164593316,-0.3928062788180834,0.0261223961082341,0.1267194443133246,0.1634384905742952,0.0,0.0046707716213676,0.0009768637532132,-0.1000000000000005,-0.4876975524673601,0,0,0,0
2026-02-28,109.46142,15.0,5.1495,0.0232183787917943,0.0,-0.0154107952046806,4.44,0.33,5.4,194.69,188786.98,20601.38,3441.15,132056.17,0.0409292036618094,0.1868011071455446,0.2032576175724706,0.0,0.0368755696771456,0.1687121541325957,0.295584659038587,0.0,0.0308214459029554,0.0726910559982045,0.1788503913950308,-0.3740916903880608,0.0458219681568623,0.0769325305769716,0.0733039914970898,0.0,0.0020130626169483,0.0009768637532132,0.3000000000000007,-0.13251024052552599,0,0,0,0
2026-03-31,110.07661,14.75,5.2194,0.0388693866305128,-0.25,0.0135741334110108,3.81,0.7,5.8,195.19,187461.84,19312.06,3255.71,132693.92,-0.0070192340594674,0.1634532786487939,0.2326338321959135,-0.0070192340594674,-0.0625841569836583,0.1165602742363423,0.3662413062860805,-0.0625841569836583,-0.0538889615390204,0.0462129245798386,0.2234634416942091,-0.4078212392116919,0.0048293843445557,0.0783239558733195,0.0710191159685351,0.0,0.0056201536577911,0.0025681853202526,0.3999999999999994,-0.016836016384893245,0,0,0,0
2026-04-30,110.77581,14.5,4.9886,0.0283079758788311,-0.25,-0.0442196421044565,4.14,0.88,6.1,195.19,187317.64,19328.45,3084.27,139021.25,-0.0007692232189761,0.0328275913784386,0.0902981076185946,-0.0077830579206256,0.0008486924750648,-0.0271914985925104,0.1744356586184648,-0.0617885792116839,-0.052658252731355,-0.0760845470394757,0.1682036138567187,-0.4390043380594233,0.0476836466960957,0.1009820842950934,0.0839088264282958,0.0,0.0063519397990181,0.0025681853202526,0.2999999999999998,-0.3450369991653913,0,0,0,0
2026-05-31,110.60765,14.5,5.0569,0.0302949165669284,0.0,0.0136912159724171,4.39,0.67,5.8,195.19,173787.49,17912.91,2981.06,126796.41,-0.0722310509570802,-0.0794519304244393,0.1371016887005007,-0.0794519304244393,-0.0732360846317217,-0.1304995102269848,0.1387497326270217,-0.1304995102269848,-0.033463347891073,-0.1337023960013368,0.0396778202247033,-0.4577771310603236,-0.0879350459012561,-0.0398297179147328,0.2401422790861267,-0.0879350459012561,-0.0015180209469919,0.0025681853202526,-0.2999999999999998,-0.22935920147653968,0,0,0,0
2026-06-30,110.90086,14.25,5.1766,0.0354226825954232,-0.25,0.0236706282505092,4.72,0.58,5.6,197.34,172024.12,18026.55,2948.41,128088.55,-0.0101467027344718,-0.082351266796485,0.1345302660367555,-0.0887924580392144,0.0063440278547706,-0.0665651411604977,0.1539593921348131,-0.1249833749001281,-0.0109524799903389,-0.0943880136744366,0.0723125857012044,-0.4637158161826896,0.0101906670701481,-0.0347067145201529,0.242597645698358,-0.0786404956076858,0.0026509016329339,0.011014908550643,-0.2000000000000001,-0.27460333737056,0,0,0,0
2026-07-31,110.93102,14.25,5.0773,0.0195713650411206,0.0,-0.0191824749835798,4.64,0.16,5.4,197.34,177999.0,18886.12,2866.37,127419.41,0.0347328037486835,-0.049747797377759,0.1860639815220208,-0.05714366530997,0.0476835556443135,-0.0228849183457546,0.2129014338406909,-0.0832594709674789,-0.0278251667848093,-0.0706488083079627,0.0405762447620667,-0.4786380130414617,-0.00522404227388,-0.0834537166080724,0.1827970400819169,-0.0834537166080724,0.0002719546088281,0.011014908550643,-0.1999999999999993,-0.4602494660466329,0,0,0,0
2026-08-31,110.22154,14.0,5.1625,0.0207589464108636,-0.25,0.0167805723514464,4.44,0.07,,197.34,166783.57,16898.68,2660.59,117712.88,-0.0630083876875712,-0.0403016350601529,0.1694807855872218,-0.1165515227798018,-0.1052328376606734,-0.0566200578242173,0.2740137836588499,-0.1797306782361182,-0.0717911504795263,-0.1075020294794468,0.1088029329457647,-0.516067189901507,-0.0761777974015104,-0.0716387001808647,0.1595716784775082,-0.1532741936934101,-0.0063956862561977,0.011014908550643,,-0.30383572796286235,0,0,0,0
