date,ibc_br,selic,usd_brl,usd_brl_volatility,selic_change,usd_brl_return,ipca_12m,ipca_month,unemployment,pib_index,ibovespa,ifnc,icon,iee,ibovespa_return_1m,ibovespa_return_3m,ibovespa_volatility_3m_ann,ibovespa_drawdown,ifnc_return_1m,ifnc_return_3m,ifnc_volatility_3m_ann,ifnc_drawdown,icon_return_1m,icon_return_3m,icon_volatility_3m_ann,icon_drawdown,iee_return_1m,iee_return_3m,iee_volatility_3m_ann,iee_drawdown,ibc_br_change,pib_change_3m,unemployment_change
2015-01-31,101.77278,12.25,2.6623,0.04047614378289992,0.5,0.002296513816730572,6.41,0.78,6.6,174.33,46907.68,4672.08,2603.85,24635.26,-0.06198541376168054,-0.14133475871613033,0.1573537698223928,-0.3160819809088351,-0.0539647956198025,-0.09448618979415035,0.250752693348159,-0.18656320132041937,-0.026066563432752154,-0.056603431784585934,0.14726481495692567,-0.08150847290223362,,,,0.0,0.0018555034444793783,-0.0005732958780025887,0.0
2015-02-28,102.18535,12.25,2.8782,0.02700818969534949,0.0,0.08109529354317702,7.14,1.24,6.9,174.33,51583.09,5240.87,2691.98,26521.88,0.0996725909275411,-0.057395475476938906,0.35003864299491116,-0.24791409996398717,0.1217423503022208,-0.032949898882541295,0.3908419125733709,-0.0875334936268527,0.033846035677938424,-0.050421175906198434,0.15988327326228713,-0.050421175906198434,0.07658210223882356,,,0.0,0.004053834433922265,-0.0005732958780025887,0.3000000000000007
2015-03-31,101.30483,12.75,3.208,0.06260405203347129,0.5,0.11458550482940733,7.7,1.22,7.5,175.24,51150.16,5209.79,2718.59,27504.07,-0.008392866732101378,0.022851613390895364,0.2852494161831221,-0.25422625669408205,-0.005930313096871309,0.054914459390230874,0.3145810598835438,-0.09294470570005386,0.009884917421377537,0.016850318304570067,0.10446208590592149,-0.041034667644942346,0.03703319674170902,,,0.0,-0.008616890777396247,0.005219985085756829,0.5999999999999996
2015-04-30,100.64945,13.25,2.9936,0.052538945575001175,0.5,-0.06683291770573574,8.13,1.32,8.0,175.24,56229.38,5680.84,2861.68,29453.36,0.09930017814216008,0.1987243879893441,0.21575946674368818,-0.18017079113005874,0.09041631236575753,0.21591239876029533,0.2304964289105179,-0.010932110877615697,0.052633902133090826,0.09901876068129889,0.07422391539017362,0.0,0.07087278355530668,0.1955773959763365,0.07405173707030327,0.0,-0.00646938551695897,0.005219985085756829,0.5
2015-05-31,100.46625,13.25,3.1788,0.044698171117402735,0.0,0.061865312667023,8.17,0.71,8.1,175.24,52760.47,5172.88,2793.34,30202.54,-0.061692126073593534,0.022824921888161542,0.2841025342278349,-0.23074779804247758,-0.08941635391949077,-0.012973036919442738,0.31174470039932894,-0.09937095530178652,-0.023881076849962102,0.037652582857227834,0.13283192441421196,-0.023881076849962102,0.025436147183207636,0.1387782464893137,0.08178138075366183,0.0,-0.0018201788484686343,0.005219985085756829,0.09999999999999964
2015-06-30,99.12964,13.75,3.1026,0.047359010578378526,0.5,-0.023971309928274787,8.47,0.74,8.2,173.84,53080.88,5366.72,2847.94,30253.31,0.006072917849291315,0.037746118487214764,0.2800069472576797,-0.2260761926146031,0.037472355824994974,0.030122135441159825,0.3201362055690422,-0.06562226327252974,0.019546492729134224,0.04757981159350977,0.1329306019650051,-0.004801375415839582,0.0016809844470033752,0.09995756991601623,0.12178916819879923,0.0,-0.013304069774675686,-0.007989043597352197,0.09999999999999964
2015-07-31,98.45711,14.25,3.394,0.044767428504446496,0.5,0.09392122735770014,8.89,0.79,8.4,173.84,50864.77,5147.23,2826.25,29605.9,-0.04174968463220652,-0.09540581809722959,0.12063833102805245,-0.2583872675023,-0.040898351320732385,-0.09393153125242049,0.22179589254679585,-0.1038367722154806,-0.007616031236613141,-0.012380839227306928,0.07600405537260972,-0.012380839227306928,-0.021399641890424537,0.005179035600692217,0.08112477065485338,-0.021399641890424537,-0.00678434825345875,-0.007989043597352197,0.20000000000000107
2015-08-31,97.51139,14.25,3.6467,0.050353583755608895,0.0,0.07445492044784907,9.56,0.62,8.6,173.84,46625.52,4592.7,2656.04,25839.78,-0.08334354013593304,-0.11627929015795357,0.1549990521415637,-0.320195898038541,-0.10773367422866276,-0.11215802415675602,0.25176862112134824,-0.20038372945332483,-0.060224679345422416,-0.04915262732069858,0.14049136954400318,-0.07185988650023756,-0.12720842804981447,-0.14445010254104462,0.23807853827855352,-0.14588585513452912,-0.009605400767907946,-0.007989043597352197,0.1999999999999993
2015-09-30,96.37133,14.25,3.9729,0.09096976759474025,0.0,0.08945073628211819,9.53,0.22,8.8,169.76,45059.34,4388.61,2661.64,25775.84,-0.033590617327163286,-0.1511191977224191,0.09243346280399176,-0.34303093748496427,-0.04443791233914696,-0.18225471051219377,0.13027541866050368,-0.23591700718883357,0.0021084019818977673,-0.06541570398252783,0.11616925139653864,-0.06990299404545586,-0.0024744792718822683,-0.14799934288182026,0.23286141366227933,-0.14799934288182026,-0.011691557263207919,-0.02346985734008289,0.20000000000000107
2015-10-31,96.85754,14.25,3.8589,0.06583291096621204,0.0,-0.028694404591104727,9.49,0.54,9.0,169.76,45868.81,4458.5,2621.57,26711.21,0.01796453299138423,-0.09822043823259197,0.17547998480255947,-0.33122879508709413,0.015925315760571213,-0.13380594999640572,0.21420372818861216,-0.22374874426103353,-0.015054627973730361,-0.07242105263157894,0.11153758259830975,-0.08390525844958197,0.03628863307655528,-0.09777409232619183,0.29594737996351067,-0.11708140365467457,0.005045172667016207,-0.02346985734008289,0.1999999999999993
2015-11-30,96.1621,14.25,3.8506,0.05376940521450566,0.0,-0.0021508720101584,9.93,0.82,9.1,169.76,45120.36,4530.01,2519.29,25242.99,-0.016317188084888135,-0.03228189197675424,0.09090149924074091,-0.3421412606234153,0.016039026578445803,-0.01364992270342058,0.12084032752033574,-0.2112984297386844,-0.039014788847904214,-0.05148642339723797,0.07155104094838001,-0.11964650135584687,-0.05496643544040114,-0.023095784871233316,0.158653533659794,-0.1656122916798195,-0.007180029556810963,-0.02346985734008289,0.09999999999999964
2015-12-31,96.51788,14.25,3.9048,0.05277874027811859,0.0,0.014075728457902503,10.48,1.01,9.1,166.96,43349.96,4325.09,2494.91,24803.21,-0.039237275589113274,-0.03793619702374684,0.09972576112552371,-0.36795384527904096,-0.04523610323156024,-0.014473831121926906,0.12243670721245574,-0.24697621538991887,-0.009677329723850825,-0.06264182984926592,0.054105289084154046,-0.128165972435772,-0.01742186642707555,-0.037734172775746644,0.15888297548422423,-0.18014888288256725,0.0036997944096479607,-0.016493873704052642,0.0
2016-01-31,95.53499,14.25,4.0428,0.05149494721188795,0.0,0.03534111862323286,10.67,0.96,9.1,166.96,40405.99,4151.54,2376.64,24033.84,-0.06791171202926138,-0.11909661488928969,0.08954941225276569,-0.41087718172765275,-0.040126332631228556,-0.06884826735449145,0.11777350180726494,-0.2771922982504096,-0.04740451559374892,-0.09342874689594416,0.06862090900574358,-0.1694948421906013,-0.03101896891571687,-0.10023394672124541,0.06584765768702558,-0.20557981919994872,-0.010183501751178214,-0.016493873704052642,0.0
2016-02-29,95.33322,14.25,3.9796,0.04704315288162327,0.0,-0.015632729791233757,10.71,1.27,9.6,166.96,42793.86,4369.01,2489.89,24618.12,0.05909693092534063,-0.05156208860035694,0.23075109907065183,-0.37606183122966985,0.05238297113842094,-0.035540760395672444,0.19033425713930363,-0.23932948327103243,0.04765130604550971,-0.011669954630074364,0.165804235533067,-0.1299201867434514,0.024310721882146114,-0.024754199086558404,0.09987857434766192,-0.1862668911269545,-0.002112001058460322,-0.016493873704052642,0.5
2016-03-31,94.88503,14.25,3.5589,0.07966359188714772,0.0,-0.10571414212483665,10.36,0.9,10.3,165.68,50055.27,5388.76,2668.88,27859.68,0.169683454589046,0.1546785740978769,0.4118544349684098,-0.27018984730275697,0.23340527945690215,0.2459301424941447,0.4819680284094127,-0.06178496873928163,0.07188670985465229,0.06972997021936678,0.218418682782806,-0.06737301165748777,0.13167374275533628,0.12322880788414081,0.28655579340046367,-0.07911960707770493,-0.004701299295250871,-0.007666506947771934,0.7000000000000011
2016-04-30,94.74894,14.25,3.4508,0.05312894533375474,0.0,-0.030374553935204607,9.39,0.43,11.0,165.68,53910.5,5775.08,2686.94,28667.19,0.07701946268594706,0.3342204955255397,0.2056074500408521,-0.2139802614792664,0.07168996206919576,0.39106933812512956,0.3443651546993654,0.0,0.006766883486706066,0.13056247475427507,0.11401300445081221,-0.061062033490816514,0.028984898606157605,0.19278442396221318,0.2102078252195129,-0.05242798226045353,-0.001434262074849868,-0.007666506947771934,0.6999999999999993
2016-05-31,94.07764,14.25,3.5951,0.04261135249631092,0.0,0.04181639040222551,9.28,0.61,11.3,165.68,48471.7,5170.19,2620.75,27039.62,-0.10088572727019784,0.13267884691869347,0.47632878178991056,-0.2932784344486613,-0.10474140617965466,0.1833779277227563,0.5858720894307161,-0.10474140617965466,-0.024633970241241032,0.0525565386422695,0.17054528482024447,-0.08419180341617505,-0.05677466120676633,0.09836250696641335,0.32684094531702895,-0.10622606253662825,-0.007085039684876726,-0.007666506947771934,0.3000000000000007
2016-06-30,94.02558,14.25,3.2098,0.0510324981933327,0.0,-0.10717365302773219,9.32,0.78,11.3,163.31,51526.92,5536.21,2758.47,30786.94,0.06303100572086406,0.02940050068654121,0.3426795263684687,-0.24873306340733703,0.07079430349755045,0.02736251011364388,0.35197049671334263,-0.04136219757994697,0.05254984260230833,0.03356838823776265,0.13445768051913493,-0.03606622683179117,0.13858626711470068,0.10507155861086703,0.3392139572390183,0.0,-0.000553372724910961,-0.0143046837276678,0.0
2016-07-31,93.7981,14.25,3.239,0.0375955624266634,0.0,0.009097140008723192,8.84,0.35,11.4,163.31,57308.2,6116.24,3036.63,36797.87,0.11219921547804534,0.0630248281874588,0.3865007141809994,-0.1644415025070458,0.10477023089803317,0.05907450632718514,0.38951835665492274,0.0,0.10083850830351615,0.13014432774829365,0.21923721888600756,0.0,0.19524285297596977,0.283623194320755,0.4580146034591611,0.0,-0.002419341630224503,-0.0143046837276678,0.09999999999999964
2016-08-31,93.95613,14.25,3.2403,0.035973310311497954,0.0,0.00040135844396416154,8.74,0.52,11.7,163.31,57901.1,6220.22,3049.37,37048.17,0.01034581438607396,0.19453413022444033,0.17645031907430256,-0.15579696938327692,0.017000640916641663,0.20309311650055428,0.15330768214341525,0.0,0.004195440340113876,0.1635486024992845,0.16739071681975612,0.0,0.006802024138897078,0.37014388515814933,0.3349238761001188,0.0,0.0016847889242959102,-0.0143046837276678,0.29999999999999893
2016-09-30,93.64776,14.25,3.2462,0.04118799044894246,0.0,0.0018208190599635632,8.97,0.44,11.9,163.74,58367.04,6143.07,3115.7,36307.19,0.0080471700883058,0.132748474001551,0.2060439158940443,-0.14900352400684092,-0.012403098282697478,0.10961650659928002,0.2111760870728516,-0.012403098282697478,0.021752034026700562,0.1295029490985946,0.17834117292869914,0.0,-0.02000044806531598,0.17930492604981207,0.40634467421687726,-0.02000044806531598,-0.0032820636609872667,0.002633029208254367,0.20000000000000107
2016-10-31,93.39899,14.0,3.1811,0.022778931693971632,-0.25,-0.020054217238617555,8.48,0.08,11.9,163.74,64924.51,7009.21,3128.43,38503.88,0.11234885305131126,0.1329008763143844,0.20634313524546838,-0.0533950459783018,0.14099464925517702,0.14599982996089111,0.28202823593552867,0.0,0.004085759219436991,0.03023088094367754,0.035223380797131845,0.0,0.06050289212687621,0.04636165082381116,0.14200664435877453,0.0,-0.0026564436778840905,0.002633029208254367,0.0
2016-11-30,93.55464,14.0,3.3967,0.05639916974723177,0.0,0.067775297852944,7.87,0.26,11.9,163.74,61906.35,6465.92,2871.78,34789.92,-0.04648722031171282,0.06917398805894881,0.2795773202768811,-0.09740007902406733,-0.07751087497735121,0.03950021060348341,0.38862464063913,-0.07751087497735121,-0.08203795514043777,-0.058238259050229946,0.1923629553319544,-0.08203795514043777,-0.09645677266810515,-0.060954427708575065,0.2718922349991618,-0.09645677266810515,0.0016665062438041556,0.002633029208254367,0.0
2016-12-31,93.05945,13.75,3.2591,0.03936391375168273,-0.25,-0.04050990667412491,6.99,0.18,12.0,162.87,60227.28,6367.49,2824.88,36108.16,-0.027122742658871046,0.03187141235875579,0.3001872988855321,-0.12188106440461488,-0.015222891715332088,0.03653222248810439,0.38994455268885175,-0.09155382703614245,-0.016331334572982636,-0.09334018037680125,0.1558942710972105,-0.09702950042033853,0.037891435220316794,-0.005481834314360334,0.29392875095444704,-0.062220223000902575,-0.005293056549627084,-0.005313301575668783,0.09999999999999964
2017-01-31,93.11925,13.0,3.127,0.029806848995679588,-0.75,-0.04053266239145792,6.29,0.3,12.1,162.87,64670.78,6927.44,2917.73,38661.59,0.07377885901538317,-0.003908077242323449,0.22369642845565765,-0.057094451256584744,0.0879388895781541,-0.011666079344177183,0.28946768583027327,-0.011666079344177183,0.03286865282773066,-0.06735007655597214,0.19970742250290155,-0.06735007655597214,0.07071614837200224,0.004095950849628549,0.30683444488975803,0.0,0.0006425999723831399,-0.005313301575668783,0.09999999999999964
2017-02-28,92.86383,12.25,3.0993,0.02974516175141022,-0.75,-0.00885833066837216,5.35,0.38,12.7,162.87,66662.1,7328.03,2944.12,40518.88,0.03079164964455372,0.0768216830745152,0.17540302292603938,-0.028060833951771835,0.05782655641911005,0.13333137434425413,0.18376793844777703,0.0,0.00904470255986678,0.025189951876536387,0.08523101110703482,-0.058914535405938384,0.0480396693462426,0.16467298573839773,0.05821805820139813,0.0,-0.0027429344630675034,-0.005313301575668783,0.5999999999999996
2017-03-31,93.41286,12.25,3.1684,0.030932407197115604,0.0,0.022295357016100414,4.76,0.33,13.3,162.68,64984.06,7178.88,2951.58,39971.64,-0.02517232430421501,0.07898048857594109,0.17187904601770798,-0.05252680184350611,-0.020353355540302043,0.1274269767208116,0.19362882840661183,-0.020353355540302043,0.002533864108799966,0.044851462717000246,0.05532035846455989,-0.056529952723890275,-0.013505802727024951,0.10699742108155053,0.15096625371687497,-0.013505802727024951,0.005912204999513726,-0.0011665745686744167,0.6000000000000014
2017-04-30,94.52304,11.25,3.1984,0.03474459564740609,-1.0,0.009468501451836753,4.57,0.25,13.9,162.68,65403.24,7286.25,3145.8,39201.52,0.006450504939211177,0.01132598060515111,0.09720556604499309,-0.04641512129902736,0.014956372024605535,0.0517954684558799,0.1356224775227789,-0.005701395873106363,0.06580204500640341,0.07816693114167528,0.1205541343382398,0.0,-0.019266660061983965,0.013965540475702198,0.12923756875122452,-0.03251225107900324,0.011884659135797726,-0.0011665745686744167,0.5999999999999996
2017-05-31,94.60922,11.25,3.2437,0.09554712318062786,0.0,0.014163331665832946,4.08,0.14,13.7,162.68,62711.47,6733.48,3123.65,37832.98,-0.04115652374408363,-0.05926350955040427,0.0839276729231118,-0.085661360001283,-0.07586481386172594,-0.0811336743981671,0.1585987810260776,-0.0811336743981671,-0.007041134210693634,0.06097917204461778,0.1371179934608459,-0.007041134210693634,-0.034910381026041715,-0.06628761703186259,0.038368462439710066,-0.06628761703186259,0.0009117353821883611,-0.0011665745686744167,-0.20000000000000107
2017-06-30,94.47996,10.25,3.3082,0.02427568814672041,-1.0,0.019884699571476983,3.6,0.31,13.4,164.36,62899.97,6866.06,3030.12,38095.18,0.003005829715042596,-0.03207078782089012,0.09196312772520114,-0.08291301374756321,0.019689670125997427,-0.043575042346438386,0.18655589686137716,-0.06304149955717964,-0.02994253517519574,0.026609476958103784,0.17319138291925312,-0.03677283997711245,0.006930461200783,-0.046944783851750826,0.07323484479818859,-0.05981655958901133,-0.001366251619028147,0.010327022375215211,-0.29999999999999893
2017-07-31,94.25472,9.25,3.1307,0.01820819761318262,-1.0,-0.053654555347318666,3.0,-0.23,13.1,164.36,65920.36,7146.33,3203.31,39621.29,0.04801894182143496,0.007906641933947078,0.1544587801543079,-0.038875467109512396,0.0408196258116007,-0.01920329387545039,0.21537127431165903,-0.02479520416810521,0.05715615223159487,0.018281518214762427,0.15640938015781508,0.0,0.04006044859218405,0.010708003159061175,0.13014513003911748,-0.022152389207204082,-0.0023839976223529735,0.010327022375215211,-0.3000000000000007
2017-08-31,94.85835,9.25,3.1471,0.019091888169480247,0.0,0.0052384450761810974,2.71,0.24,12.9,164.36,70835.05,7626.19,3492.61,41184.5,0.07455496298867303,0.12953898226273441,0.12529660133537912,0.0,0.06714775276260676,0.13257780523592566,0.08236400795938932,0.0,0.09031283266371348,0.11811822707409592,0.21515994190060014,0.0,0.039453788607084705,0.08858725905281584,0.06566172289042291,0.0,0.0064042416125154045,0.010327022375215211,-0.1999999999999993
2017-09-30,94.90523,8.25,3.168,0.022691032835302504,-1.0,0.006641034603285689,2.46,0.19,12.7,165.74,74293.5,8121.9,3744.59,41305.79,0.0488239932067529,0.18113728830077336,0.05228558755602121,0.0,0.06500100312213575,0.1829054799987182,0.05064618073264151,0.0,0.07214661814516932,0.23578934167623733,0.0575167953821737,0.0,0.0029450400029138457,0.08427864102492766,0.0736316550911152,0.0,0.0004942105781937656,0.008396203455828699,-0.20000000000000107
2017-10-31,94.64373,7.5,3.2769,0.02614987471242161,-0.75,0.03437499999999982,2.54,0.16,12.5,165.74,74308.49,7998.89,3648.59,40010.3,0.00020176731477183907,0.12724642280472986,0.1308021510796389,0.0,-0.015145470887353851,0.1193003961473933,0.16248224819268825,-0.015145470887353851,-0.025636985624594377,0.1390062154458982,0.21603705643813753,-0.025636985624594377,-0.03136339965898238,0.009818206322913747,0.12267870157927205,-0.03136339965898238,-0.0027553802883150125,0.008396203455828699,-0.1999999999999993
2017-11-30,94.64511,7.5,3.2616,0.02267225691732807,0.0,-0.004669046965119383,2.7,0.42,12.3,165.74,71970.99,7685.28,3520.24,38901.51,-0.0314567016501075,0.016036411352854385,0.14008118699233932,-0.0314567016501075,-0.03920668992822762,0.007748298953999422,0.18900604672213814,-0.05375835703468401,-0.035177972860749085,0.007910989202916996,0.20577284290318912,-0.05991310130081007,-0.02771261400189451,-0.055433233376634417,0.06527310345044798,-0.058206851872340426,1.4580997600210921e-05,0.008396203455828699,-0.1999999999999993
2017-12-31,94.84934,7.0,3.308,0.02727501163169954,-0.5,0.014226146676477702,2.8,0.28,12.1,166.1,76402.08,8020.86,3759.89,39732.33,0.06156772332852434,0.028381756142865866,0.1638388406775824,0.0,0.043665292611329676,-0.012440438813578147,0.14768489194950016,-0.012440438813578147,0.06807774469922512,0.004085894583919725,0.19766246141304547,0.0,0.021357011591580877,-0.038092964690906506,0.101986255487946,-0.038092964690906506,0.0021578505218071697,0.0021720767467117152,-0.20000000000000107
2018-01-31,95.03448,7.0,3.1624,0.030036977297252757,0.0,-0.04401451027811365,2.95,0.44,11.9,166.1,84912.7,9567.17,3811.04,40582.98,0.11139251706236264,0.14270522789522433,0.25116509709745793,0.0,0.19278606034764367,0.19606220363075377,0.4072478484679011,0.0,0.01360412139716849,0.04452404901619533,0.17893468956391817,0.0,0.021409517136296907,0.014313314321562132,0.09819179884566415,-0.017498999534931947,0.0019519376729453253,0.0021720767467117152,-0.1999999999999993
2018-02-28,96.30407,6.75,3.2449,0.026974499144253046,-0.25,0.026087781431823887,2.86,0.29,12.3,166.1,85353.6,9514.03,3674.68,41965.88,0.005192391715255873,0.18594450347285751,0.18406061343408966,0.0,-0.0055544115971598584,0.23795489559261362,0.35776675492260707,-0.0055544115971598584,-0.03578025945673624,0.043872008726677736,0.17995931615361047,-0.03578025945673624,0.0340758613586285,0.07877252065536777,0.025385356888863307,0.0,0.01335925655614667,0.0021720767467117152,0.40000000000000036
2018-03-31,95.81267,6.5,3.3238,0.01923944501421298,-0.25,0.024315079047120047,2.84,0.32,12.7,167.0,85365.56,9678.91,3651.14,41445.06,0.00014012297079424307,0.1173198426011437,0.2176285240234518,0.0,0.017330195511260582,0.2067172348102324,0.37589202853818915,0.0,-0.0064059999782294375,-0.028923718513041652,0.08604730268512,-0.041957051093664766,-0.012410558291640728,0.04310670932210603,0.08324927615073723,-0.012410558291640728,-0.005102588083764292,0.005418422636965792,0.3999999999999986
2018-04-30,95.43756,6.5,3.4811,0.03339847014533264,0.0,0.047325350502437136,2.68,0.09,13.2,167.0,86115.5,9279.86,3611.64,43820.67,0.008785041649114644,0.014165136663891298,0.015044412382560803,0.0,-0.0412288160547003,-0.030030824162213032,0.10223038894075895,-0.0412288160547003,-0.010818538867312655,-0.05232167597296278,0.05487085044252164,-0.05232167597296278,0.057319497184948,0.07977950362442576,0.12299214979091612,0.0,-0.00391503545407923,0.005418422636965792,0.5
2018-05-31,95.46274,6.5,3.737,0.04220100812030791,0.0,0.0735112464450891,2.76,0.22,13.0,167.0,76753.61,7931.81,3222.06,40116.27,-0.10871318171525446,-0.10075720297679303,0.22684624331829553,-0.10871318171525446,-0.14526620013664004,-0.1663038691280141,0.2852736335516627,-0.18050586274694147,-0.10786789381001427,-0.12317262999771406,0.1986583181957129,-0.15454574079516348,-0.08453544868209462,-0.04407413832380025,0.2457116444841174,-0.08453544868209462,0.0002638374241754615,0.005418422636965792,-0.1999999999999993
2018-06-30,96.00704,6.5,3.8558,0.056854301811798125,0.0,0.03179020604763183,2.86,0.4,12.8,168.04,72762.52,7399.54,3075.33,38562.41,-0.05199872683512863,-0.14763611929682174,0.2035535722962339,-0.15505896151099385,-0.06710574257325885,-0.23549862536174015,0.18762968709229996,-0.23549862536174015,-0.045539189214353515,-0.15770690797942555,0.17034651902454082,-0.19304704227717373,-0.03873391020650707,-0.0695535245937633,0.25078621838203574,-0.11999497041008267,0.005701700998735237,0.006227544910179628,-0.1999999999999993
2018-07-31,93.05679,6.5,3.7549,0.04134271190675183,0.0,-0.026168369728720275,4.39,1.26,12.6,168.04,79220.44,8276.01,3277.41,40684.0,0.08875338567163427,-0.08006758365218802,0.3521952066767147,-0.08006758365218802,0.11844925495368641,-0.10817512333160206,0.46922394544021273,-0.14494400712476918,0.06571002136356086,-0.09254244609097251,0.30459989135515836,-0.1400221461858181,0.05501704898630555,-0.07157969058893898,0.24642208862759,-0.07157969058893898,-0.030729517335395418,0.006227544910179628,-0.20000000000000107
2018-08-31,95.75667,6.5,4.1353,0.04131541556829647,0.0,0.10130762470372034,4.48,0.33,12.4,168.04,76677.53,7884.38,3114.02,39715.86,-0.03209916531642598,-0.0009912237352744935,0.26386545360874636,-0.10959664636447564,-0.047321112468447946,-0.00597971963524091,0.3529926441468104,-0.18540620793043838,-0.04985339032955893,-0.03353134330211105,0.22693567946722298,-0.18289495780679288,-0.02379657850752137,-0.009981237039236146,0.17449328988011878,-0.09367291736981653,0.029013250940635116,0.006227544910179628,-0.1999999999999993
2018-09-30,96.06905,6.5,4.0039,0.0424771215854132,0.0,-0.03177520373370735,4.19,-0.09,12.2,167.83,79342.43,8090.79,3129.76,39350.87,0.034754640635920264,0.09042993563169599,0.20971711859582512,-0.07865099778785478,0.026179610825454835,0.09341796922511403,0.287735497523496,-0.1640804594732258,0.005054559700965466,0.01769891361252296,0.2002442015550545,-0.17876485158906752,-0.00919003138796437,0.02044633621187053,0.14524109795563675,-0.10200209170695007,0.0032622270594833136,-0.001249702451797119,-0.20000000000000107
2018-10-31,96.80783,6.5,3.7177,0.049839222963611554,0.0,-0.07148030670096661,4.53,0.48,12.0,167.83,87423.55,9430.18,3271.7,45595.48,0.10185117849302072,0.10354789748706272,0.23200892814455323,0.0,0.1655450209435667,0.13945971549091896,0.3745318801274415,-0.02569814162958428,0.045351720259700246,-0.001742229382347693,0.16554610963694735,-0.14152042487090144,0.1586905194218069,0.1207226428079835,0.35127986412436507,0.0,0.0076900937398671765,-0.001249702451797119,-0.1999999999999993
2018-11-30,96.28644,6.5,3.8633,0.02926290019010319,0.0,0.039163999246846215,4.56,0.45,11.8,167.83,89504.03,10086.1,3405.04,47257.39,0.023797706682009645,0.16727847128096074,0.1463854108566284,0.0,0.06955540615343514,0.27925087324558184,0.24705539178606195,0.0,0.040755570498517635,0.09345476265406139,0.0764139766494403,-0.10653260002518994,0.03644900766479475,0.18988711310796247,0.30069848161402857,0.0,-0.005385824679677187,-0.001249702451797119,-0.1999999999999993
2018-12-31,96.60347,6.5,3.8748,0.03563664757909596,0.0,0.0029767297388243463,4.05,-0.21,11.7,169.44,87887.27,10126.84,3399.97,49266.22,-0.01806354417784306,0.1076957184195142,0.2108281266744737,-0.01806354417784306,0.004039222296031042,0.2516503332801865,0.28139118497768706,0.0,-0.001488969292578135,0.08633569347170367,0.08944021391434183,-0.10786294554767206,0.04250827225117604,0.2519728280467497,0.23865463096946188,0.0,0.0032925716227538704,0.009593040576774126,-0.10000000000000142
2019-01-31,96.88802,6.5,3.6519,0.03915510842753574,0.0,-0.05752554970579127,3.75,0.15,11.7,169.44,97393.75,11521.57,3818.38,55793.07,0.10816674587798669,0.11404478541537144,0.2227311618340941,0.0,0.13772608237120365,0.2217762545359685,0.23156764886306494,0.0,0.1230628505545639,0.16709355992297592,0.21941852847752313,0.0,0.13248124171085185,0.22365352881469813,0.18630104614089618,0.0,0.0029455463659844305,0.009593040576774126,0.0
2019-02-28,97.16331,6.5,3.7385,0.03141633761452524,0.0,0.023713683288151488,3.78,0.32,12.2,169.44,95584.35,11229.69,3654.11,55826.46,-0.01857819418597184,0.06793347740878275,0.2529768006123336,-0.01857819418597184,-0.02533335300657802,0.11338277431316368,0.3010757519375723,-0.02533335300657802,-0.04302086225048318,0.07314745201231121,0.299405589857675,-0.04302086225048318,0.0005984614218217388,0.18132761881263448,0.23342936924863825,0.0,0.002841321352216708,0.009593040576774126,0.5
2019-03-31,96.94771,6.5,3.8967,0.045438839707551075,0.0,0.04231643707369259,3.89,0.43,12.5,169.02,95414.56,11004.45,3625.62,57449.27,-0.0017763368166442417,0.08564710224814132,0.23847039093050565,-0.02032152987229674,-0.020057543885895313,0.08666178195764918,0.32097316505414847,-0.04488277205276703,-0.007796700154073188,0.06636823266087655,0.3031460481885584,-0.05048214164121967,0.02906883223475032,0.1660985965637305,0.2404069723807655,0.0,-0.002218944578977311,-0.002478753541076406,0.3000000000000007
2019-04-30,96.39425,6.5,3.9453,0.022878574174550595,0.0,0.012472091769959226,4.58,0.75,12.8,169.02,96353.33,11142.39,3928.49,58734.74,0.00983885478275015,-0.010682615670923434,0.04949229756316843,-0.010682615670923434,0.012534929051429167,-0.03291044536465082,0.07105083025655663,-0.03291044536465082,0.08353605728123736,0.028836836564197332,0.2262700512992819,0.0,0.02237574124092445,0.052724648419597564,0.051567613821015816,0.0,-0.0057088506783709025,-0.002478753541076406,0.3000000000000007
2019-05-31,95.79732,6.5,3.9407,0.036509373630619006,0.0,-0.0011659442881403193,4.94,0.57,12.6,169.02,97030.32,11628.26,3967.14,61954.74,0.007026119387882224,0.015127685651469047,0.020990826164054604,-0.003731553616120098,0.04360554602737832,0.03549252027437966,0.11027820771795338,0.0,0.009838385741086197,0.08566518249313781,0.167833343681802,0.0,0.054822750556144495,0.10977375244642062,0.059344253124604805,0.0,-0.006192589288261496,-0.002478753541076406,-0.20000000000000107
2019-06-30,95.77798,6.5,3.8322,0.02767353868220638,0.0,-0.027533179384373385,4.66,0.13,12.4,169.51,100967.2,12005.39,4126.17,63830.97,0.040573709331268804,0.05819489184879112,0.06446679076128636,0.0,0.03243219535854891,0.09095774891066788,0.054518404432472335,0.0,0.04008681317019325,0.1380591457461069,0.1283288819104652,0.0,0.030283881426990122,0.11108409210421666,0.05860892752545708,0.0,-0.00020188456211511774,0.002899065199384543,-0.1999999999999993
2019-07-31,97.10725,6.5,3.7649,0.02416331223755854,0.0,-0.01756171389802197,3.37,0.01,12.1,169.51,101812.13,11854.86,4513.14,66282.51,0.00836836121037332,0.056653983832214205,0.06579402483064413,0.0,-0.012538534774796939,0.0639422960424112,0.10295016408938973,-0.012538534774796939,0.09378430845069397,0.14882308469666472,0.147277332274188,0.0,0.03840674832295354,0.1285060596165064,0.04330409204838196,0.0,0.013878659792156745,0.002899065199384543,-0.3000000000000007
2019-08-31,96.5971,6.0,4.1385,0.0367996183405004,-0.5,0.09923238333023443,3.22,0.19,11.9,169.51,101134.61,11994.7,4715.25,67856.73,-0.0066546098190855,0.042299046318717615,0.08358693960072631,-0.0066546098190855,0.011796006026220551,0.031512883268864034,0.07797934027526025,-0.0008904333803398945,0.04478256823408966,0.18857665723922024,0.10302079071017724,0.0,0.02375015671554981,0.0952629290349698,0.025435652252716906,0.0,-0.005253469746079653,0.002899065199384543,-0.1999999999999993
2019-09-30,96.39424,5.5,4.1644,0.028350909780072424,-0.5,0.0062583061495711245,3.43,0.11,11.9,170.5,104745.32,12245.31,4839.88,68121.98,0.035702021296171615,0.037419280716906256,0.07438955345573565,0.0,0.020893394582607305,0.019984357026302302,0.059876978131846906,0.0,0.026431260272520074,0.17297154504055823,0.1206181922186479,0.0,0.003908971151424412,0.06722457766190915,0.05997641122829336,0.0,-0.0021000630453709146,0.005840363400389403,0.0
2019-10-31,96.62189,5.0,4.0041,0.02959535095579907,-0.5,-0.0384929401594466,2.89,-0.04,11.9,170.5,107219.83,12846.17,4744.5,67949.19,0.023624062631151466,0.053114496278586776,0.07558782031910467,0.0,0.04906858217554322,0.08362055730729834,0.06731788183313793,0.0,-0.019707100176037495,0.05126364349432988,0.11510374572905563,-0.019707100176037495,-0.0025364794153075465,0.02514509483723537,0.047459534693763204,-0.0025364794153075465,0.0023616556341954364,0.005840363400389403,0.0
2019-11-30,96.94457,5.0,4.224,0.02579829873237284,0.0,0.054918708323967946,2.54,0.1,11.7,170.5,108233.28,12545.49,4886.19,69397.56,0.009452076169119028,0.07019031368193329,0.045514435181977654,0.0,-0.023406198111966425,0.045919447756092246,0.12656135971555582,-0.023406198111966425,0.029864053114132094,0.03625258469858439,0.09589402077389332,0.0,0.021315485879964013,0.022707106575869496,0.04274217674498593,0.0,0.003339615898633408,0.005840363400389403,-0.20000000000000107
2019-12-31,98.08033,4.5,4.0307,0.016290969593778924,-0.5,-0.04576231060606051,3.27,0.51,11.3,170.54,115645.34,13220.73,5278.33,76627.21,0.06848226349603381,0.10406211943407095,0.10674892412539616,0.0,0.053823326151469564,0.0796566195547519,0.1499306558776833,0.0,0.08025475882026689,0.09059108903526525,0.17314095826277973,0.0,0.10417729384145513,0.12485294760956767,0.19402486886886208,0.0,0.011715560758070342,0.00023460410557185618,-0.3999999999999986
2020-01-31,97.91976,4.5,4.2695,0.023685547397672563,0.0,0.05924529238097587,4.31,1.15,11.1,170.54,113760.57,12722.87,5471.42,78308.77,-0.016297846502072555,0.06100308123972975,0.15056751697968587,-0.016297846502072555,-0.03765752723185478,-0.009598191523232158,0.1705065766202666,-0.03765752723185478,0.03658164608881975,0.153213194224892,0.09478069479160343,0.0,0.02194468518428372,0.15246068422596348,0.16509801353726233,0.0,-0.0016371274444122452,0.00023460410557185618,-0.20000000000000107
2020-02-29,97.59895,4.25,4.4987,0.023522734981299184,-0.25,0.053683101065698624,4.19,0.21,11.3,170.54,104171.57,12048.72,4924.48,75555.55,-0.08429106851345769,-0.037527366813608465,0.2651431170672278,-0.09921515211940224,-0.052987258378023316,-0.03959749678968305,0.20006123142821627,-0.08864941648456626,-0.09996308088211114,0.00783637148780536,0.3256693813861284,-0.09996308088211114,-0.03515851417408289,0.08873496416876914,0.2426414832581917,-0.03515851417408289,-0.0032762539450668093,0.00023460410557185618,0.20000000000000107
2020-03-31,97.60548,3.75,5.1987,0.08452942825737118,-0.5,0.15560050681307924,4.01,0.25,11.7,172.04,73019.76,8116.88,3372.66,57650.79,-0.29904329943380914,-0.368588825109598,0.511246692074052,-0.368588825109598,-0.3263284398674714,-0.38604903057546747,0.5626389569820796,-0.38604903057546747,-0.3151236272662291,-0.3610365399662393,0.614223285930496,-0.38358597950806195,-0.23697478213049872,-0.2476459732776386,0.47123215497966126,-0.26380161506814626,6.690645749762858e-05,0.00879559047730738,0.3999999999999986
2020-04-30,97.74638,3.75,5.427,0.06788900395465246,0.0,0.04391482486006115,3.3,0.07,12.4,172.04,80505.89,8410.76,3968.63,61335.14,0.10252197487365078,-0.29232167173564627,0.6960923838032523,-0.30385530450254195,0.0362060299031155,-0.33892588700505466,0.6543731136657288,-0.3638203034174361,0.17670622001624836,-0.2746617879819133,0.8540919873852046,-0.2746617879819133,0.06390805746113792,-0.21675260638112437,0.5311769475196351,-0.21675260638112437,0.0014435664882750388,0.00879559047730738,0.7000000000000011
2020-05-31,91.27259,3.0,5.4263,0.07577074211848851,-0.75,-0.00012898470609901125,2.4,-0.31,12.7,172.04,87402.59,8779.31,4272.4,66370.28,0.08566702386620406,-0.16097463060218842,0.7868173762146966,-0.24421866025902994,0.043818870113996766,-0.27134915576094387,0.7328004205708867,-0.3359436279237228,0.07654278680552218,-0.13241601143674053,0.9003686933054581,-0.21914237985751417,0.0820922557607271,-0.12156975893895294,0.620749422709689,-0.15245406102024084,-0.06623048342046023,0.00879559047730738,0.29999999999999893
2020-06-30,82.96008,2.25,5.476,0.08905006326177428,-0.75,0.00915909551628169,1.88,-0.38,13.1,168.09,95055.82,9926.25,4703.23,70159.54,0.0875629658114252,0.3017821477364486,0.03198299302588313,-0.17804020464637826,0.1306412462938431,0.22291446959915628,0.18173656999269427,-0.24919047586630994,0.10084027712760979,0.39451649439907954,0.18099018028000022,-0.14040048104514014,0.05709272282714495,0.21697447684585058,0.04476808016587819,-0.10406535564279717,-0.09107345370609066,-0.022959776796093845,0.40000000000000036
2020-07-31,85.48797,2.25,5.2033,0.0504377682348819,0.0,-0.04979912344777215,2.13,0.26,13.6,168.09,102912.24,10850.73,5061.51,76523.66,0.08265059414562925,0.27831938756282315,0.008581939116744007,-0.11010473919658148,0.09313486966377016,0.29010101346370587,0.1508437675545456,-0.17926392869380137,0.07617743550708789,0.27537966502294253,0.04896442125302751,-0.07491839412803258,0.09070926063654361,0.24763161867731953,0.06048637919759688,-0.022795786474490654,0.030471161551435255,-0.022959776796093845,0.5
2020-08-31,89.37903,2.0,5.4713,0.053745538652862766,-0.25,0.051505775181135194,2.31,0.36,14.1,168.09,99369.15,9993.37,4986.61,71966.61,-0.03442826625870754,0.1369131052066077,0.2392214524282891,-0.14074229017788353,-0.0790140386867979,0.1382864940411037,0.3872913979280278,-0.24411360038363983,-0.01479795555081398,0.16716833629809935,0.21098330925419778,-0.08860771061260153,-0.059550863092538986,0.08431981905153929,0.27318090172474546,-0.08098914080760056,0.0455158778480762,-0.022959776796093845,0.5
2020-09-30,91.74207,2.0,5.6407,0.04964121043484772,0.0,0.030961563065450504,2.44,0.24,14.8,153.17,94603.38,9344.67,4789.32,68569.31,-0.047960257283070185,-0.004759729598882045,0.24879617700274828,-0.18195251101341392,-0.06491303734375897,-0.058590102002266664,0.33109885470846717,-0.2931804824695762,-0.03956395226416343,0.018304441841032748,0.21112055899205487,-0.12466599164385117,-0.04720661428959905,-0.02266591257582351,0.2889680737321388,-0.12437253196544917,0.026438416259384256,-0.08876197275269215,0.7000000000000011
2020-10-31,93.49745,2.0,5.7718,0.03754346912510507,0.0,0.02324179623096434,3.14,0.64,14.9,153.17,93952.4,9341.44,4652.51,69951.35,-0.006881149489584959,-0.08706291885202389,0.07251829452605606,-0.1875816180747102,-0.000345651585342166,-0.13909571061117543,0.14530313604115488,-0.2934247957563614,-0.028565641886530768,-0.08080592550444432,0.042985267508926485,-0.1496704694576545,0.02015537271703627,-0.0858859861120077,0.14861427790708723,-0.10672393398593794,0.0191338608339664,-0.08876197275269215,0.09999999999999964
2020-11-30,95.36272,2.0,5.3317,0.06500284764208182,0.0,-0.07625004331404417,3.92,0.86,14.6,153.17,108893.32,10923.15,5068.06,77283.13,0.15902648575235978,0.09584634667801839,0.3796217810429167,-0.05838557783651277,0.16932186044121678,0.09303968531136131,0.4190990319275309,-0.1737861676321958,0.0893173792211086,0.01633374176043456,0.2474985539434255,-0.07372126431529646,0.10481255901422926,0.07387481500101223,0.263872338592809,-0.013097383600840562,0.01994995585441095,-0.08876197275269215,-0.3000000000000007
2020-12-31,97.30806,2.0,5.1967,0.03340065047292558,0.0,-0.02532025432788787,4.31,0.89,14.3,165.31,119017.24,12276.5,5321.24,82845.94,0.09297099216003324,0.2580654095022821,0.28934105086321754,0.0,0.12389741054549286,0.31374355648728103,0.30425904677842586,-0.07142041324495696,0.049955998942395885,0.11106378358514357,0.20790080808585812,-0.02744808477506755,0.07197961573243727,0.20820728690430168,0.147855290878766,0.0,0.02039937619228982,0.07925834040608493,-0.29999999999999893
2021-01-31,97.51715,2.0,5.4759,0.06473261987496076,0.0,0.053726403294398484,4.52,1.35,14.2,165.31,115067.55,11477.96,5252.96,78922.76,-0.033185864501646956,0.2247430613800181,0.3383030248361684,-0.033185864501646956,-0.06504622653036296,0.22871420252123853,0.43056121244371237,-0.13182101139649627,-0.012831595643120752,0.12905936795407214,0.17847136104761147,-0.039927477693176505,-0.04735512687767207,0.12825213523398737,0.2773942594505613,-0.04735512687767207,0.002148742868781861,0.07925834040608493,-0.10000000000000142
2021-02-28,97.68045,2.0,5.5302,0.041530004378890074,0.0,0.009916178162493683,4.56,0.25,14.4,165.31,110035.17,10690.92,4975.12,74396.16,-0.04373413703515894,0.010485950837020974,0.2634961513361103,-0.07546864639106066,-0.06856967614454124,-0.021260350723005694,0.3814595447687357,-0.19135176348053395,-0.052892083701379766,-0.018338377998681987,0.17958203050863367,-0.09070771390242394,-0.05735481121035291,-0.03735575927113721,0.24927161279694135,-0.10199389372611378,0.0016745772410287074,0.07925834040608493,0.20000000000000107
2021-03-31,97.80489,2.75,5.6973,0.06576060767003652,0.75,0.030215905392210196,5.2,0.86,14.6,171.65,116633.72,11371.36,5090.55,80913.07,0.059967644890265515,-0.020026678487923277,0.1977012996415485,-0.020026678487923277,0.0636465336940133,-0.07372948315888073,0.26098033403084314,-0.13988410624829328,0.023201450417276392,-0.04335267719554081,0.13185938758028276,-0.06961081401171909,0.0875973975000861,-0.02333089587733561,0.28044008391354197,-0.02333089587733561,0.0012739499050220537,0.03835218680055652,0.1999999999999993
2021-04-30,98.71949,2.75,5.4036,0.02837116745449423,0.0,-0.05155073455847514,6.1,0.93,14.9,171.65,118893.84,11461.3,5129.04,80122.1,0.0193779294701395,0.0332525546950464,0.1810232996658957,-0.001036824581043927,0.007909344176949773,-0.0014514774402419883,0.22994260583314632,-0.13308115361254635,0.007561069039691226,-0.023590508970180668,0.13920798210331592,-0.06257607714267965,-0.00977555294836796,0.01519637681196162,0.25595476204139006,-0.032878376417721844,0.009351270677774748,0.03835218680055652,0.3000000000000007
2021-05-31,95.32458,3.5,5.2322,0.03133501462971917,0.75,-0.031719594344511104,6.76,0.31,14.8,171.65,126215.73,12248.19,5463.02,83618.99,0.06158342602106215,0.14704898442925107,0.08284249737495152,0.0,0.06865626063361052,0.14566286156850872,0.11680684499003433,-0.07356174734678034,0.06511549919673087,0.09806798629982816,0.10309142976430402,-0.00153525044686742,0.04364451256270119,0.1239691672258354,0.1689204012105282,0.0,-0.03438946048039748,0.03835218680055652,-0.09999999999999964
2021-06-30,96.34302,4.25,5.0022,0.03307456855382927,0.75,-0.04395856427506584,8.06,0.83,14.7,173.15,126801.66,12193.03,5497.85,80452.18,0.004642289831861657,0.08717839060607857,0.10237906040959968,0.0,-0.0045035225612927166,0.07225784778601674,0.13562168703256278,-0.07773398291924871,0.006375594451420552,0.08001100077594758,0.11631246012520743,0.0,-0.03787189967255056,-0.005696113124863733,0.1434436025911215,-0.03787189967255056,0.010683918040866214,0.008738712496358936,-0.10000000000000142
2021-07-31,97.01772,4.25,5.1216,0.0451873895035212,0.0,0.023869497421134644,8.35,0.53,14.2,173.15,121800.79,11713.83,5210.6,78147.84,-0.039438521546169114,0.024449963093125637,0.17544711347035064,-0.039438521546169114,-0.039301141717850374,0.02203327720241166,0.19088231399773722,-0.11398009035809664,-0.052247696826941414,0.015901611217693734,0.20327905190002543,-0.052247696826941414,-0.028642356241931455,-0.024640642219812103,0.15463182943510204,-0.0654295154725022,0.0070031020410197264,0.008738712496358936,-0.5
2021-08-31,96.77124,5.25,5.1433,0.04779439974765489,1.0,0.004236957200874691,8.99,0.96,13.7,173.15,118781.03,11445.27,5007.44,79946.19,-0.02479261423509649,-0.05890470229027711,0.07776932698874411,-0.0632533517305689,-0.022926745564857853,-0.06555417575984701,0.060306057642315995,-0.134293643391855,-0.038989751660077676,-0.08339343440075286,0.10649392487997796,-0.08920032376292564,0.02301215235123588,-0.043923037099587114,0.11366829391500784,-0.043923037099587114,-0.002540566816041312,0.008738712496358936,-0.5
2021-09-30,96.43007,6.25,5.4394,0.02879166804157971,1.0,0.0575700425796668,9.68,0.87,13.2,171.94,110979.1,10364.93,4709.56,78295.96,-0.06568329976596421,-0.12478196263361219,0.07176822622797763,-0.12478196263361219,-0.09439183173485644,-0.14992991897830155,0.12969474559295338,-0.2160092521366066,-0.05948748262585257,-0.14338150367871072,0.03600957048360686,-0.14338150367871072,-0.020641759163257167,-0.026801262563674322,0.09631055811417528,-0.06365814750931575,-0.0035255309325374906,-0.006988160554432632,-0.5
2021-10-31,97.01608,7.75,5.643,0.0400766456556736,1.5,0.037430598963120953,10.25,1.16,12.7,171.94,103500.71,9779.05,4251.43,74371.37,-0.06738557079666352,-0.15024598773127817,0.08353569103684746,-0.18375902965308177,-0.05652522496533996,-0.16517057187956463,0.12385472350740023,-0.26032450553033004,-0.09727660333449406,-0.18408052815414733,0.10242589220302603,-0.2267104413543476,-0.050125063924115754,-0.048324688180760966,0.127467499031277,-0.11059234272023621,0.006077046298939681,-0.006988160554432632,-0.5
2021-11-30,96.95313,7.75,5.6199,0.03296751884080453,0.0,-0.004093567251461927,10.67,1.25,12.1,171.94,101915.45,9573.13,3932.7,75885.32,-0.015316416669992061,-0.14198883441236365,0.10247846067279075,-0.19626091645803379,-0.021057260163308333,-0.1635732490365016,0.1270418499788003,-0.2759000448538016,-0.07497006889446622,-0.2146286325946991,0.06580744031219385,-0.28468401284138356,0.020356623792193274,-0.050795041014462305,0.12261974529350995,-0.09248700564309609,-0.0006488615083189986,-0.006988160554432632,-0.5999999999999996
2021-12-31,97.47791,9.25,5.5805,0.028731393616244997,1.5,-0.007010800903930803,10.74,0.95,11.6,172.2,104822.44,9205.71,3932.12,76305.03,0.028523545743064593,-0.055475850858404896,0.16632316586258483,-0.17333542794313572,-0.038380341643746596,-0.11184060094954829,0.06143781359928794,-0.3036912485165343,-0.00014748137411957352,-0.16507699233049378,0.17623885732015707,-0.2847895086260993,0.0055308457551472845,-0.02542825964455897,0.12872491817802206,-0.08746769125051623,0.005412718496040192,0.0015121554030474993,-0.5
2022-01-31,99.05295,9.25,5.3574,0.033795365695460725,0.0,-0.03997849655048824,10.06,0.73,11.1,172.2,112143.51,10781.53,4020.76,78324.28,0.0698425833247156,0.08350474117520545,0.1475212557643864,-0.11559903868766397,0.17117854027554658,0.10251302529386819,0.40291343267160873,-0.1844981328565063,0.022542547022980086,-0.05425703822008121,0.17675953866744748,-0.26866684249297457,0.026462868830534392,0.0531509638722536,0.03728912744756732,-0.06331946846045389,0.0161579172142694,0.0015121554030474993,-0.5
2022-02-28,99.36759,10.75,5.1394,0.03515561625312987,1.5,-0.04069138014708629,10.38,0.54,11.2,172.2,113141.94,10639.97,3919.84,78061.42,0.008903145621177888,0.11015493725436132,0.10775748730589631,-0.10772508814159054,-0.013129861902717033,0.11144108562194388,0.3962880236189861,-0.19520555975350828,-0.02509973238890162,-0.0032700180537543755,0.08254985168885004,-0.28702310903353134,-0.0033560474478667723,0.02867616556140229,0.0530338425695991,-0.06646301276779365,0.0031764828811258194,0.0015121554030474993,0.09999999999999964
2022-03-31,97.41759,11.75,4.7378,0.03893537016715778,1.0,-0.07814141728606461,10.54,1.01,11.2,174.5,119999.23,11441.15,4144.68,85040.32,0.06060785240203592,0.14478569665044994,0.11377409218387276,-0.0536462219816366,0.07529908448989997,0.24283189455240284,0.3193184483094101,-0.134605275200386,0.057359484060574006,0.05405735328525085,0.14339824454783895,-0.24612712242058254,0.08940267804505742,0.11447856058768346,0.16404126619268958,0.0,-0.01962410480117316,0.013356562137049943,0.0
2022-04-30,98.48287,11.75,4.9191,0.060590006404130516,0.0,0.038266706066106604,11.3,1.62,11.1,174.5,107876.16,10072.71,3556.75,83185.41,-0.10102623158498591,-0.0380525810187321,0.2859490226685631,-0.1492527779210462,-0.11960685770224155,-0.06574391575221716,0.3380690920400941,-0.23811241890576396,-0.14185172317283845,-0.11540355554671256,0.34674386747819336,-0.3530652891584892,-0.021812123943089623,0.06206415175473046,0.20646326596240716,-0.021812123943089623,0.010935191478253614,0.013356562137049943,-0.09999999999999964
2022-05-31,99.54331,12.75,4.7289,0.0441063931604191,1.0,-0.03866560956272491,12.13,1.06,10.5,174.5,111350.51,10702.03,3449.17,82865.39,0.03220683791488299,-0.015833474306698347,0.298942287201326,-0.1218529000330123,0.06247772446541222,0.005832723212565671,0.3776440351385233,-0.19051141654053894,-0.030246713994517394,-0.1200737785215723,0.345877519069264,-0.3726329383304383,-0.0038470688549832044,0.06154089946096297,0.206818716186437,-0.025575280055390337,0.010767760931418735,0.013356562137049943,-0.5999999999999996
2022-06-30,99.44726,13.25,5.238,0.036687509044793634,0.5,0.10765717185814894,11.73,0.47,9.8,175.7,98541.95,9328.54,2956.21,78786.86,-0.11502919923761457,-0.17881181404247348,0.2815158416423812,-0.2228654577550484,-0.12833920293626533,-0.18465014443478134,0.3732081153980242,-0.29440053612773265,-0.14292134049640925,-0.28674590076917883,0.22428728725566624,-0.4622970797675455,-0.04921873896930917,-0.07353523599158618,0.07915117434981245,-0.07353523599158618,-0.0009649066320981392,0.006876790830945501,-0.6999999999999993
2022-07-31,99.65249,13.25,5.1884,0.04576785436019635,0.0,-0.009469263077510615,11.89,0.67,9.3,175.7,103164.69,9664.8,3227.57,81253.39,0.04691139154441348,-0.0436748026626087,0.31022388520759536,-0.18640899496110697,0.036046369528350386,-0.04049654958794602,0.3581405666532222,-0.26896623711398693,0.09179320819562897,-0.0925507837210936,0.40664538220229407,-0.4129396036632502,0.031306362507656615,-0.023225467062072624,0.13984737504441458,-0.044530994238968113,0.0020637069337052782,0.006876790830945501,-0.5
2022-08-31,99.53078,13.75,5.179,0.04487614113853054,0.5,-0.0018117338678589334,10.07,-0.68,9.1,175.7,109522.88,10630.55,3442.44,82251.05,0.06163145549121518,-0.016413306054907095,0.3395597801702934,-0.13626619714599952,0.09992446817316458,-0.0066791066741545,0.4079395334344298,-0.19591807714097487,0.06657330437449849,-0.0019511940553814666,0.4463518100020249,-0.37385705321171003,0.012278380015898538,-0.00741371035603644,0.14579610234202406,-0.032799382692821566,-0.0012213442935545826,0.006876790830945501,-0.20000000000000107
2022-09-30,101.43252,13.75,5.4066,0.041635009904989646,0.0,0.04394670785865995,8.73,-0.36,8.9,177.7,110036.79,10959.09,3401.94,78488.14,0.004692261562150302,0.11664920371476306,0.10238366104363368,-0.13221333222293785,0.030905268306907985,0.17479155366220223,0.1331952878928084,-0.1710677095742822,-0.011764910935266881,0.15077751580571075,0.18706792116552148,-0.3812235692134198,-0.04574908162266622,-0.0037914951807953567,0.13904525804242987,-0.07704792267950078,0.019107054119338773,0.01138303927148554,-0.1999999999999993
2022-10-31,101.09886,13.75,5.257,0.05764199321847003,0.0,-0.027669884955424884,7.17,-0.29,8.7,177.7,116037.08,11714.45,3615.56,83670.05,0.054529853151841445,0.12477515320406618,0.10748292977528222,-0.08489305266192892,0.06892543085237923,0.21207371078553106,0.11975076638567135,-0.11393319430923998,0.06279358248528788,0.1202111805475945,0.15303680091155653,-0.3423683803668708,0.06602156708007101,0.029742266753424174,0.1936398428601941,-0.016113180194994636,-0.003289477575830646,0.01138303927148554,-0.20000000000000107
2022-11-30,101.15209,13.75,5.2941,0.0647575783502493,0.0,0.007057256990679273,6.47,0.59,8.3,177.7,112486.01,10252.01,3098.79,80766.48,-0.03060289004170047,0.027054894831107346,0.14816961379349836,-0.11289796994771206,-0.1248406882098605,-0.03560869381170295,0.355661762430963,-0.22455038413158723,-0.14292944937990237,-0.0998274479729494,0.36079099469455495,-0.43636330565584736,-0.034702620591239075,-0.0180492528666808,0.21335446653301973,-0.05025663120740853,0.0005265143444743714,0.01138303927148554,-0.3999999999999986
2022-12-31,101.43094,13.75,5.2177,0.043191004463253725,0.0,-0.014431159214975287,5.9,0.41,8.1,179.58,109734.6,10253.49,2934.98,78679.4,-0.024460019517093645,-0.0027462633179320406,0.164467132316425,-0.13459650291644443,0.00014436193487910032,-0.06438490787100026,0.34028637086301045,-0.2244384387246392,-0.052862568938198407,-0.13726285589986886,0.35724040688141256,-0.4661585892667134,-0.02584091816307954,0.0024368012797857386,0.19319734960406929,-0.0747988718763054,0.002756739875567682,0.010579628587507273,-0.20000000000000107
2023-01-31,100.7113,13.75,5.0993,0.04984148630483055,0.0,-0.02269199072388206,5.79,0.62,7.9,179.58,113430.54,10403.47,3021.99,78411.71,0.03368071692975594,-0.0224629920022118,0.12288581869463043,-0.10544909270115244,0.014627214733714977,-0.11191135734072033,0.2656400261118589,-0.21309413322864923,0.02964585789340979,-0.16417097213156473,0.2990047495649697,-0.450332402666497,-0.0034022882736776117,-0.06284614387107446,0.055887971593688704,-0.07794667282531387,-0.0070948765731640995,0.010579628587507273,-0.1999999999999993
2023-02-28,100.58566,13.75,5.2078,0.04652126262258436,0.0,0.02127743023552231,5.77,0.53,8.4,179.58,104931.93,9824.32,2726.56,73453.93,-0.07492347299060731,-0.06715572896576205,0.1882645768025086,-0.1724719534428809,-0.05566892584877925,-0.04171767292462658,0.12858011898585345,-0.256900337575913,-0.09776008524184387,-0.12012107951813455,0.22385576523577136,-0.5040679538364998,-0.06322754598771041,-0.09053941684718714,0.10469301325266502,-0.13624584197237277,-0.0012475263451071639,0.010579628587507273,0.5
2023-03-31,100.10937,13.75,5.0804,0.02900037236512596,0.0,-0.024463305042436323,5.6,0.84,8.6,180.35,101882.2,9697.2,2564.34,74827.05,-0.02906388932329751,-0.07155810473633661,0.18886427452669832,-0.1965231369999415,-0.01293931793752634,-0.054253722391107706,0.12269702927583802,-0.26651554036728675,-0.05949621501085611,-0.1262836544030964,0.22646283259248867,-0.5335740334858172,0.018693621975025776,-0.048962625541119964,0.14682212687907717,-0.12009914826284762,-0.004735168015003399,0.0042877826038534295,0.1999999999999993
2023-04-30,103.08344,13.75,5.0007,0.03351800716899411,0.0,-0.01568774112274618,4.65,0.71,8.8,180.35,104431.63,10460.72,2587.1,79882.48,0.025023311235917722,-0.07933410173309574,0.1733083169135014,-0.17641748538623236,0.07873613001691204,0.005502971604666618,0.23788621730632503,-0.20876381258826104,0.008875578121465777,-0.1439084841445537,0.1871362635200134,-0.5294342333821404,0.06756153022202516,0.018757019837980726,0.22893201031141056,-0.06065170027582223,0.02970820813276509,0.0042877826038534295,0.20000000000000107
2023-05-31,103.08526,13.75,5.0959,0.02807950500587314,0.0,0.019037334773131853,4.18,0.61,8.5,180.35,108335.07,11088.63,2904.19,83118.81,0.03737794765819524,0.032431882268819656,0.12241388815763275,-0.1456336612627942,0.06002550493656278,0.1286918585713821,0.16779952696948583,-0.16126946091479066,0.12256580727455457,0.06514802535062492,0.31858044591488693,-0.47175896032085274,0.04051363953647913,0.13157743908324582,0.08480299538762101,-0.02259528186159232,1.765560016253609e-05,0.0042877826038534295,-0.3000000000000007
2023-06-30,103.96006,13.75,4.8192,0.028628312944234884,0.0,-0.05429855373928061,3.94,0.23,8.3,182.77,118087.0,12223.63,3180.89,91089.66,0.09001637235292304,0.15905428033552482,0.11956202397774976,-0.06872670278922222,0.10235709911864666,0.26053190611722954,0.07348471321573176,-0.07541943599180989,0.0952761355145495,0.24043223597494867,0.20559791199078858,-0.4214301954400357,0.09589706589880209,0.21733597676241412,0.09593555011837804,0.0,0.008486179304393104,0.013418353202107047,-0.1999999999999993
2023-07-31,102.40467,13.75,4.7415,0.028310308642657312,0.0,-0.01612300796812749,3.16,-0.08,8.0,182.77,121942.98,12378.19,3251.57,90249.67,0.03265372140879186,0.1676824349098065,0.11030499346209434,-0.03831716398665452,0.012644361781238622,0.18330191420858233,0.15546904407805934,-0.0637287048445887,0.022220196234387313,0.2568397046886477,0.179728340024048,-0.4085742608474222,-0.009221573557306129,0.12978052258768136,0.1821584129169897,-0.009221573557306129,-0.014961418837195817,0.013418353202107047,-0.3000000000000007
2023-08-31,102.4398,13.25,4.9219,0.03210471835070889,-0.5,0.03804703153010647,3.99,0.12,7.9,182.77,115741.81,11574.73,2912.89,85111.33,-0.050853029834107666,0.06836881168766484,0.24538964810689615,-0.08722164993739046,-0.06490932842362263,0.04383769681195959,0.28996899105840845,-0.12450144583544176,-0.10415891400154398,0.00299567177078619,0.3495230714663024,-0.4701765235501151,-0.05693472341782524,0.023971950512766016,0.2708653867013557,-0.06563126923516893,0.00034305076125940026,0.013418353202107047,-0.09999999999999964
2023-09-30,102.89895,12.75,5.0076,0.031391037712907736,-0.5,0.017411975050285466,4.61,0.23,7.8,184.19,116565.17,11366.16,2795.65,85443.1,0.007113764680196422,-0.012887362707156624,0.1482283114597585,-0.08072835954986712,-0.018019426803044247,-0.0701485565253529,0.13530340475184535,-0.14027742794838105,-0.040248687729368404,-0.12111075830978113,0.2188997852436748,-0.4915012232054349,0.003898070914883034,-0.06198903366199848,0.11089904063619722,-0.06198903366199848,0.004482144635190588,0.007769327570170015,-0.10000000000000053
2023-10-31,102.48797,12.75,5.0575,0.03403580083064707,0.0,0.009964853422797404,5.19,0.26,7.7,184.19,113143.67,11043.08,2546.89,80531.63,-0.02935267884909365,-0.07215921736536202,0.10151074684403863,-0.10771144478707928,-0.028424727436530905,-0.10785987288933196,0.08530016722666144,-0.1647148077299816,-0.0889810956307121,-0.21671992299104748,0.11566962239517826,-0.5367480014914922,-0.057482347901703035,-0.10767950730456954,0.12221689386496706,-0.1159081063646521,-0.003994015488010261,0.007769327570170015,-0.09999999999999964
2023-11-30,102.50227,12.25,4.9355,0.03395258357003533,-0.5,-0.024122590212555584,4.82,0.24,7.6,184.19,127331.12,12851.27,2962.78,88965.89,0.12539322791986507,0.10013071335241785,0.2802360740150572,0.0,0.1637396450990123,0.11028680582614037,0.3743575204852957,-0.027945506791228536,0.16329327140159178,0.017127320290158732,0.4635656004672518,-0.46110206717171254,0.10473226482563436,0.045288447495768214,0.2837205352385,-0.02331516003023837,0.00013952857101173777,0.007769327570170015,-0.10000000000000053
2023-12-31,102.83037,11.75,4.8413,0.029342535417238615,-0.5,-0.019086212136561587,4.68,0.28,7.5,184.43,134185.24,13803.59,3139.98,94956.92,0.05382910320744849,0.1511606768985967,0.2682794381748391,0.0,0.07410318202014277,0.2144462157843987,0.33308801780557784,0.0,0.05980869318680426,0.12316634771877744,0.4392944694534704,-0.4288712860481825,0.06734075273118711,0.11134684954080543,0.2942533337469527,0.0,0.0032009047214272,0.001303002334545944,-0.09999999999999964
2024-01-31,103.58799,11.75,4.9535,0.023283882944730556,0.0,0.023175593332369404,4.62,0.56,7.4,184.43,127752.28,13167.85,2878.28,90840.84,-0.04794089126345036,0.12911557491461956,0.30173920061376486,-0.04794089126345036,-0.046056134672212035,0.19240737185640233,0.36465662234787194,-0.046056134672212035,-0.0833444799011458,0.13011555269367747,0.42902696712703725,-0.47647171166910707,-0.04334681453442257,0.1280144211659442,0.2667481076521819,-0.04334681453442257,0.007367667742516071,0.001303002334545944,-0.09999999999999964
2024-02-29,104.88262,11.25,4.9833,0.02158634784822544,-0.5,0.006015948319370024,4.51,0.42,7.6,184.43,129020.02,13218.47,2880.74,91201.24,0.009923423675882725,0.01326384312020501,0.17682261966803728,-0.03849320536297429,0.00384421146960201,0.02857305153498446,0.20911541729804778,-0.04238897272376252,0.0008546770988226982,-0.02769020987045967,0.24923043561152736,-0.4760242640304847,0.00396737854911966,0.025125921856118172,0.19238791526260582,-0.039551409207459476,0.012497877408375269,0.001303002334545944,0.1999999999999993
2024-03-31,104.47589,10.75,4.9962,0.015217032889686549,-0.5,0.002588646077900103,4.5,0.83,7.8,185.14,128106.1,13221.58,2916.92,88654.31,-0.007083551839474178,-0.045304088586792246,0.10302269987128367,-0.045304088586792246,0.00023527685125435127,-0.04216366901653845,0.09639464440504371,-0.04216366901653845,0.012559272964585588,-0.07103866903610845,0.18124031239002758,-0.469443509735624,-0.02792648433288858,-0.06637336173077224,0.08358992690757973,-0.06637336173077224,-0.003877954231120473,0.0038496990728187352,0.20000000000000018
2024-04-30,104.67291,10.75,5.1718,0.03507156298354902,0.0,0.03514671150074067,3.93,0.16,7.9,185.14,125924.19,12514.7,2742.59,85294.0,-0.017032053899072697,-0.014309646763251527,0.047218803049288154,-0.061564520807206424,-0.053464109433214446,-0.049601871224231764,0.11118356120495897,-0.09337353543534688,-0.05976509468891844,-0.04714273802409774,0.1344809908682844,-0.5011522686140946,-0.03790351535080472,-0.06106108221808604,0.07576188214989633,-0.1017610933463301,0.0018857939377208144,0.0038496990728187352,0.10000000000000053
2024-05-31,104.68779,10.5,5.2416,0.027103239171696072,-0.25,0.0134962682238291,3.69,0.38,7.5,185.14,122098.09,12100.27,2680.71,87311.19,-0.03038415414861917,-0.053650045938607116,0.04050109485613272,-0.0900780890655335,-0.03311545622348122,-0.08459375404263869,0.09391446290535863,-0.12339688443368713,-0.02256261417127614,-0.06943701965467197,0.125286756436017,-0.5124075775075712,0.023649846413581255,-0.04265347707991696,0.11444191003036387,-0.08051788116126757,0.00014215712546827852,0.0038496990728187352,-0.40000000000000036
2024-06-30,104.6751,10.5,5.5589,0.03093750690428341,0.0,0.06053495115995133,3.93,0.46,7.1,186.4,123906.55,12163.37,2699.3,88289.36,0.014811533906877727,-0.03278181132670499,0.08043560013127296,-0.07660074982911669,0.005214759670651992,-0.08003657656649199,0.10321320474871117,-0.118825609859464,0.006934729978252063,-0.07460609135663643,0.1157841481306702,-0.5090262557181444,0.011203260429734074,-0.004116551129888624,0.11274049205773994,-0.07021668352343358,-0.00012121757465699545,0.006805660581181927,-0.40000000000000036
2024-07-31,105.5521,10.5,5.6621,0.03571827823593724,0.0,0.01856482397596637,4.23,0.21,6.9,186.4,127651.81,12538.48,2753.47,89184.95,0.030226489237251686,0.013719524421796914,0.10912306042534217,-0.04868963233214019,0.030839315091130137,0.0019001654054831008,0.11149920237286336,-0.09165079519168573,0.020068165820768202,0.003967053041103341,0.07563020364424781,-0.4991733132042526,0.010143804417655833,0.04561809740427214,0.026017421858839835,-0.06078514341029595,0.008378305824403354,0.006805660581181927,-0.1999999999999993
2024-08-31,106.65779,10.5,5.6562,0.04261856190325556,0.0,-0.0010420162130657662,4.5,0.38,6.8,186.4,136004.01,14203.47,2925.43,92892.1,0.06542954620071595,0.11389138028285295,0.08987835374537645,0.0,0.13279041797729874,0.1738143033171986,0.2337785012039286,0.0,0.0624521058882066,0.09128924799773186,0.10050934822788163,-0.467895631928845,0.04156699084318616,0.06391975644817127,0.06181416046175583,-0.02174480806664736,0.010475300823006073,0.006805660581181927,-0.10000000000000053
2024-09-30,107.01873,10.75,5.4481,0.03314480533066731,0.25,-0.036791485449595096,4.24,-0.02,6.6,189.52,131816.44,13389.02,2787.61,89817.39,-0.030790048028730976,0.06383754531136576,0.1686444980020599,-0.030790048028730976,-0.05734162144884303,0.10076565951705807,0.32960612058976363,-0.05734162144884303,-0.0471110229949101,0.03271588930463443,0.1913819270267238,-0.49296361304873726,-0.0330998007365535,0.017307068484809562,0.12986574449545157,-0.054124859989140295,0.003384094120082448,0.016738197424892798,-0.20000000000000018
2024-10-31,107.16697,10.75,5.7779,0.02295226340556561,0.0,0.06053486536590724,4.42,0.44,6.4,189.52,129713.33,13094.05,2787.06,86471.46,-0.01595483841014067,0.016149555576219443,0.17945312377662745,-0.04625363619793277,-0.022030738620153034,0.04430919856314319,0.3503331026113809,-0.0781090817948008,-0.000197301631146507,0.012199152342317277,0.19042019181473996,-0.4930636521549333,-0.03725258549597121,-0.030425424917544852,0.15365481444038423,-0.08936115451090865,0.0013851780898539445,0.016738197424892798,-0.1999999999999993
2024-11-30,108.02415,11.25,6.0535,0.0433790049551157,0.5,0.047698990982883105,4.76,0.56,6.2,189.52,125667.83,12071.37,2622.47,82074.5,-0.031188005118672035,-0.07599908267410649,0.030076275774865435,-0.07599908267410649,-0.0781026496767615,-0.15011120521956944,0.09820323771406177,-0.15011120521956944,-0.05905506160613694,-0.10356084404685806,0.10777563008228594,-0.5230008094073139,-0.05084868464115222,-0.11645339054666659,0.03215967702208517,-0.13566594198716642,0.007998546567099973,0.016738197424892798,-0.20000000000000018
2024-12-31,108.23273,12.25,6.1923,0.04144284856006896,1.0,0.022928884116626858,4.87,0.39,6.1,191.23,120283.4,11829.57,2431.66,77455.44,-0.042846526434012655,-0.08749318370303438,0.046714737974293326,-0.11558931240336234,-0.020030866421955507,-0.11647230342474657,0.11419624082028826,-0.16713521414133303,-0.07275965025338704,-0.12769002837556198,0.13354659184598802,-0.5577071036859864,-0.05627886858890396,-0.1376342599133642,0.033951148964483514,-0.18430968485498478,0.001930864533532528,0.009022794428028558,-0.10000000000000053
2025-01-31,107.99539,13.25,5.8301,0.02797857197052992,1.0,-0.0584919981267058,4.83,0.52,6.2,191.23,126134.94,13111.02,2477.24,81520.65,0.04864794310769405,-0.027586910304438272,0.17251630476671803,-0.07256455158932451,0.1083260000152162,0.0012960084924069637,0.3304646988649085,-0.07691430333573412,0.018744396831793964,-0.11116373526224776,0.1709594227657116,-0.549416590121593,0.05248449947479461,-0.057253688095471156,0.2123049884944111,-0.1414985869381611,-0.002192867166891266,0.009022794428028558,0.10000000000000053
2025-02-28,107.3722,13.25,5.8488,0.02464244570208295,0.0,0.0032074921527931455,4.56,0.16,6.5,191.23,122799.09,12702.7,2340.66,83654.12,-0.02644667686843949,-0.022827958436140827,0.1689934612454083,-0.09709213720977794,-0.031143267266772523,0.05229978038946692,0.26851684167024126,-0.10566220789708425,-0.05513393938415334,-0.10745976121747813,0.16817648396044765,-0.5742590285293343,0.026170914976757498,0.019246172684573182,0.19656979305945865,-0.11903081944949356,-0.005770524093667295,0.009022794428028558,0.2999999999999998
2025-03-31,108.10202,14.25,5.7422,0.02809246291344861,1.0,-0.018225960880864367,5.06,1.31,6.8,191.41,130259.54,13856.09,2627.85,85279.93,0.06075330037054827,0.08293862661015572,0.16364337844411092,-0.04223750461475373,0.09079880655293748,0.1713096925754698,0.263168191065298,-0.024457403718950332,0.12269616262079919,0.08068150975054089,0.3094754379648907,-0.5220222450594324,0.01943490649354751,0.10101924409699303,0.060498828677044786,-0.10190926580179738,0.006797103905852531,0.0009412749045651925,0.2999999999999998
2025-04-30,108.64347,14.25,5.6608,0.06004551696437483,0.0,-0.014175751454146512,5.48,0.56,7.0,191.41,135066.97,15141.16,2960.92,96101.0,0.03690654826510209,0.07081328932332309,0.15611620512477112,-0.006889796852313501,0.09274405694535748,0.15484226246317978,0.24585248612524652,0.0,0.1267461993644996,0.19524955192068605,0.35977863429599666,-0.46144038123993925,0.12688882366577947,0.17885468283189598,0.20849851441500894,0.0,0.005008694564634375,0.0009412749045651925,0.20000000000000018
2025-05-31,110.0586,14.75,5.7087,0.030847536582895272,0.5,0.008461701526286003,5.53,0.43,6.6,191.41,137026.62,15377.48,3031.19,100517.93,0.01450872852185836,0.11586022339416369,0.08011105218005939,0.0,0.015607786985937677,0.21056783203570895,0.15236454683335401,0.0,0.023732488550855857,0.2950150812164092,0.20209916476148113,-0.4486590212537629,0.04596133234825861,0.2015897124971251,0.19390334930180914,0.0,0.01302544920555282,0.0009412749045651925,-0.40000000000000036
2025-06-30,109.59971,15.0,5.4571,0.021343449388712552,0.25,-0.044073081437104866,5.32,0.26,6.2,193.84,138854.6,15610.55,2977.24,101295.47,0.013340327594740353,0.06598411141326022,0.046008569781325094,0.0,0.015156579621628419,0.12662013598352773,0.15472572099556242,0.0,-0.017798290440388165,0.13295659950149363,0.2577973613215301,-0.45847194812517633,0.007735336372326929,0.18779963820326784,0.21075122373780053,0.0,-0.004169506063133599,0.012695261480591524,-0.39999999999999947
2025-07-31,108.80425,15.0,5.6021,0.022194407747055132,0.0,0.026570889300177924,5.35,0.24,5.8,193.84,133071.05,14376.02,2714.37,96654.78,-0.04165184300700164,-0.014777261976040568,0.111171163371315,-0.04165184300700164,-0.07908305601019816,-0.05053377680441917,0.18893209499406924,-0.07908305601019816,-0.08829318429149147,-0.08326803831241647,0.19618403114666838,-0.5062851842083724,-0.04581340113235077,0.005762479058490477,0.15969530839779597,-0.04581340113235077,-0.007257865919535811,0.012695261480591524,-0.40000000000000036
2025-08-31,108.90168,15.0,5.4264,0.024064963367495622,0.0,-0.03136323878545544,5.23,0.26,5.6,193.84,141422.26,15563.48,2939.51,104005.03,0.0627575269001035,0.03207873039559761,0.18092824510880445,0.0,0.08260005203109055,0.012095609943892027,0.28132244247680077,-0.0030152685203276297,0.0829437401680686,-0.030245547128355477,0.29812940508632346,-0.46533463081022586,0.07604642005289342,0.034691323229597115,0.21158302134745027,0.0,0.0008954613445706361,0.012695261480591524,-0.20000000000000018
2025-09-30,108.39998,15.0,5.3186,0.02158043534714119,0.0,-0.019865841073271384,5.13,-0.11,5.6,194.5,146237.02,16222.59,2983.37,108648.98,0.034045276889224985,0.053166549757803994,0.18684626721275238,0.0,0.04234978295342695,0.03920681846571705,0.29157313307464094,0.0,0.014920854155964669,0.0020589539304860516,0.2986715086928033,-0.45735696681430016,0.04465120581187265,0.07259465798421183,0.2191771913594661,0.0,-0.004606907808952121,0.003404869995872861,0.0
2025-10-31,108.79892,15.0,5.3843,0.026125947005527596,0.0,0.012352874816681014,5.17,0.48,5.6,194.5,149540.43,16250.98,2996.78,112068.91,0.022589423663036845,0.12376380888254812,0.07168132799398771,0.0,0.0017500288178398105,0.13042274565561263,0.14003678409816236,0.0,0.004494916822251449,0.10404255867844125,0.14758069707821078,-0.4549178315159562,0.03147687166506308,0.15947612730586114,0.07931793241060237,0.0,0.0036802589815976283,0.003404869995872861,0.0
2025-11-30,108.7209,15.0,5.3338,0.022606756553145695,0.0,-0.009379120777074035,4.68,0.09,5.4,194.5,159072.13,17627.42,3207.96,122622.51,0.06373995313508196,0.124802630081007,0.07357141355602599,0.0,0.08469889200528202,0.13261429962964577,0.14368229520330666,0.0,0.07046897002782981,0.0913247446002905,0.12285657526215715,-0.41650645252234964,0.0941706312660664,0.17900557309583975,0.11450977312381289,0.0,-0.000717102706534134,0.003404869995872861,-0.1999999999999993
2025-12-31,108.73364,15.0,5.5024,0.031074262479967134,0.0,0.03160973414826196,4.46,0.18,5.2,194.69,161125.37,17296.03,3111.9,123055.71,0.012907603613530494,0.10180971959083962,0.09349899970782435,0.0,-0.01879968821302258,0.06616945876090052,0.18981444034289074,-0.01879968821302258,-0.02994426364418512,0.04308215206293564,0.17675661426969486,-0.4339787371427013,0.003532793448772331,0.13259885182539222,0.1607892822576217,0.0,0.00011718078124811626,0.000976863753213264,-0.20000000000000018
2026-01-31,109.24151,15.0,5.2301,0.0221944395475265,0.0,-0.04948749636522232,4.26,0.33,5.1,194.69,181363.9,19868.71,3338.26,126270.22,0.12560734538577,0.21280846925476937,0.1955133436740887,0.0,0.14874396031921777,0.22261611299749307,0.29286379443706045,0.0,0.07274012661075235,0.11394897189650233,0.20313571645933168,-0.3928062788180834,0.02612239610823419,0.1267194443133246,0.16343849057429527,0.0,0.004670771621367642,0.000976863753213264,-0.10000000000000053
2026-02-28,109.46142,15.0,5.1495,0.023218378791794378,0.0,-0.015410795204680694,4.44,0.33,5.4,194.69,188786.98,20601.38,3441.15,132056.17,0.04092920366180941,0.18680110714554465,0.2032576175724706,0.0,0.03687556967714567,0.16871215413259577,0.29558465903858705,0.0,0.030821445902955436,0.07269105599820458,0.17885039139503084,-0.3740916903880608,0.04582196815686235,0.07693253057697169,0.07330399149708985,0.0,0.0020130626169483357,0.000976863753213264,0.3000000000000007
2026-03-31,110.07661,14.75,5.2194,0.03886938663051289,-0.25,0.01357413341101088,3.81,0.7,5.8,195.19,187461.84,19312.06,3255.71,132693.92,-0.007019234059467472,0.1634532786487939,0.23263383219591358,-0.007019234059467472,-0.06258415698365838,0.1165602742363423,0.3662413062860805,-0.06258415698365838,-0.05388896153902045,0.04621292457983861,0.22346344169420918,-0.4078212392116919,0.004829384344555709,0.07832395587331953,0.07101911596853512,0.0,0.005620153657791116,0.002568185320252603,0.39999999999999947
2026-04-30,110.77581,14.5,4.9886,0.02830797587883113,-0.25,-0.0442196421044565,4.14,0.88,6.1,195.19,187317.64,19328.45,3084.27,139021.25,-0.0007692232189761006,0.0328275913784386,0.09029810761859466,-0.007783057920625613,0.000848692475064805,-0.027191498592510466,0.17443565861846488,-0.0617885792116839,-0.05265825273135505,-0.07608454703947576,0.16820361385671878,-0.4390043380594233,0.047683646696095705,0.10098208429509348,0.08390882642829586,0.0,0.006351939799018158,0.002568185320252603,0.2999999999999998
2026-05-31,110.60765,14.5,5.0569,0.03029491656692841,0.0,0.013691215972417181,4.39,0.67,5.8,195.19,173787.49,17912.91,2981.06,126796.41,-0.07223105095708027,-0.07945193042443932,0.13710168870050074,-0.07945193042443932,-0.07323608463172171,-0.1304995102269848,0.13874973262702173,-0.1304995102269848,-0.03346334789107308,-0.13370239600133682,0.039677820224703335,-0.4577771310603236,-0.08793504590125611,-0.03982971791473289,0.24014227908612673,-0.08793504590125611,-0.0015180209469919381,0.002568185320252603,-0.2999999999999998
2026-06-30,110.90086,14.25,5.1766,0.03542268259542325,-0.25,0.02367062825050925,4.72,0.58,5.6,197.34,172024.12,18026.55,2948.41,128088.55,-0.010146702734471824,-0.08235126679648508,0.13453026603675558,-0.08879245803921443,0.0063440278547706175,-0.06656514116049772,0.15395939213481316,-0.12498337490012812,-0.010952479990338992,-0.09438801367443661,0.07231258570120443,-0.46371581618268964,0.010190667070148152,-0.03470671452015295,0.24259764569835804,-0.07864049560768582,0.002650901632933911,0.011014908550643021,-0.20000000000000018
2026-07-31,110.93102,14.25,5.0773,0.01957136504112069,0.0,-0.019182474983579834,4.64,0.16,5.4,197.34,177999.0,18886.12,2866.37,127419.41,0.034732803748683594,-0.04974779737775903,0.18606398152202083,-0.05714366530997006,0.04768355564431359,-0.02288491834575468,0.21290143384069093,-0.08325947096747899,-0.027825166784809396,-0.07064880830796272,0.04057624476206672,-0.4786380130414617,-0.00522404227388007,-0.08345371660807244,0.18279704008191697,-0.08345371660807244,0.00027195460882811773,0.011014908550643021,-0.1999999999999993
