Nível Territorial (Código),Nível Territorial,Unidade de Medida (Código),Unidade de Medida,Valor,Brasil (Código),Brasil,Variável (Código),Variável,Mês (Código),Mês,valor_numerico
1,Brasil,,,...,1,Brasil,63,IPCA - Variação mensal,197912,dezembro 1979,
1,Brasil,2,%,6.62,1,Brasil,63,IPCA - Variação mensal,198001,janeiro 1980,662.0
1,Brasil,2,%,4.62,1,Brasil,63,IPCA - Variação mensal,198002,fevereiro 1980,462.0
1,Brasil,2,%,6.04,1,Brasil,63,IPCA - Variação mensal,198003,março 1980,604.0
1,Brasil,2,%,5.29,1,Brasil,63,IPCA - Variação mensal,198004,abril 1980,529.0
1,Brasil,2,%,5.70,1,Brasil,63,IPCA - Variação mensal,198005,maio 1980,570.0
1,Brasil,2,%,5.31,1,Brasil,63,IPCA - Variação mensal,198006,junho 1980,531.0
1,Brasil,2,%,5.55,1,Brasil,63,IPCA - Variação mensal,198007,julho 1980,555.0
1,Brasil,2,%,4.95,1,Brasil,63,IPCA - Variação mensal,198008,agosto 1980,495.0
1,Brasil,2,%,4.23,1,Brasil,63,IPCA - Variação mensal,198009,setembro 1980,423.0
1,Brasil,2,%,9.48,1,Brasil,63,IPCA - Variação mensal,198010,outubro 1980,948.0
1,Brasil,2,%,6.67,1,Brasil,63,IPCA - Variação mensal,198011,novembro 1980,667.0
1,Brasil,2,%,6.61,1,Brasil,63,IPCA - Variação mensal,198012,dezembro 1980,661.0
1,Brasil,2,%,6.84,1,Brasil,63,IPCA - Variação mensal,198101,janeiro 1981,684.0
1,Brasil,2,%,6.40,1,Brasil,63,IPCA - Variação mensal,198102,fevereiro 1981,640.0
1,Brasil,2,%,4.97,1,Brasil,63,IPCA - Variação mensal,198103,março 1981,497.0
1,Brasil,2,%,6.46,1,Brasil,63,IPCA - Variação mensal,198104,abril 1981,646.0
1,Brasil,2,%,5.56,1,Brasil,63,IPCA - Variação mensal,198105,maio 1981,556.0
1,Brasil,2,%,5.52,1,Brasil,63,IPCA - Variação mensal,198106,junho 1981,552.0
1,Brasil,2,%,6.26,1,Brasil,63,IPCA - Variação mensal,198107,julho 1981,626.0
1,Brasil,2,%,5.50,1,Brasil,63,IPCA - Variação mensal,198108,agosto 1981,550.0
1,Brasil,2,%,5.26,1,Brasil,63,IPCA - Variação mensal,198109,setembro 1981,526.0
1,Brasil,2,%,5.08,1,Brasil,63,IPCA - Variação mensal,198110,outubro 1981,508.0
1,Brasil,2,%,5.27,1,Brasil,63,IPCA - Variação mensal,198111,novembro 1981,527.0
1,Brasil,2,%,5.93,1,Brasil,63,IPCA - Variação mensal,198112,dezembro 1981,593.0
1,Brasil,2,%,6.97,1,Brasil,63,IPCA - Variação mensal,198201,janeiro 1982,697.0
1,Brasil,2,%,6.64,1,Brasil,63,IPCA - Variação mensal,198202,fevereiro 1982,664.0
1,Brasil,2,%,5.71,1,Brasil,63,IPCA - Variação mensal,198203,março 1982,571.0
1,Brasil,2,%,5.89,1,Brasil,63,IPCA - Variação mensal,198204,abril 1982,589.0
1,Brasil,2,%,6.66,1,Brasil,63,IPCA - Variação mensal,198205,maio 1982,666.0
1,Brasil,2,%,7.10,1,Brasil,63,IPCA - Variação mensal,198206,junho 1982,710.0
1,Brasil,2,%,6.36,1,Brasil,63,IPCA - Variação mensal,198207,julho 1982,636.0
1,Brasil,2,%,5.97,1,Brasil,63,IPCA - Variação mensal,198208,agosto 1982,597.0
1,Brasil,2,%,5.08,1,Brasil,63,IPCA - Variação mensal,198209,setembro 1982,508.0
1,Brasil,2,%,4.44,1,Brasil,63,IPCA - Variação mensal,198210,outubro 1982,444.0
1,Brasil,2,%,5.29,1,Brasil,63,IPCA - Variação mensal,198211,novembro 1982,529.0
1,Brasil,2,%,7.81,1,Brasil,63,IPCA - Variação mensal,198212,dezembro 1982,781.0
1,Brasil,2,%,8.64,1,Brasil,63,IPCA - Variação mensal,198301,janeiro 1983,864.0
1,Brasil,2,%,7.86,1,Brasil,63,IPCA - Variação mensal,198302,fevereiro 1983,786.0
1,Brasil,2,%,7.34,1,Brasil,63,IPCA - Variação mensal,198303,março 1983,734.0
1,Brasil,2,%,6.58,1,Brasil,63,IPCA - Variação mensal,198304,abril 1983,658.0
1,Brasil,2,%,6.48,1,Brasil,63,IPCA - Variação mensal,198305,maio 1983,648.0
1,Brasil,2,%,9.88,1,Brasil,63,IPCA - Variação mensal,198306,junho 1983,988.0
1,Brasil,2,%,10.08,1,Brasil,63,IPCA - Variação mensal,198307,julho 1983,1008.0
1,Brasil,2,%,9.11,1,Brasil,63,IPCA - Variação mensal,198308,agosto 1983,911.0
1,Brasil,2,%,10.30,1,Brasil,63,IPCA - Variação mensal,198309,setembro 1983,1030.0
1,Brasil,2,%,8.87,1,Brasil,63,IPCA - Variação mensal,198310,outubro 1983,887.0
1,Brasil,2,%,7.38,1,Brasil,63,IPCA - Variação mensal,198311,novembro 1983,738.0
1,Brasil,2,%,8.68,1,Brasil,63,IPCA - Variação mensal,198312,dezembro 1983,868.0
1,Brasil,2,%,9.67,1,Brasil,63,IPCA - Variação mensal,198401,janeiro 1984,967.0
1,Brasil,2,%,9.50,1,Brasil,63,IPCA - Variação mensal,198402,fevereiro 1984,950.0
1,Brasil,2,%,8.94,1,Brasil,63,IPCA - Variação mensal,198403,março 1984,894.0
1,Brasil,2,%,9.54,1,Brasil,63,IPCA - Variação mensal,198404,abril 1984,954.0
1,Brasil,2,%,9.05,1,Brasil,63,IPCA - Variação mensal,198405,maio 1984,905.0
1,Brasil,2,%,10.08,1,Brasil,63,IPCA - Variação mensal,198406,junho 1984,1008.0
1,Brasil,2,%,9.72,1,Brasil,63,IPCA - Variação mensal,198407,julho 1984,972.0
1,Brasil,2,%,9.35,1,Brasil,63,IPCA - Variação mensal,198408,agosto 1984,935.0
1,Brasil,2,%,11.75,1,Brasil,63,IPCA - Variação mensal,198409,setembro 1984,1175.0
1,Brasil,2,%,10.44,1,Brasil,63,IPCA - Variação mensal,198410,outubro 1984,1044.0
1,Brasil,2,%,10.53,1,Brasil,63,IPCA - Variação mensal,198411,novembro 1984,1053.0
1,Brasil,2,%,11.98,1,Brasil,63,IPCA - Variação mensal,198412,dezembro 1984,1198.0
1,Brasil,2,%,11.76,1,Brasil,63,IPCA - Variação mensal,198501,janeiro 1985,1176.0
1,Brasil,2,%,10.87,1,Brasil,63,IPCA - Variação mensal,198502,fevereiro 1985,1087.0
1,Brasil,2,%,10.16,1,Brasil,63,IPCA - Variação mensal,198503,março 1985,1016.0
1,Brasil,2,%,8.20,1,Brasil,63,IPCA - Variação mensal,198504,abril 1985,820.0
1,Brasil,2,%,7.20,1,Brasil,63,IPCA - Variação mensal,198505,maio 1985,720.0
1,Brasil,2,%,8.49,1,Brasil,63,IPCA - Variação mensal,198506,junho 1985,849.0
1,Brasil,2,%,10.31,1,Brasil,63,IPCA - Variação mensal,198507,julho 1985,1031.0
1,Brasil,2,%,12.05,1,Brasil,63,IPCA - Variação mensal,198508,agosto 1985,1205.0
1,Brasil,2,%,11.12,1,Brasil,63,IPCA - Variação mensal,198509,setembro 1985,1112.0
1,Brasil,2,%,10.62,1,Brasil,63,IPCA - Variação mensal,198510,outubro 1985,1062.0
1,Brasil,2,%,13.97,1,Brasil,63,IPCA - Variação mensal,198511,novembro 1985,1397.0
1,Brasil,2,%,15.07,1,Brasil,63,IPCA - Variação mensal,198512,dezembro 1985,1507.0
1,Brasil,2,%,14.37,1,Brasil,63,IPCA - Variação mensal,198601,janeiro 1986,1437.0
1,Brasil,2,%,12.72,1,Brasil,63,IPCA - Variação mensal,198602,fevereiro 1986,1272.0
1,Brasil,2,%,4.77,1,Brasil,63,IPCA - Variação mensal,198603,março 1986,477.0
1,Brasil,2,%,0.78,1,Brasil,63,IPCA - Variação mensal,198604,abril 1986,78.0
1,Brasil,2,%,1.40,1,Brasil,63,IPCA - Variação mensal,198605,maio 1986,140.0
1,Brasil,2,%,1.27,1,Brasil,63,IPCA - Variação mensal,198606,junho 1986,127.0
1,Brasil,2,%,1.71,1,Brasil,63,IPCA - Variação mensal,198607,julho 1986,171.0
1,Brasil,2,%,3.55,1,Brasil,63,IPCA - Variação mensal,198608,agosto 1986,355.0
1,Brasil,2,%,1.72,1,Brasil,63,IPCA - Variação mensal,198609,setembro 1986,172.0
1,Brasil,2,%,1.90,1,Brasil,63,IPCA - Variação mensal,198610,outubro 1986,190.0
1,Brasil,2,%,5.45,1,Brasil,63,IPCA - Variação mensal,198611,novembro 1986,545.0
1,Brasil,2,%,11.65,1,Brasil,63,IPCA - Variação mensal,198612,dezembro 1986,1165.0
1,Brasil,2,%,13.21,1,Brasil,63,IPCA - Variação mensal,198701,janeiro 1987,1321.0
1,Brasil,2,%,12.64,1,Brasil,63,IPCA - Variação mensal,198702,fevereiro 1987,1264.0
1,Brasil,2,%,16.37,1,Brasil,63,IPCA - Variação mensal,198703,março 1987,1637.0
1,Brasil,2,%,19.10,1,Brasil,63,IPCA - Variação mensal,198704,abril 1987,1910.0
1,Brasil,2,%,21.45,1,Brasil,63,IPCA - Variação mensal,198705,maio 1987,2145.0
1,Brasil,2,%,19.71,1,Brasil,63,IPCA - Variação mensal,198706,junho 1987,1971.0
1,Brasil,2,%,9.21,1,Brasil,63,IPCA - Variação mensal,198707,julho 1987,921.0
1,Brasil,2,%,4.87,1,Brasil,63,IPCA - Variação mensal,198708,agosto 1987,487.0
1,Brasil,2,%,7.78,1,Brasil,63,IPCA - Variação mensal,198709,setembro 1987,778.0
1,Brasil,2,%,11.22,1,Brasil,63,IPCA - Variação mensal,198710,outubro 1987,1122.0
1,Brasil,2,%,15.08,1,Brasil,63,IPCA - Variação mensal,198711,novembro 1987,1508.0
1,Brasil,2,%,14.15,1,Brasil,63,IPCA - Variação mensal,198712,dezembro 1987,1415.0
1,Brasil,2,%,18.89,1,Brasil,63,IPCA - Variação mensal,198801,janeiro 1988,1889.0
1,Brasil,2,%,15.70,1,Brasil,63,IPCA - Variação mensal,198802,fevereiro 1988,1570.0
1,Brasil,2,%,17.60,1,Brasil,63,IPCA - Variação mensal,198803,março 1988,1760.0
1,Brasil,2,%,19.29,1,Brasil,63,IPCA - Variação mensal,198804,abril 1988,1929.0
1,Brasil,2,%,17.42,1,Brasil,63,IPCA - Variação mensal,198805,maio 1988,1742.0
1,Brasil,2,%,22.00,1,Brasil,63,IPCA - Variação mensal,198806,junho 1988,2200.0
1,Brasil,2,%,21.91,1,Brasil,63,IPCA - Variação mensal,198807,julho 1988,2191.0
1,Brasil,2,%,21.59,1,Brasil,63,IPCA - Variação mensal,198808,agosto 1988,2159.0
1,Brasil,2,%,27.45,1,Brasil,63,IPCA - Variação mensal,198809,setembro 1988,2745.0
1,Brasil,2,%,25.62,1,Brasil,63,IPCA - Variação mensal,198810,outubro 1988,2562.0
1,Brasil,2,%,27.94,1,Brasil,63,IPCA - Variação mensal,198811,novembro 1988,2794.0
1,Brasil,2,%,28.70,1,Brasil,63,IPCA - Variação mensal,198812,dezembro 1988,2870.0
1,Brasil,2,%,37.49,1,Brasil,63,IPCA - Variação mensal,198901,janeiro 1989,3749.0
1,Brasil,2,%,16.78,1,Brasil,63,IPCA - Variação mensal,198902,fevereiro 1989,1678.0
1,Brasil,2,%,6.82,1,Brasil,63,IPCA - Variação mensal,198903,março 1989,682.0
1,Brasil,2,%,8.33,1,Brasil,63,IPCA - Variação mensal,198904,abril 1989,833.0
1,Brasil,2,%,17.92,1,Brasil,63,IPCA - Variação mensal,198905,maio 1989,1792.0
1,Brasil,2,%,28.65,1,Brasil,63,IPCA - Variação mensal,198906,junho 1989,2865.0
1,Brasil,2,%,27.74,1,Brasil,63,IPCA - Variação mensal,198907,julho 1989,2774.0
1,Brasil,2,%,33.71,1,Brasil,63,IPCA - Variação mensal,198908,agosto 1989,3371.0
1,Brasil,2,%,37.56,1,Brasil,63,IPCA - Variação mensal,198909,setembro 1989,3756.0
1,Brasil,2,%,39.77,1,Brasil,63,IPCA - Variação mensal,198910,outubro 1989,3977.0
1,Brasil,2,%,47.82,1,Brasil,63,IPCA - Variação mensal,198911,novembro 1989,4782.0
1,Brasil,2,%,51.50,1,Brasil,63,IPCA - Variação mensal,198912,dezembro 1989,5150.0
1,Brasil,2,%,67.55,1,Brasil,63,IPCA - Variação mensal,199001,janeiro 1990,6755.0
1,Brasil,2,%,75.73,1,Brasil,63,IPCA - Variação mensal,199002,fevereiro 1990,7573.0
1,Brasil,2,%,82.39,1,Brasil,63,IPCA - Variação mensal,199003,março 1990,8239.0
1,Brasil,2,%,15.52,1,Brasil,63,IPCA - Variação mensal,199004,abril 1990,1552.0
1,Brasil,2,%,7.59,1,Brasil,63,IPCA - Variação mensal,199005,maio 1990,759.0
1,Brasil,2,%,11.75,1,Brasil,63,IPCA - Variação mensal,199006,junho 1990,1175.0
1,Brasil,2,%,12.92,1,Brasil,63,IPCA - Variação mensal,199007,julho 1990,1292.0
1,Brasil,2,%,12.88,1,Brasil,63,IPCA - Variação mensal,199008,agosto 1990,1288.0
1,Brasil,2,%,14.41,1,Brasil,63,IPCA - Variação mensal,199009,setembro 1990,1441.0
1,Brasil,2,%,14.36,1,Brasil,63,IPCA - Variação mensal,199010,outubro 1990,1436.0
1,Brasil,2,%,16.81,1,Brasil,63,IPCA - Variação mensal,199011,novembro 1990,1681.0
1,Brasil,2,%,18.44,1,Brasil,63,IPCA - Variação mensal,199012,dezembro 1990,1844.0
1,Brasil,2,%,20.75,1,Brasil,63,IPCA - Variação mensal,199101,janeiro 1991,2075.0
1,Brasil,2,%,20.72,1,Brasil,63,IPCA - Variação mensal,199102,fevereiro 1991,2072.0
1,Brasil,2,%,11.92,1,Brasil,63,IPCA - Variação mensal,199103,março 1991,1192.0
1,Brasil,2,%,4.99,1,Brasil,63,IPCA - Variação mensal,199104,abril 1991,499.0
1,Brasil,2,%,7.43,1,Brasil,63,IPCA - Variação mensal,199105,maio 1991,743.0
1,Brasil,2,%,11.19,1,Brasil,63,IPCA - Variação mensal,199106,junho 1991,1119.0
1,Brasil,2,%,12.41,1,Brasil,63,IPCA - Variação mensal,199107,julho 1991,1241.0
1,Brasil,2,%,15.63,1,Brasil,63,IPCA - Variação mensal,199108,agosto 1991,1563.0
1,Brasil,2,%,15.63,1,Brasil,63,IPCA - Variação mensal,199109,setembro 1991,1563.0
1,Brasil,2,%,20.23,1,Brasil,63,IPCA - Variação mensal,199110,outubro 1991,2023.0
1,Brasil,2,%,25.21,1,Brasil,63,IPCA - Variação mensal,199111,novembro 1991,2521.0
1,Brasil,2,%,23.71,1,Brasil,63,IPCA - Variação mensal,199112,dezembro 1991,2371.0
1,Brasil,2,%,25.94,1,Brasil,63,IPCA - Variação mensal,199201,janeiro 1992,2594.0
1,Brasil,2,%,24.32,1,Brasil,63,IPCA - Variação mensal,199202,fevereiro 1992,2432.0
1,Brasil,2,%,21.40,1,Brasil,63,IPCA - Variação mensal,199203,março 1992,2140.0
1,Brasil,2,%,19.93,1,Brasil,63,IPCA - Variação mensal,199204,abril 1992,1993.0
1,Brasil,2,%,24.86,1,Brasil,63,IPCA - Variação mensal,199205,maio 1992,2486.0
1,Brasil,2,%,20.21,1,Brasil,63,IPCA - Variação mensal,199206,junho 1992,2021.0
1,Brasil,2,%,21.83,1,Brasil,63,IPCA - Variação mensal,199207,julho 1992,2183.0
1,Brasil,2,%,22.14,1,Brasil,63,IPCA - Variação mensal,199208,agosto 1992,2214.0
1,Brasil,2,%,24.63,1,Brasil,63,IPCA - Variação mensal,199209,setembro 1992,2463.0
1,Brasil,2,%,25.24,1,Brasil,63,IPCA - Variação mensal,199210,outubro 1992,2524.0
1,Brasil,2,%,22.49,1,Brasil,63,IPCA - Variação mensal,199211,novembro 1992,2249.0
1,Brasil,2,%,25.24,1,Brasil,63,IPCA - Variação mensal,199212,dezembro 1992,2524.0
1,Brasil,2,%,30.35,1,Brasil,63,IPCA - Variação mensal,199301,janeiro 1993,3035.0
1,Brasil,2,%,24.98,1,Brasil,63,IPCA - Variação mensal,199302,fevereiro 1993,2498.0
1,Brasil,2,%,27.26,1,Brasil,63,IPCA - Variação mensal,199303,março 1993,2726.0
1,Brasil,2,%,27.75,1,Brasil,63,IPCA - Variação mensal,199304,abril 1993,2775.0
1,Brasil,2,%,27.69,1,Brasil,63,IPCA - Variação mensal,199305,maio 1993,2769.0
1,Brasil,2,%,30.07,1,Brasil,63,IPCA - Variação mensal,199306,junho 1993,3007.0
1,Brasil,2,%,30.72,1,Brasil,63,IPCA - Variação mensal,199307,julho 1993,3072.0
1,Brasil,2,%,32.96,1,Brasil,63,IPCA - Variação mensal,199308,agosto 1993,3296.0
1,Brasil,2,%,35.69,1,Brasil,63,IPCA - Variação mensal,199309,setembro 1993,3569.0
1,Brasil,2,%,33.92,1,Brasil,63,IPCA - Variação mensal,199310,outubro 1993,3392.0
1,Brasil,2,%,35.56,1,Brasil,63,IPCA - Variação mensal,199311,novembro 1993,3556.0
1,Brasil,2,%,36.84,1,Brasil,63,IPCA - Variação mensal,199312,dezembro 1993,3684.0
1,Brasil,2,%,41.31,1,Brasil,63,IPCA - Variação mensal,199401,janeiro 1994,4131.0
1,Brasil,2,%,40.27,1,Brasil,63,IPCA - Variação mensal,199402,fevereiro 1994,4027.0
1,Brasil,2,%,42.75,1,Brasil,63,IPCA - Variação mensal,199403,março 1994,4275.0
1,Brasil,2,%,42.68,1,Brasil,63,IPCA - Variação mensal,199404,abril 1994,4268.0
1,Brasil,2,%,44.03,1,Brasil,63,IPCA - Variação mensal,199405,maio 1994,4403.0
1,Brasil,2,%,47.43,1,Brasil,63,IPCA - Variação mensal,199406,junho 1994,4743.0
1,Brasil,2,%,6.84,1,Brasil,63,IPCA - Variação mensal,199407,julho 1994,684.0
1,Brasil,2,%,1.86,1,Brasil,63,IPCA - Variação mensal,199408,agosto 1994,186.0
1,Brasil,2,%,1.53,1,Brasil,63,IPCA - Variação mensal,199409,setembro 1994,153.0
1,Brasil,2,%,2.62,1,Brasil,63,IPCA - Variação mensal,199410,outubro 1994,262.0
1,Brasil,2,%,2.81,1,Brasil,63,IPCA - Variação mensal,199411,novembro 1994,281.0
1,Brasil,2,%,1.71,1,Brasil,63,IPCA - Variação mensal,199412,dezembro 1994,171.0
1,Brasil,2,%,1.70,1,Brasil,63,IPCA - Variação mensal,199501,janeiro 1995,170.0
1,Brasil,2,%,1.02,1,Brasil,63,IPCA - Variação mensal,199502,fevereiro 1995,102.0
1,Brasil,2,%,1.55,1,Brasil,63,IPCA - Variação mensal,199503,março 1995,155.0
1,Brasil,2,%,2.43,1,Brasil,63,IPCA - Variação mensal,199504,abril 1995,243.0
1,Brasil,2,%,2.67,1,Brasil,63,IPCA - Variação mensal,199505,maio 1995,267.0
1,Brasil,2,%,2.26,1,Brasil,63,IPCA - Variação mensal,199506,junho 1995,226.0
1,Brasil,2,%,2.36,1,Brasil,63,IPCA - Variação mensal,199507,julho 1995,236.0
1,Brasil,2,%,0.99,1,Brasil,63,IPCA - Variação mensal,199508,agosto 1995,99.0
1,Brasil,2,%,0.99,1,Brasil,63,IPCA - Variação mensal,199509,setembro 1995,99.0
1,Brasil,2,%,1.41,1,Brasil,63,IPCA - Variação mensal,199510,outubro 1995,141.0
1,Brasil,2,%,1.47,1,Brasil,63,IPCA - Variação mensal,199511,novembro 1995,147.0
1,Brasil,2,%,1.56,1,Brasil,63,IPCA - Variação mensal,199512,dezembro 1995,156.0
1,Brasil,2,%,1.34,1,Brasil,63,IPCA - Variação mensal,199601,janeiro 1996,134.0
1,Brasil,2,%,1.03,1,Brasil,63,IPCA - Variação mensal,199602,fevereiro 1996,103.0
1,Brasil,2,%,0.35,1,Brasil,63,IPCA - Variação mensal,199603,março 1996,35.0
1,Brasil,2,%,1.26,1,Brasil,63,IPCA - Variação mensal,199604,abril 1996,126.0
1,Brasil,2,%,1.22,1,Brasil,63,IPCA - Variação mensal,199605,maio 1996,122.0
1,Brasil,2,%,1.19,1,Brasil,63,IPCA - Variação mensal,199606,junho 1996,119.0
1,Brasil,2,%,1.11,1,Brasil,63,IPCA - Variação mensal,199607,julho 1996,111.0
1,Brasil,2,%,0.44,1,Brasil,63,IPCA - Variação mensal,199608,agosto 1996,44.0
1,Brasil,2,%,0.15,1,Brasil,63,IPCA - Variação mensal,199609,setembro 1996,15.0
1,Brasil,2,%,0.30,1,Brasil,63,IPCA - Variação mensal,199610,outubro 1996,30.0
1,Brasil,2,%,0.32,1,Brasil,63,IPCA - Variação mensal,199611,novembro 1996,32.0
1,Brasil,2,%,0.47,1,Brasil,63,IPCA - Variação mensal,199612,dezembro 1996,47.0
1,Brasil,2,%,1.18,1,Brasil,63,IPCA - Variação mensal,199701,janeiro 1997,118.0
1,Brasil,2,%,0.50,1,Brasil,63,IPCA - Variação mensal,199702,fevereiro 1997,50.0
1,Brasil,2,%,0.51,1,Brasil,63,IPCA - Variação mensal,199703,março 1997,51.0
1,Brasil,2,%,0.88,1,Brasil,63,IPCA - Variação mensal,199704,abril 1997,88.0
1,Brasil,2,%,0.41,1,Brasil,63,IPCA - Variação mensal,199705,maio 1997,41.0
1,Brasil,2,%,0.54,1,Brasil,63,IPCA - Variação mensal,199706,junho 1997,54.0
1,Brasil,2,%,0.22,1,Brasil,63,IPCA - Variação mensal,199707,julho 1997,22.0
1,Brasil,2,%,-0.02,1,Brasil,63,IPCA - Variação mensal,199708,agosto 1997,-2.0
1,Brasil,2,%,0.06,1,Brasil,63,IPCA - Variação mensal,199709,setembro 1997,6.0
1,Brasil,2,%,0.23,1,Brasil,63,IPCA - Variação mensal,199710,outubro 1997,23.0
1,Brasil,2,%,0.17,1,Brasil,63,IPCA - Variação mensal,199711,novembro 1997,17.0
1,Brasil,2,%,0.43,1,Brasil,63,IPCA - Variação mensal,199712,dezembro 1997,43.0
1,Brasil,2,%,0.71,1,Brasil,63,IPCA - Variação mensal,199801,janeiro 1998,71.0
1,Brasil,2,%,0.46,1,Brasil,63,IPCA - Variação mensal,199802,fevereiro 1998,46.0
1,Brasil,2,%,0.34,1,Brasil,63,IPCA - Variação mensal,199803,março 1998,34.0
1,Brasil,2,%,0.24,1,Brasil,63,IPCA - Variação mensal,199804,abril 1998,24.0
1,Brasil,2,%,0.50,1,Brasil,63,IPCA - Variação mensal,199805,maio 1998,50.0
1,Brasil,2,%,0.02,1,Brasil,63,IPCA - Variação mensal,199806,junho 1998,2.0
1,Brasil,2,%,-0.12,1,Brasil,63,IPCA - Variação mensal,199807,julho 1998,-12.0
1,Brasil,2,%,-0.51,1,Brasil,63,IPCA - Variação mensal,199808,agosto 1998,-51.0
1,Brasil,2,%,-0.22,1,Brasil,63,IPCA - Variação mensal,199809,setembro 1998,-22.0
1,Brasil,2,%,0.02,1,Brasil,63,IPCA - Variação mensal,199810,outubro 1998,2.0
1,Brasil,2,%,-0.12,1,Brasil,63,IPCA - Variação mensal,199811,novembro 1998,-12.0
1,Brasil,2,%,0.33,1,Brasil,63,IPCA - Variação mensal,199812,dezembro 1998,33.0
1,Brasil,2,%,0.70,1,Brasil,63,IPCA - Variação mensal,199901,janeiro 1999,70.0
1,Brasil,2,%,1.05,1,Brasil,63,IPCA - Variação mensal,199902,fevereiro 1999,105.0
1,Brasil,2,%,1.10,1,Brasil,63,IPCA - Variação mensal,199903,março 1999,110.0
1,Brasil,2,%,0.56,1,Brasil,63,IPCA - Variação mensal,199904,abril 1999,56.0
1,Brasil,2,%,0.30,1,Brasil,63,IPCA - Variação mensal,199905,maio 1999,30.0
1,Brasil,2,%,0.19,1,Brasil,63,IPCA - Variação mensal,199906,junho 1999,19.0
1,Brasil,2,%,1.09,1,Brasil,63,IPCA - Variação mensal,199907,julho 1999,109.0
1,Brasil,2,%,0.56,1,Brasil,63,IPCA - Variação mensal,199908,agosto 1999,56.0
1,Brasil,2,%,0.31,1,Brasil,63,IPCA - Variação mensal,199909,setembro 1999,31.0
1,Brasil,2,%,1.19,1,Brasil,63,IPCA - Variação mensal,199910,outubro 1999,119.0
1,Brasil,2,%,0.95,1,Brasil,63,IPCA - Variação mensal,199911,novembro 1999,95.0
1,Brasil,2,%,0.60,1,Brasil,63,IPCA - Variação mensal,199912,dezembro 1999,60.0
1,Brasil,2,%,0.62,1,Brasil,63,IPCA - Variação mensal,200001,janeiro 2000,62.0
1,Brasil,2,%,0.13,1,Brasil,63,IPCA - Variação mensal,200002,fevereiro 2000,13.0
1,Brasil,2,%,0.22,1,Brasil,63,IPCA - Variação mensal,200003,março 2000,22.0
1,Brasil,2,%,0.42,1,Brasil,63,IPCA - Variação mensal,200004,abril 2000,42.0
1,Brasil,2,%,0.01,1,Brasil,63,IPCA - Variação mensal,200005,maio 2000,1.0
1,Brasil,2,%,0.23,1,Brasil,63,IPCA - Variação mensal,200006,junho 2000,23.0
1,Brasil,2,%,1.61,1,Brasil,63,IPCA - Variação mensal,200007,julho 2000,161.0
1,Brasil,2,%,1.31,1,Brasil,63,IPCA - Variação mensal,200008,agosto 2000,131.0
1,Brasil,2,%,0.23,1,Brasil,63,IPCA - Variação mensal,200009,setembro 2000,23.0
1,Brasil,2,%,0.14,1,Brasil,63,IPCA - Variação mensal,200010,outubro 2000,14.0
1,Brasil,2,%,0.32,1,Brasil,63,IPCA - Variação mensal,200011,novembro 2000,32.0
1,Brasil,2,%,0.59,1,Brasil,63,IPCA - Variação mensal,200012,dezembro 2000,59.0
1,Brasil,2,%,0.57,1,Brasil,63,IPCA - Variação mensal,200101,janeiro 2001,57.0
1,Brasil,2,%,0.46,1,Brasil,63,IPCA - Variação mensal,200102,fevereiro 2001,46.0
1,Brasil,2,%,0.38,1,Brasil,63,IPCA - Variação mensal,200103,março 2001,38.0
1,Brasil,2,%,0.58,1,Brasil,63,IPCA - Variação mensal,200104,abril 2001,58.0
1,Brasil,2,%,0.41,1,Brasil,63,IPCA - Variação mensal,200105,maio 2001,41.0
1,Brasil,2,%,0.52,1,Brasil,63,IPCA - Variação mensal,200106,junho 2001,52.0
1,Brasil,2,%,1.33,1,Brasil,63,IPCA - Variação mensal,200107,julho 2001,133.0
1,Brasil,2,%,0.70,1,Brasil,63,IPCA - Variação mensal,200108,agosto 2001,70.0
1,Brasil,2,%,0.28,1,Brasil,63,IPCA - Variação mensal,200109,setembro 2001,28.0
1,Brasil,2,%,0.83,1,Brasil,63,IPCA - Variação mensal,200110,outubro 2001,83.0
1,Brasil,2,%,0.71,1,Brasil,63,IPCA - Variação mensal,200111,novembro 2001,71.0
1,Brasil,2,%,0.65,1,Brasil,63,IPCA - Variação mensal,200112,dezembro 2001,65.0
1,Brasil,2,%,0.52,1,Brasil,63,IPCA - Variação mensal,200201,janeiro 2002,52.0
1,Brasil,2,%,0.36,1,Brasil,63,IPCA - Variação mensal,200202,fevereiro 2002,36.0
1,Brasil,2,%,0.60,1,Brasil,63,IPCA - Variação mensal,200203,março 2002,60.0
1,Brasil,2,%,0.80,1,Brasil,63,IPCA - Variação mensal,200204,abril 2002,80.0
1,Brasil,2,%,0.21,1,Brasil,63,IPCA - Variação mensal,200205,maio 2002,21.0
1,Brasil,2,%,0.42,1,Brasil,63,IPCA - Variação mensal,200206,junho 2002,42.0
1,Brasil,2,%,1.19,1,Brasil,63,IPCA - Variação mensal,200207,julho 2002,119.0
1,Brasil,2,%,0.65,1,Brasil,63,IPCA - Variação mensal,200208,agosto 2002,65.0
1,Brasil,2,%,0.72,1,Brasil,63,IPCA - Variação mensal,200209,setembro 2002,72.0
1,Brasil,2,%,1.31,1,Brasil,63,IPCA - Variação mensal,200210,outubro 2002,131.0
1,Brasil,2,%,3.02,1,Brasil,63,IPCA - Variação mensal,200211,novembro 2002,302.0
1,Brasil,2,%,2.10,1,Brasil,63,IPCA - Variação mensal,200212,dezembro 2002,210.0
1,Brasil,2,%,2.25,1,Brasil,63,IPCA - Variação mensal,200301,janeiro 2003,225.0
1,Brasil,2,%,1.57,1,Brasil,63,IPCA - Variação mensal,200302,fevereiro 2003,157.0
1,Brasil,2,%,1.23,1,Brasil,63,IPCA - Variação mensal,200303,março 2003,123.0
1,Brasil,2,%,0.97,1,Brasil,63,IPCA - Variação mensal,200304,abril 2003,97.0
1,Brasil,2,%,0.61,1,Brasil,63,IPCA - Variação mensal,200305,maio 2003,61.0
1,Brasil,2,%,-0.15,1,Brasil,63,IPCA - Variação mensal,200306,junho 2003,-15.0
1,Brasil,2,%,0.20,1,Brasil,63,IPCA - Variação mensal,200307,julho 2003,20.0
1,Brasil,2,%,0.34,1,Brasil,63,IPCA - Variação mensal,200308,agosto 2003,34.0
1,Brasil,2,%,0.78,1,Brasil,63,IPCA - Variação mensal,200309,setembro 2003,78.0
1,Brasil,2,%,0.29,1,Brasil,63,IPCA - Variação mensal,200310,outubro 2003,29.0
1,Brasil,2,%,0.34,1,Brasil,63,IPCA - Variação mensal,200311,novembro 2003,34.0
1,Brasil,2,%,0.52,1,Brasil,63,IPCA - Variação mensal,200312,dezembro 2003,52.0
1,Brasil,2,%,0.76,1,Brasil,63,IPCA - Variação mensal,200401,janeiro 2004,76.0
1,Brasil,2,%,0.61,1,Brasil,63,IPCA - Variação mensal,200402,fevereiro 2004,61.0
1,Brasil,2,%,0.47,1,Brasil,63,IPCA - Variação mensal,200403,março 2004,47.0
1,Brasil,2,%,0.37,1,Brasil,63,IPCA - Variação mensal,200404,abril 2004,37.0
1,Brasil,2,%,0.51,1,Brasil,63,IPCA - Variação mensal,200405,maio 2004,51.0
1,Brasil,2,%,0.71,1,Brasil,63,IPCA - Variação mensal,200406,junho 2004,71.0
1,Brasil,2,%,0.91,1,Brasil,63,IPCA - Variação mensal,200407,julho 2004,91.0
1,Brasil,2,%,0.69,1,Brasil,63,IPCA - Variação mensal,200408,agosto 2004,69.0
1,Brasil,2,%,0.33,1,Brasil,63,IPCA - Variação mensal,200409,setembro 2004,33.0
1,Brasil,2,%,0.44,1,Brasil,63,IPCA - Variação mensal,200410,outubro 2004,44.0
1,Brasil,2,%,0.69,1,Brasil,63,IPCA - Variação mensal,200411,novembro 2004,69.0
1,Brasil,2,%,0.86,1,Brasil,63,IPCA - Variação mensal,200412,dezembro 2004,86.0
1,Brasil,2,%,0.58,1,Brasil,63,IPCA - Variação mensal,200501,janeiro 2005,58.0
1,Brasil,2,%,0.59,1,Brasil,63,IPCA - Variação mensal,200502,fevereiro 2005,59.0
1,Brasil,2,%,0.61,1,Brasil,63,IPCA - Variação mensal,200503,março 2005,61.0
1,Brasil,2,%,0.87,1,Brasil,63,IPCA - Variação mensal,200504,abril 2005,87.0
1,Brasil,2,%,0.49,1,Brasil,63,IPCA - Variação mensal,200505,maio 2005,49.0
1,Brasil,2,%,-0.02,1,Brasil,63,IPCA - Variação mensal,200506,junho 2005,-2.0
1,Brasil,2,%,0.25,1,Brasil,63,IPCA - Variação mensal,200507,julho 2005,25.0
1,Brasil,2,%,0.17,1,Brasil,63,IPCA - Variação mensal,200508,agosto 2005,17.0
1,Brasil,2,%,0.35,1,Brasil,63,IPCA - Variação mensal,200509,setembro 2005,35.0
1,Brasil,2,%,0.75,1,Brasil,63,IPCA - Variação mensal,200510,outubro 2005,75.0
1,Brasil,2,%,0.55,1,Brasil,63,IPCA - Variação mensal,200511,novembro 2005,55.0
1,Brasil,2,%,0.36,1,Brasil,63,IPCA - Variação mensal,200512,dezembro 2005,36.0
1,Brasil,2,%,0.59,1,Brasil,63,IPCA - Variação mensal,200601,janeiro 2006,59.0
1,Brasil,2,%,0.41,1,Brasil,63,IPCA - Variação mensal,200602,fevereiro 2006,41.0
1,Brasil,2,%,0.43,1,Brasil,63,IPCA - Variação mensal,200603,março 2006,43.0
1,Brasil,2,%,0.21,1,Brasil,63,IPCA - Variação mensal,200604,abril 2006,21.0
1,Brasil,2,%,0.10,1,Brasil,63,IPCA - Variação mensal,200605,maio 2006,10.0
1,Brasil,2,%,-0.21,1,Brasil,63,IPCA - Variação mensal,200606,junho 2006,-21.0
1,Brasil,2,%,0.19,1,Brasil,63,IPCA - Variação mensal,200607,julho 2006,19.0
1,Brasil,2,%,0.05,1,Brasil,63,IPCA - Variação mensal,200608,agosto 2006,5.0
1,Brasil,2,%,0.21,1,Brasil,63,IPCA - Variação mensal,200609,setembro 2006,21.0
1,Brasil,2,%,0.33,1,Brasil,63,IPCA - Variação mensal,200610,outubro 2006,33.0
1,Brasil,2,%,0.31,1,Brasil,63,IPCA - Variação mensal,200611,novembro 2006,31.0
1,Brasil,2,%,0.48,1,Brasil,63,IPCA - Variação mensal,200612,dezembro 2006,48.0
1,Brasil,2,%,0.44,1,Brasil,63,IPCA - Variação mensal,200701,janeiro 2007,44.0
1,Brasil,2,%,0.44,1,Brasil,63,IPCA - Variação mensal,200702,fevereiro 2007,44.0
1,Brasil,2,%,0.37,1,Brasil,63,IPCA - Variação mensal,200703,março 2007,37.0
1,Brasil,2,%,0.25,1,Brasil,63,IPCA - Variação mensal,200704,abril 2007,25.0
1,Brasil,2,%,0.28,1,Brasil,63,IPCA - Variação mensal,200705,maio 2007,28.0
1,Brasil,2,%,0.28,1,Brasil,63,IPCA - Variação mensal,200706,junho 2007,28.0
1,Brasil,2,%,0.24,1,Brasil,63,IPCA - Variação mensal,200707,julho 2007,24.0
1,Brasil,2,%,0.47,1,Brasil,63,IPCA - Variação mensal,200708,agosto 2007,47.0
1,Brasil,2,%,0.18,1,Brasil,63,IPCA - Variação mensal,200709,setembro 2007,18.0
1,Brasil,2,%,0.30,1,Brasil,63,IPCA - Variação mensal,200710,outubro 2007,30.0
1,Brasil,2,%,0.38,1,Brasil,63,IPCA - Variação mensal,200711,novembro 2007,38.0
1,Brasil,2,%,0.74,1,Brasil,63,IPCA - Variação mensal,200712,dezembro 2007,74.0
1,Brasil,2,%,0.54,1,Brasil,63,IPCA - Variação mensal,200801,janeiro 2008,54.0
1,Brasil,2,%,0.49,1,Brasil,63,IPCA - Variação mensal,200802,fevereiro 2008,49.0
1,Brasil,2,%,0.48,1,Brasil,63,IPCA - Variação mensal,200803,março 2008,48.0
1,Brasil,2,%,0.55,1,Brasil,63,IPCA - Variação mensal,200804,abril 2008,55.0
1,Brasil,2,%,0.79,1,Brasil,63,IPCA - Variação mensal,200805,maio 2008,79.0
1,Brasil,2,%,0.74,1,Brasil,63,IPCA - Variação mensal,200806,junho 2008,74.0
1,Brasil,2,%,0.53,1,Brasil,63,IPCA - Variação mensal,200807,julho 2008,53.0
1,Brasil,2,%,0.28,1,Brasil,63,IPCA - Variação mensal,200808,agosto 2008,28.0
1,Brasil,2,%,0.26,1,Brasil,63,IPCA - Variação mensal,200809,setembro 2008,26.0
1,Brasil,2,%,0.45,1,Brasil,63,IPCA - Variação mensal,200810,outubro 2008,45.0
1,Brasil,2,%,0.36,1,Brasil,63,IPCA - Variação mensal,200811,novembro 2008,36.0
1,Brasil,2,%,0.28,1,Brasil,63,IPCA - Variação mensal,200812,dezembro 2008,28.0
1,Brasil,2,%,0.48,1,Brasil,63,IPCA - Variação mensal,200901,janeiro 2009,48.0
1,Brasil,2,%,0.55,1,Brasil,63,IPCA - Variação mensal,200902,fevereiro 2009,55.0
1,Brasil,2,%,0.20,1,Brasil,63,IPCA - Variação mensal,200903,março 2009,20.0
1,Brasil,2,%,0.48,1,Brasil,63,IPCA - Variação mensal,200904,abril 2009,48.0
1,Brasil,2,%,0.47,1,Brasil,63,IPCA - Variação mensal,200905,maio 2009,47.0
1,Brasil,2,%,0.36,1,Brasil,63,IPCA - Variação mensal,200906,junho 2009,36.0
1,Brasil,2,%,0.24,1,Brasil,63,IPCA - Variação mensal,200907,julho 2009,24.0
1,Brasil,2,%,0.15,1,Brasil,63,IPCA - Variação mensal,200908,agosto 2009,15.0
1,Brasil,2,%,0.24,1,Brasil,63,IPCA - Variação mensal,200909,setembro 2009,24.0
1,Brasil,2,%,0.28,1,Brasil,63,IPCA - Variação mensal,200910,outubro 2009,28.0
1,Brasil,2,%,0.41,1,Brasil,63,IPCA - Variação mensal,200911,novembro 2009,41.0
1,Brasil,2,%,0.37,1,Brasil,63,IPCA - Variação mensal,200912,dezembro 2009,37.0
1,Brasil,2,%,0.75,1,Brasil,63,IPCA - Variação mensal,201001,janeiro 2010,75.0
1,Brasil,2,%,0.78,1,Brasil,63,IPCA - Variação mensal,201002,fevereiro 2010,78.0
1,Brasil,2,%,0.52,1,Brasil,63,IPCA - Variação mensal,201003,março 2010,52.0
1,Brasil,2,%,0.57,1,Brasil,63,IPCA - Variação mensal,201004,abril 2010,57.0
1,Brasil,2,%,0.43,1,Brasil,63,IPCA - Variação mensal,201005,maio 2010,43.0
1,Brasil,2,%,0.00,1,Brasil,63,IPCA - Variação mensal,201006,junho 2010,0.0
1,Brasil,2,%,0.01,1,Brasil,63,IPCA - Variação mensal,201007,julho 2010,1.0
1,Brasil,2,%,0.04,1,Brasil,63,IPCA - Variação mensal,201008,agosto 2010,4.0
1,Brasil,2,%,0.45,1,Brasil,63,IPCA - Variação mensal,201009,setembro 2010,45.0
1,Brasil,2,%,0.75,1,Brasil,63,IPCA - Variação mensal,201010,outubro 2010,75.0
1,Brasil,2,%,0.83,1,Brasil,63,IPCA - Variação mensal,201011,novembro 2010,83.0
1,Brasil,2,%,0.63,1,Brasil,63,IPCA - Variação mensal,201012,dezembro 2010,63.0
1,Brasil,2,%,0.83,1,Brasil,63,IPCA - Variação mensal,201101,janeiro 2011,83.0
1,Brasil,2,%,0.80,1,Brasil,63,IPCA - Variação mensal,201102,fevereiro 2011,80.0
1,Brasil,2,%,0.79,1,Brasil,63,IPCA - Variação mensal,201103,março 2011,79.0
1,Brasil,2,%,0.77,1,Brasil,63,IPCA - Variação mensal,201104,abril 2011,77.0
1,Brasil,2,%,0.47,1,Brasil,63,IPCA - Variação mensal,201105,maio 2011,47.0
1,Brasil,2,%,0.15,1,Brasil,63,IPCA - Variação mensal,201106,junho 2011,15.0
1,Brasil,2,%,0.16,1,Brasil,63,IPCA - Variação mensal,201107,julho 2011,16.0
1,Brasil,2,%,0.37,1,Brasil,63,IPCA - Variação mensal,201108,agosto 2011,37.0
1,Brasil,2,%,0.53,1,Brasil,63,IPCA - Variação mensal,201109,setembro 2011,53.0
1,Brasil,2,%,0.43,1,Brasil,63,IPCA - Variação mensal,201110,outubro 2011,43.0
1,Brasil,2,%,0.52,1,Brasil,63,IPCA - Variação mensal,201111,novembro 2011,52.0
1,Brasil,2,%,0.50,1,Brasil,63,IPCA - Variação mensal,201112,dezembro 2011,50.0
1,Brasil,2,%,0.56,1,Brasil,63,IPCA - Variação mensal,201201,janeiro 2012,56.0
1,Brasil,2,%,0.45,1,Brasil,63,IPCA - Variação mensal,201202,fevereiro 2012,45.0
1,Brasil,2,%,0.21,1,Brasil,63,IPCA - Variação mensal,201203,março 2012,21.0
1,Brasil,2,%,0.64,1,Brasil,63,IPCA - Variação mensal,201204,abril 2012,64.0
1,Brasil,2,%,0.36,1,Brasil,63,IPCA - Variação mensal,201205,maio 2012,36.0
1,Brasil,2,%,0.08,1,Brasil,63,IPCA - Variação mensal,201206,junho 2012,8.0
1,Brasil,2,%,0.43,1,Brasil,63,IPCA - Variação mensal,201207,julho 2012,43.0
1,Brasil,2,%,0.41,1,Brasil,63,IPCA - Variação mensal,201208,agosto 2012,41.0
1,Brasil,2,%,0.57,1,Brasil,63,IPCA - Variação mensal,201209,setembro 2012,57.0
1,Brasil,2,%,0.59,1,Brasil,63,IPCA - Variação mensal,201210,outubro 2012,59.0
1,Brasil,2,%,0.60,1,Brasil,63,IPCA - Variação mensal,201211,novembro 2012,60.0
1,Brasil,2,%,0.79,1,Brasil,63,IPCA - Variação mensal,201212,dezembro 2012,79.0
1,Brasil,2,%,0.86,1,Brasil,63,IPCA - Variação mensal,201301,janeiro 2013,86.0
1,Brasil,2,%,0.60,1,Brasil,63,IPCA - Variação mensal,201302,fevereiro 2013,60.0
1,Brasil,2,%,0.47,1,Brasil,63,IPCA - Variação mensal,201303,março 2013,47.0
1,Brasil,2,%,0.55,1,Brasil,63,IPCA - Variação mensal,201304,abril 2013,55.0
1,Brasil,2,%,0.37,1,Brasil,63,IPCA - Variação mensal,201305,maio 2013,37.0
1,Brasil,2,%,0.26,1,Brasil,63,IPCA - Variação mensal,201306,junho 2013,26.0
1,Brasil,2,%,0.03,1,Brasil,63,IPCA - Variação mensal,201307,julho 2013,3.0
1,Brasil,2,%,0.24,1,Brasil,63,IPCA - Variação mensal,201308,agosto 2013,24.0
1,Brasil,2,%,0.35,1,Brasil,63,IPCA - Variação mensal,201309,setembro 2013,35.0
1,Brasil,2,%,0.57,1,Brasil,63,IPCA - Variação mensal,201310,outubro 2013,57.0
1,Brasil,2,%,0.54,1,Brasil,63,IPCA - Variação mensal,201311,novembro 2013,54.0
1,Brasil,2,%,0.92,1,Brasil,63,IPCA - Variação mensal,201312,dezembro 2013,92.0
1,Brasil,2,%,0.55,1,Brasil,63,IPCA - Variação mensal,201401,janeiro 2014,55.0
1,Brasil,2,%,0.69,1,Brasil,63,IPCA - Variação mensal,201402,fevereiro 2014,69.0
1,Brasil,2,%,0.92,1,Brasil,63,IPCA - Variação mensal,201403,março 2014,92.0
1,Brasil,2,%,0.67,1,Brasil,63,IPCA - Variação mensal,201404,abril 2014,67.0
1,Brasil,2,%,0.46,1,Brasil,63,IPCA - Variação mensal,201405,maio 2014,46.0
1,Brasil,2,%,0.40,1,Brasil,63,IPCA - Variação mensal,201406,junho 2014,40.0
1,Brasil,2,%,0.01,1,Brasil,63,IPCA - Variação mensal,201407,julho 2014,1.0
1,Brasil,2,%,0.25,1,Brasil,63,IPCA - Variação mensal,201408,agosto 2014,25.0
1,Brasil,2,%,0.57,1,Brasil,63,IPCA - Variação mensal,201409,setembro 2014,57.0
1,Brasil,2,%,0.42,1,Brasil,63,IPCA - Variação mensal,201410,outubro 2014,42.0
1,Brasil,2,%,0.51,1,Brasil,63,IPCA - Variação mensal,201411,novembro 2014,51.0
1,Brasil,2,%,0.78,1,Brasil,63,IPCA - Variação mensal,201412,dezembro 2014,78.0
1,Brasil,2,%,1.24,1,Brasil,63,IPCA - Variação mensal,201501,janeiro 2015,124.0
1,Brasil,2,%,1.22,1,Brasil,63,IPCA - Variação mensal,201502,fevereiro 2015,122.0
1,Brasil,2,%,1.32,1,Brasil,63,IPCA - Variação mensal,201503,março 2015,132.0
1,Brasil,2,%,0.71,1,Brasil,63,IPCA - Variação mensal,201504,abril 2015,71.0
1,Brasil,2,%,0.74,1,Brasil,63,IPCA - Variação mensal,201505,maio 2015,74.0
1,Brasil,2,%,0.79,1,Brasil,63,IPCA - Variação mensal,201506,junho 2015,79.0
1,Brasil,2,%,0.62,1,Brasil,63,IPCA - Variação mensal,201507,julho 2015,62.0
1,Brasil,2,%,0.22,1,Brasil,63,IPCA - Variação mensal,201508,agosto 2015,22.0
1,Brasil,2,%,0.54,1,Brasil,63,IPCA - Variação mensal,201509,setembro 2015,54.0
1,Brasil,2,%,0.82,1,Brasil,63,IPCA - Variação mensal,201510,outubro 2015,82.0
1,Brasil,2,%,1.01,1,Brasil,63,IPCA - Variação mensal,201511,novembro 2015,101.0
1,Brasil,2,%,0.96,1,Brasil,63,IPCA - Variação mensal,201512,dezembro 2015,96.0
1,Brasil,2,%,1.27,1,Brasil,63,IPCA - Variação mensal,201601,janeiro 2016,127.0
1,Brasil,2,%,0.90,1,Brasil,63,IPCA - Variação mensal,201602,fevereiro 2016,90.0
1,Brasil,2,%,0.43,1,Brasil,63,IPCA - Variação mensal,201603,março 2016,43.0
1,Brasil,2,%,0.61,1,Brasil,63,IPCA - Variação mensal,201604,abril 2016,61.0
1,Brasil,2,%,0.78,1,Brasil,63,IPCA - Variação mensal,201605,maio 2016,78.0
1,Brasil,2,%,0.35,1,Brasil,63,IPCA - Variação mensal,201606,junho 2016,35.0
1,Brasil,2,%,0.52,1,Brasil,63,IPCA - Variação mensal,201607,julho 2016,52.0
1,Brasil,2,%,0.44,1,Brasil,63,IPCA - Variação mensal,201608,agosto 2016,44.0
1,Brasil,2,%,0.08,1,Brasil,63,IPCA - Variação mensal,201609,setembro 2016,8.0
1,Brasil,2,%,0.26,1,Brasil,63,IPCA - Variação mensal,201610,outubro 2016,26.0
1,Brasil,2,%,0.18,1,Brasil,63,IPCA - Variação mensal,201611,novembro 2016,18.0
1,Brasil,2,%,0.30,1,Brasil,63,IPCA - Variação mensal,201612,dezembro 2016,30.0
1,Brasil,2,%,0.38,1,Brasil,63,IPCA - Variação mensal,201701,janeiro 2017,38.0
1,Brasil,2,%,0.33,1,Brasil,63,IPCA - Variação mensal,201702,fevereiro 2017,33.0
1,Brasil,2,%,0.25,1,Brasil,63,IPCA - Variação mensal,201703,março 2017,25.0
1,Brasil,2,%,0.14,1,Brasil,63,IPCA - Variação mensal,201704,abril 2017,14.0
1,Brasil,2,%,0.31,1,Brasil,63,IPCA - Variação mensal,201705,maio 2017,31.0
1,Brasil,2,%,-0.23,1,Brasil,63,IPCA - Variação mensal,201706,junho 2017,-23.0
1,Brasil,2,%,0.24,1,Brasil,63,IPCA - Variação mensal,201707,julho 2017,24.0
1,Brasil,2,%,0.19,1,Brasil,63,IPCA - Variação mensal,201708,agosto 2017,19.0
1,Brasil,2,%,0.16,1,Brasil,63,IPCA - Variação mensal,201709,setembro 2017,16.0
1,Brasil,2,%,0.42,1,Brasil,63,IPCA - Variação mensal,201710,outubro 2017,42.0
1,Brasil,2,%,0.28,1,Brasil,63,IPCA - Variação mensal,201711,novembro 2017,28.0
1,Brasil,2,%,0.44,1,Brasil,63,IPCA - Variação mensal,201712,dezembro 2017,44.0
1,Brasil,2,%,0.29,1,Brasil,63,IPCA - Variação mensal,201801,janeiro 2018,29.0
1,Brasil,2,%,0.32,1,Brasil,63,IPCA - Variação mensal,201802,fevereiro 2018,32.0
1,Brasil,2,%,0.09,1,Brasil,63,IPCA - Variação mensal,201803,março 2018,9.0
1,Brasil,2,%,0.22,1,Brasil,63,IPCA - Variação mensal,201804,abril 2018,22.0
1,Brasil,2,%,0.40,1,Brasil,63,IPCA - Variação mensal,201805,maio 2018,40.0
1,Brasil,2,%,1.26,1,Brasil,63,IPCA - Variação mensal,201806,junho 2018,126.0
1,Brasil,2,%,0.33,1,Brasil,63,IPCA - Variação mensal,201807,julho 2018,33.0
1,Brasil,2,%,-0.09,1,Brasil,63,IPCA - Variação mensal,201808,agosto 2018,-9.0
1,Brasil,2,%,0.48,1,Brasil,63,IPCA - Variação mensal,201809,setembro 2018,48.0
1,Brasil,2,%,0.45,1,Brasil,63,IPCA - Variação mensal,201810,outubro 2018,45.0
1,Brasil,2,%,-0.21,1,Brasil,63,IPCA - Variação mensal,201811,novembro 2018,-21.0
1,Brasil,2,%,0.15,1,Brasil,63,IPCA - Variação mensal,201812,dezembro 2018,15.0
1,Brasil,2,%,0.32,1,Brasil,63,IPCA - Variação mensal,201901,janeiro 2019,32.0
1,Brasil,2,%,0.43,1,Brasil,63,IPCA - Variação mensal,201902,fevereiro 2019,43.0
1,Brasil,2,%,0.75,1,Brasil,63,IPCA - Variação mensal,201903,março 2019,75.0
1,Brasil,2,%,0.57,1,Brasil,63,IPCA - Variação mensal,201904,abril 2019,57.0
1,Brasil,2,%,0.13,1,Brasil,63,IPCA - Variação mensal,201905,maio 2019,13.0
1,Brasil,2,%,0.01,1,Brasil,63,IPCA - Variação mensal,201906,junho 2019,1.0
1,Brasil,2,%,0.19,1,Brasil,63,IPCA - Variação mensal,201907,julho 2019,19.0
1,Brasil,2,%,0.11,1,Brasil,63,IPCA - Variação mensal,201908,agosto 2019,11.0
1,Brasil,2,%,-0.04,1,Brasil,63,IPCA - Variação mensal,201909,setembro 2019,-4.0
1,Brasil,2,%,0.10,1,Brasil,63,IPCA - Variação mensal,201910,outubro 2019,10.0
1,Brasil,2,%,0.51,1,Brasil,63,IPCA - Variação mensal,201911,novembro 2019,51.0
1,Brasil,2,%,1.15,1,Brasil,63,IPCA - Variação mensal,201912,dezembro 2019,115.0
1,Brasil,2,%,0.21,1,Brasil,63,IPCA - Variação mensal,202001,janeiro 2020,21.0
1,Brasil,2,%,0.25,1,Brasil,63,IPCA - Variação mensal,202002,fevereiro 2020,25.0
1,Brasil,2,%,0.07,1,Brasil,63,IPCA - Variação mensal,202003,março 2020,7.0
1,Brasil,2,%,-0.31,1,Brasil,63,IPCA - Variação mensal,202004,abril 2020,-31.0
1,Brasil,2,%,-0.38,1,Brasil,63,IPCA - Variação mensal,202005,maio 2020,-38.0
1,Brasil,2,%,0.26,1,Brasil,63,IPCA - Variação mensal,202006,junho 2020,26.0
1,Brasil,2,%,0.36,1,Brasil,63,IPCA - Variação mensal,202007,julho 2020,36.0
1,Brasil,2,%,0.24,1,Brasil,63,IPCA - Variação mensal,202008,agosto 2020,24.0
1,Brasil,2,%,0.64,1,Brasil,63,IPCA - Variação mensal,202009,setembro 2020,64.0
1,Brasil,2,%,0.86,1,Brasil,63,IPCA - Variação mensal,202010,outubro 2020,86.0
1,Brasil,2,%,0.89,1,Brasil,63,IPCA - Variação mensal,202011,novembro 2020,89.0
1,Brasil,2,%,1.35,1,Brasil,63,IPCA - Variação mensal,202012,dezembro 2020,135.0
1,Brasil,2,%,0.25,1,Brasil,63,IPCA - Variação mensal,202101,janeiro 2021,25.0
1,Brasil,2,%,0.86,1,Brasil,63,IPCA - Variação mensal,202102,fevereiro 2021,86.0
1,Brasil,2,%,0.93,1,Brasil,63,IPCA - Variação mensal,202103,março 2021,93.0
1,Brasil,2,%,0.31,1,Brasil,63,IPCA - Variação mensal,202104,abril 2021,31.0
1,Brasil,2,%,0.83,1,Brasil,63,IPCA - Variação mensal,202105,maio 2021,83.0
1,Brasil,2,%,0.53,1,Brasil,63,IPCA - Variação mensal,202106,junho 2021,53.0
1,Brasil,2,%,0.96,1,Brasil,63,IPCA - Variação mensal,202107,julho 2021,96.0
1,Brasil,2,%,0.87,1,Brasil,63,IPCA - Variação mensal,202108,agosto 2021,87.0
1,Brasil,2,%,1.16,1,Brasil,63,IPCA - Variação mensal,202109,setembro 2021,116.0
1,Brasil,2,%,1.25,1,Brasil,63,IPCA - Variação mensal,202110,outubro 2021,125.0
1,Brasil,2,%,0.95,1,Brasil,63,IPCA - Variação mensal,202111,novembro 2021,95.0
1,Brasil,2,%,0.73,1,Brasil,63,IPCA - Variação mensal,202112,dezembro 2021,73.0
1,Brasil,2,%,0.54,1,Brasil,63,IPCA - Variação mensal,202201,janeiro 2022,54.0
1,Brasil,2,%,1.01,1,Brasil,63,IPCA - Variação mensal,202202,fevereiro 2022,101.0
1,Brasil,2,%,1.62,1,Brasil,63,IPCA - Variação mensal,202203,março 2022,162.0
1,Brasil,2,%,1.06,1,Brasil,63,IPCA - Variação mensal,202204,abril 2022,106.0
1,Brasil,2,%,0.47,1,Brasil,63,IPCA - Variação mensal,202205,maio 2022,47.0
1,Brasil,2,%,0.67,1,Brasil,63,IPCA - Variação mensal,202206,junho 2022,67.0
1,Brasil,2,%,-0.68,1,Brasil,63,IPCA - Variação mensal,202207,julho 2022,-68.0
1,Brasil,2,%,-0.36,1,Brasil,63,IPCA - Variação mensal,202208,agosto 2022,-36.0
1,Brasil,2,%,-0.29,1,Brasil,63,IPCA - Variação mensal,202209,setembro 2022,-29.0
1,Brasil,2,%,0.59,1,Brasil,63,IPCA - Variação mensal,202210,outubro 2022,59.0
1,Brasil,2,%,0.41,1,Brasil,63,IPCA - Variação mensal,202211,novembro 2022,41.0
1,Brasil,2,%,0.62,1,Brasil,63,IPCA - Variação mensal,202212,dezembro 2022,62.0
1,Brasil,2,%,0.53,1,Brasil,63,IPCA - Variação mensal,202301,janeiro 2023,53.0
1,Brasil,2,%,0.84,1,Brasil,63,IPCA - Variação mensal,202302,fevereiro 2023,84.0
1,Brasil,2,%,0.71,1,Brasil,63,IPCA - Variação mensal,202303,março 2023,71.0
1,Brasil,2,%,0.61,1,Brasil,63,IPCA - Variação mensal,202304,abril 2023,61.0
1,Brasil,2,%,0.23,1,Brasil,63,IPCA - Variação mensal,202305,maio 2023,23.0
1,Brasil,2,%,-0.08,1,Brasil,63,IPCA - Variação mensal,202306,junho 2023,-8.0
1,Brasil,2,%,0.12,1,Brasil,63,IPCA - Variação mensal,202307,julho 2023,12.0
1,Brasil,2,%,0.23,1,Brasil,63,IPCA - Variação mensal,202308,agosto 2023,23.0
1,Brasil,2,%,0.26,1,Brasil,63,IPCA - Variação mensal,202309,setembro 2023,26.0
1,Brasil,2,%,0.24,1,Brasil,63,IPCA - Variação mensal,202310,outubro 2023,24.0
1,Brasil,2,%,0.28,1,Brasil,63,IPCA - Variação mensal,202311,novembro 2023,28.0
1,Brasil,2,%,0.56,1,Brasil,63,IPCA - Variação mensal,202312,dezembro 2023,56.0
1,Brasil,2,%,0.42,1,Brasil,63,IPCA - Variação mensal,202401,janeiro 2024,42.0
1,Brasil,2,%,0.83,1,Brasil,63,IPCA - Variação mensal,202402,fevereiro 2024,83.0
1,Brasil,2,%,0.16,1,Brasil,63,IPCA - Variação mensal,202403,março 2024,16.0
1,Brasil,2,%,0.38,1,Brasil,63,IPCA - Variação mensal,202404,abril 2024,38.0
1,Brasil,2,%,0.46,1,Brasil,63,IPCA - Variação mensal,202405,maio 2024,46.0
1,Brasil,2,%,0.21,1,Brasil,63,IPCA - Variação mensal,202406,junho 2024,21.0
1,Brasil,2,%,0.38,1,Brasil,63,IPCA - Variação mensal,202407,julho 2024,38.0
1,Brasil,2,%,-0.02,1,Brasil,63,IPCA - Variação mensal,202408,agosto 2024,-2.0
1,Brasil,2,%,0.44,1,Brasil,63,IPCA - Variação mensal,202409,setembro 2024,44.0
1,Brasil,2,%,0.56,1,Brasil,63,IPCA - Variação mensal,202410,outubro 2024,56.0
1,Brasil,2,%,0.39,1,Brasil,63,IPCA - Variação mensal,202411,novembro 2024,39.0
1,Brasil,2,%,0.52,1,Brasil,63,IPCA - Variação mensal,202412,dezembro 2024,52.0
1,Brasil,2,%,0.16,1,Brasil,63,IPCA - Variação mensal,202501,janeiro 2025,16.0
1,Brasil,2,%,1.31,1,Brasil,63,IPCA - Variação mensal,202502,fevereiro 2025,131.0
1,Brasil,2,%,0.56,1,Brasil,63,IPCA - Variação mensal,202503,março 2025,56.0
1,Brasil,2,%,0.43,1,Brasil,63,IPCA - Variação mensal,202504,abril 2025,43.0
1,Brasil,2,%,0.26,1,Brasil,63,IPCA - Variação mensal,202505,maio 2025,26.0
1,Brasil,2,%,0.24,1,Brasil,63,IPCA - Variação mensal,202506,junho 2025,24.0
1,Brasil,2,%,0.26,1,Brasil,63,IPCA - Variação mensal,202507,julho 2025,26.0
1,Brasil,2,%,-0.11,1,Brasil,63,IPCA - Variação mensal,202508,agosto 2025,-11.0
1,Brasil,2,%,0.48,1,Brasil,63,IPCA - Variação mensal,202509,setembro 2025,48.0
1,Brasil,2,%,0.09,1,Brasil,63,IPCA - Variação mensal,202510,outubro 2025,9.0
1,Brasil,2,%,0.18,1,Brasil,63,IPCA - Variação mensal,202511,novembro 2025,18.0
1,Brasil,2,%,0.33,1,Brasil,63,IPCA - Variação mensal,202512,dezembro 2025,33.0
1,Brasil,2,%,0.33,1,Brasil,63,IPCA - Variação mensal,202601,janeiro 2026,33.0
1,Brasil,2,%,0.70,1,Brasil,63,IPCA - Variação mensal,202602,fevereiro 2026,70.0
1,Brasil,2,%,0.88,1,Brasil,63,IPCA - Variação mensal,202603,março 2026,88.0
1,Brasil,2,%,0.67,1,Brasil,63,IPCA - Variação mensal,202604,abril 2026,67.0
1,Brasil,2,%,0.58,1,Brasil,63,IPCA - Variação mensal,202605,maio 2026,58.0
1,Brasil,2,%,0.16,1,Brasil,63,IPCA - Variação mensal,202606,junho 2026,16.0
1,Brasil,2,%,0.07,1,Brasil,63,IPCA - Variação mensal,202607,julho 2026,7.0
1,Brasil,,,...,1,Brasil,2265,IPCA - Variação acumulada em 12 meses,197912,dezembro 1979,
1,Brasil,,,...,1,Brasil,2265,IPCA - Variação acumulada em 12 meses,198001,janeiro 1980,
1,Brasil,,,...,1,Brasil,2265,IPCA - Variação acumulada em 12 meses,198002,fevereiro 1980,
1,Brasil,,,...,1,Brasil,2265,IPCA - Variação acumulada em 12 meses,198003,março 1980,
1,Brasil,,,...,1,Brasil,2265,IPCA - Variação acumulada em 12 meses,198004,abril 1980,
1,Brasil,,,...,1,Brasil,2265,IPCA - Variação acumulada em 12 meses,198005,maio 1980,
1,Brasil,,,...,1,Brasil,2265,IPCA - Variação acumulada em 12 meses,198006,junho 1980,
1,Brasil,,,...,1,Brasil,2265,IPCA - Variação acumulada em 12 meses,198007,julho 1980,
1,Brasil,,,...,1,Brasil,2265,IPCA - Variação acumulada em 12 meses,198008,agosto 1980,
1,Brasil,,,...,1,Brasil,2265,IPCA - Variação acumulada em 12 meses,198009,setembro 1980,
1,Brasil,,,...,1,Brasil,2265,IPCA - Variação acumulada em 12 meses,198010,outubro 1980,
1,Brasil,,,...,1,Brasil,2265,IPCA - Variação acumulada em 12 meses,198011,novembro 1980,
1,Brasil,2,%,99.25,1,Brasil,2265,IPCA - Variação acumulada em 12 meses,198012,dezembro 1980,9925.0
1,Brasil,2,%,99.67,1,Brasil,2265,IPCA - Variação acumulada em 12 meses,198101,janeiro 1981,9967.0
1,Brasil,2,%,103.07,1,Brasil,2265,IPCA - Variação acumulada em 12 meses,198102,fevereiro 1981,10307.0
1,Brasil,2,%,101.03,1,Brasil,2265,IPCA - Variação acumulada em 12 meses,198103,março 1981,10103.0
1,Brasil,2,%,103.27,1,Brasil,2265,IPCA - Variação acumulada em 12 meses,198104,abril 1981,10327.0
1,Brasil,2,%,103.00,1,Brasil,2265,IPCA - Variação acumulada em 12 meses,198105,maio 1981,10300.0
1,Brasil,2,%,103.41,1,Brasil,2265,IPCA - Variação acumulada em 12 meses,198106,junho 1981,10341.0
1,Brasil,2,%,104.78,1,Brasil,2265,IPCA - Variação acumulada em 12 meses,198107,julho 1981,10478.0
1,Brasil,2,%,105.85,1,Brasil,2265,IPCA - Variação acumulada em 12 meses,198108,agosto 1981,10585.0
1,Brasil,2,%,107.88,1,Brasil,2265,IPCA - Variação acumulada em 12 meses,198109,setembro 1981,10788.0
1,Brasil,2,%,99.52,1,Brasil,2265,IPCA - Variação acumulada em 12 meses,198110,outubro 1981,9952.0
1,Brasil,2,%,96.89,1,Brasil,2265,IPCA - Variação acumulada em 12 meses,198111,novembro 1981,9689.0
1,Brasil,2,%,95.62,1,Brasil,2265,IPCA - Variação acumulada em 12 meses,198112,dezembro 1981,9562.0
1,Brasil,2,%,95.86,1,Brasil,2265,IPCA - Variação acumulada em 12 meses,198201,janeiro 1982,9586.0
1,Brasil,2,%,96.29,1,Brasil,2265,IPCA - Variação acumulada em 12 meses,198202,fevereiro 1982,9629.0
1,Brasil,2,%,97.68,1,Brasil,2265,IPCA - Variação acumulada em 12 meses,198203,março 1982,9768.0
1,Brasil,2,%,96.61,1,Brasil,2265,IPCA - Variação acumulada em 12 meses,198204,abril 1982,9661.0
1,Brasil,2,%,98.65,1,Brasil,2265,IPCA - Variação acumulada em 12 meses,198205,maio 1982,9865.0
1,Brasil,2,%,101.64,1,Brasil,2265,IPCA - Variação acumulada em 12 meses,198206,junho 1982,10164.0
1,Brasil,2,%,101.84,1,Brasil,2265,IPCA - Variação acumulada em 12 meses,198207,julho 1982,10184.0
1,Brasil,2,%,102.75,1,Brasil,2265,IPCA - Variação acumulada em 12 meses,198208,agosto 1982,10275.0
1,Brasil,2,%,102.41,1,Brasil,2265,IPCA - Variação acumulada em 12 meses,198209,setembro 1982,10241.0
1,Brasil,2,%,101.19,1,Brasil,2265,IPCA - Variação acumulada em 12 meses,198210,outubro 1982,10119.0
1,Brasil,2,%,101.22,1,Brasil,2265,IPCA - Variação acumulada em 12 meses,198211,novembro 1982,10122.0
1,Brasil,2,%,104.79,1,Brasil,2265,IPCA - Variação acumulada em 12 meses,198212,dezembro 1982,10479.0
1,Brasil,2,%,108.00,1,Brasil,2265,IPCA - Variação acumulada em 12 meses,198301,janeiro 1983,10800.0
1,Brasil,2,%,110.38,1,Brasil,2265,IPCA - Variação acumulada em 12 meses,198302,fevereiro 1983,11038.0
1,Brasil,2,%,113.63,1,Brasil,2265,IPCA - Variação acumulada em 12 meses,198303,março 1983,11363.0
1,Brasil,2,%,115.03,1,Brasil,2265,IPCA - Variação acumulada em 12 meses,198304,abril 1983,11503.0
1,Brasil,2,%,114.67,1,Brasil,2265,IPCA - Variação acumulada em 12 meses,198305,maio 1983,11467.0
1,Brasil,2,%,120.24,1,Brasil,2265,IPCA - Variação acumulada em 12 meses,198306,junho 1983,12024.0
1,Brasil,2,%,127.94,1,Brasil,2265,IPCA - Variação acumulada em 12 meses,198307,julho 1983,12794.0
1,Brasil,2,%,134.69,1,Brasil,2265,IPCA - Variação acumulada em 12 meses,198308,agosto 1983,13469.0
1,Brasil,2,%,146.35,1,Brasil,2265,IPCA - Variação acumulada em 12 meses,198309,setembro 1983,14635.0
1,Brasil,2,%,156.78,1,Brasil,2265,IPCA - Variação acumulada em 12 meses,198310,outubro 1983,15678.0
1,Brasil,2,%,161.90,1,Brasil,2265,IPCA - Variação acumulada em 12 meses,198311,novembro 1983,16190.0
1,Brasil,2,%,164.01,1,Brasil,2265,IPCA - Variação acumulada em 12 meses,198312,dezembro 1983,16401.0
1,Brasil,2,%,166.51,1,Brasil,2265,IPCA - Variação acumulada em 12 meses,198401,janeiro 1984,16651.0
1,Brasil,2,%,170.57,1,Brasil,2265,IPCA - Variação acumulada em 12 meses,198402,fevereiro 1984,17057.0
1,Brasil,2,%,174.59,1,Brasil,2265,IPCA - Variação acumulada em 12 meses,198403,março 1984,17459.0
1,Brasil,2,%,182.22,1,Brasil,2265,IPCA - Variação acumulada em 12 meses,198404,abril 1984,18222.0
1,Brasil,2,%,189.03,1,Brasil,2265,IPCA - Variação acumulada em 12 meses,198405,maio 1984,18903.0
1,Brasil,2,%,189.55,1,Brasil,2265,IPCA - Variação acumulada em 12 meses,198406,junho 1984,18955.0
1,Brasil,2,%,188.62,1,Brasil,2265,IPCA - Variação acumulada em 12 meses,198407,julho 1984,18862.0
1,Brasil,2,%,189.25,1,Brasil,2265,IPCA - Variação acumulada em 12 meses,198408,agosto 1984,18925.0
1,Brasil,2,%,193.05,1,Brasil,2265,IPCA - Variação acumulada em 12 meses,198409,setembro 1984,19305.0
1,Brasil,2,%,197.27,1,Brasil,2265,IPCA - Variação acumulada em 12 meses,198410,outubro 1984,19727.0
1,Brasil,2,%,205.97,1,Brasil,2265,IPCA - Variação acumulada em 12 meses,198411,novembro 1984,20597.0
1,Brasil,2,%,215.26,1,Brasil,2265,IPCA - Variação acumulada em 12 meses,198412,dezembro 1984,21526.0
1,Brasil,2,%,221.27,1,Brasil,2265,IPCA - Variação acumulada em 12 meses,198501,janeiro 1985,22127.0
1,Brasil,2,%,225.28,1,Brasil,2265,IPCA - Variação acumulada em 12 meses,198502,fevereiro 1985,22528.0
1,Brasil,2,%,228.93,1,Brasil,2265,IPCA - Variação acumulada em 12 meses,198503,março 1985,22893.0
1,Brasil,2,%,224.88,1,Brasil,2265,IPCA - Variação acumulada em 12 meses,198504,abril 1985,22488.0
1,Brasil,2,%,219.36,1,Brasil,2265,IPCA - Variação acumulada em 12 meses,198505,maio 1985,21936.0
1,Brasil,2,%,214.76,1,Brasil,2265,IPCA - Variação acumulada em 12 meses,198506,junho 1985,21476.0
1,Brasil,2,%,216.44,1,Brasil,2265,IPCA - Variação acumulada em 12 meses,198507,julho 1985,21644.0
1,Brasil,2,%,224.26,1,Brasil,2265,IPCA - Variação acumulada em 12 meses,198508,agosto 1985,22426.0
1,Brasil,2,%,222.43,1,Brasil,2265,IPCA - Variação acumulada em 12 meses,198509,setembro 1985,22243.0
1,Brasil,2,%,222.95,1,Brasil,2265,IPCA - Variação acumulada em 12 meses,198510,outubro 1985,22295.0
1,Brasil,2,%,233.02,1,Brasil,2265,IPCA - Variação acumulada em 12 meses,198511,novembro 1985,23302.0
1,Brasil,2,%,242.23,1,Brasil,2265,IPCA - Variação acumulada em 12 meses,198512,dezembro 1985,24223.0
1,Brasil,2,%,250.23,1,Brasil,2265,IPCA - Variação acumulada em 12 meses,198601,janeiro 1986,25023.0
1,Brasil,2,%,256.08,1,Brasil,2265,IPCA - Variação acumulada em 12 meses,198602,fevereiro 1986,25608.0
1,Brasil,2,%,238.65,1,Brasil,2265,IPCA - Variação acumulada em 12 meses,198603,março 1986,23865.0
1,Brasil,2,%,215.44,1,Brasil,2265,IPCA - Variação acumulada em 12 meses,198604,abril 1986,21544.0
1,Brasil,2,%,198.38,1,Brasil,2265,IPCA - Variação acumulada em 12 meses,198605,maio 1986,19838.0
1,Brasil,2,%,178.52,1,Brasil,2265,IPCA - Variação acumulada em 12 meses,198606,junho 1986,17852.0
1,Brasil,2,%,156.80,1,Brasil,2265,IPCA - Variação acumulada em 12 meses,198607,julho 1986,15680.0
1,Brasil,2,%,137.33,1,Brasil,2265,IPCA - Variação acumulada em 12 meses,198608,agosto 1986,13733.0
1,Brasil,2,%,117.25,1,Brasil,2265,IPCA - Variação acumulada em 12 meses,198609,setembro 1986,11725.0
1,Brasil,2,%,100.13,1,Brasil,2265,IPCA - Variação acumulada em 12 meses,198610,outubro 1986,10013.0
1,Brasil,2,%,85.17,1,Brasil,2265,IPCA - Variação acumulada em 12 meses,198611,novembro 1986,8517.0
1,Brasil,2,%,79.66,1,Brasil,2265,IPCA - Variação acumulada em 12 meses,198612,dezembro 1986,7966.0
1,Brasil,2,%,77.84,1,Brasil,2265,IPCA - Variação acumulada em 12 meses,198701,janeiro 1987,7784.0
1,Brasil,2,%,77.71,1,Brasil,2265,IPCA - Variação acumulada em 12 meses,198702,fevereiro 1987,7771.0
1,Brasil,2,%,97.39,1,Brasil,2265,IPCA - Variação acumulada em 12 meses,198703,março 1987,9739.0
1,Brasil,2,%,133.27,1,Brasil,2265,IPCA - Variação acumulada em 12 meses,198704,abril 1987,13327.0
1,Brasil,2,%,179.40,1,Brasil,2265,IPCA - Variação acumulada em 12 meses,198705,maio 1987,17940.0
1,Brasil,2,%,230.27,1,Brasil,2265,IPCA - Variação acumulada em 12 meses,198706,junho 1987,23027.0
1,Brasil,2,%,254.63,1,Brasil,2265,IPCA - Variação acumulada em 12 meses,198707,julho 1987,25463.0
1,Brasil,2,%,259.14,1,Brasil,2265,IPCA - Variação acumulada em 12 meses,198708,agosto 1987,25914.0
1,Brasil,2,%,280.55,1,Brasil,2265,IPCA - Variação acumulada em 12 meses,198709,setembro 1987,28055.0
1,Brasil,2,%,315.35,1,Brasil,2265,IPCA - Variação acumulada em 12 meses,198710,outubro 1987,31535.0
1,Brasil,2,%,353.27,1,Brasil,2265,IPCA - Variação acumulada em 12 meses,198711,novembro 1987,35327.0
1,Brasil,2,%,363.41,1,Brasil,2265,IPCA - Variação acumulada em 12 meses,198712,dezembro 1987,36341.0
1,Brasil,2,%,386.67,1,Brasil,2265,IPCA - Variação acumulada em 12 meses,198801,janeiro 1988,38667.0
1,Brasil,2,%,399.90,1,Brasil,2265,IPCA - Variação acumulada em 12 meses,198802,fevereiro 1988,39990.0
1,Brasil,2,%,405.18,1,Brasil,2265,IPCA - Variação acumulada em 12 meses,198803,março 1988,40518.0
1,Brasil,2,%,405.99,1,Brasil,2265,IPCA - Variação acumulada em 12 meses,198804,abril 1988,40599.0
1,Brasil,2,%,389.19,1,Brasil,2265,IPCA - Variação acumulada em 12 meses,198805,maio 1988,38919.0
1,Brasil,2,%,398.54,1,Brasil,2265,IPCA - Variação acumulada em 12 meses,198806,junho 1988,39854.0
1,Brasil,2,%,456.52,1,Brasil,2265,IPCA - Variação acumulada em 12 meses,198807,julho 1988,45652.0
1,Brasil,2,%,545.24,1,Brasil,2265,IPCA - Variação acumulada em 12 meses,198808,agosto 1988,54524.0
1,Brasil,2,%,662.99,1,Brasil,2265,IPCA - Variação acumulada em 12 meses,198809,setembro 1988,66299.0
1,Brasil,2,%,761.78,1,Brasil,2265,IPCA - Variação acumulada em 12 meses,198810,outubro 1988,76178.0
1,Brasil,2,%,858.09,1,Brasil,2265,IPCA - Variação acumulada em 12 meses,198811,novembro 1988,85809.0
1,Brasil,2,%,980.21,1,Brasil,2265,IPCA - Variação acumulada em 12 meses,198812,dezembro 1988,98021.0
1,Brasil,2,%,1149.22,1,Brasil,2265,IPCA - Variação acumulada em 12 meses,198901,janeiro 1989,114922.0
1,Brasil,2,%,1160.88,1,Brasil,2265,IPCA - Variação acumulada em 12 meses,198902,fevereiro 1989,116088.0
1,Brasil,2,%,1045.29,1,Brasil,2265,IPCA - Variação acumulada em 12 meses,198903,março 1989,104529.0
1,Brasil,2,%,940.07,1,Brasil,2265,IPCA - Variação acumulada em 12 meses,198904,abril 1989,94007.0
1,Brasil,2,%,944.50,1,Brasil,2265,IPCA - Variação acumulada em 12 meses,198905,maio 1989,94450.0
1,Brasil,2,%,1001.44,1,Brasil,2265,IPCA - Variação acumulada em 12 meses,198906,junho 1989,100144.0
1,Brasil,2,%,1054.11,1,Brasil,2265,IPCA - Variação acumulada em 12 meses,198907,julho 1989,105411.0
1,Brasil,2,%,1169.15,1,Brasil,2265,IPCA - Variação acumulada em 12 meses,198908,agosto 1989,116915.0
1,Brasil,2,%,1269.82,1,Brasil,2265,IPCA - Variação acumulada em 12 meses,198909,setembro 1989,126982.0
1,Brasil,2,%,1424.12,1,Brasil,2265,IPCA - Variação acumulada em 12 meses,198910,outubro 1989,142412.0
1,Brasil,2,%,1660.95,1,Brasil,2265,IPCA - Variação acumulada em 12 meses,198911,novembro 1989,166095.0
1,Brasil,2,%,1972.91,1,Brasil,2265,IPCA - Variação acumulada em 12 meses,198912,dezembro 1989,197291.0
1,Brasil,2,%,2426.12,1,Brasil,2265,IPCA - Variação acumulada em 12 meses,199001,janeiro 1990,242612.0
1,Brasil,2,%,3701.29,1,Brasil,2265,IPCA - Variação acumulada em 12 meses,199002,fevereiro 1990,370129.0
1,Brasil,2,%,6390.53,1,Brasil,2265,IPCA - Variação acumulada em 12 meses,199003,março 1990,639053.0
1,Brasil,2,%,6821.31,1,Brasil,2265,IPCA - Variação acumulada em 12 meses,199004,abril 1990,682131.0
1,Brasil,2,%,6214.99,1,Brasil,2265,IPCA - Variação acumulada em 12 meses,199005,maio 1990,621499.0
1,Brasil,2,%,5385.43,1,Brasil,2265,IPCA - Variação acumulada em 12 meses,199006,junho 1990,538543.0
1,Brasil,2,%,4749.03,1,Brasil,2265,IPCA - Variação acumulada em 12 meses,199007,julho 1990,474903.0
1,Brasil,2,%,3993.62,1,Brasil,2265,IPCA - Variação acumulada em 12 meses,199008,agosto 1990,399362.0
1,Brasil,2,%,3304.71,1,Brasil,2265,IPCA - Variação acumulada em 12 meses,199009,setembro 1990,330471.0
1,Brasil,2,%,2685.74,1,Brasil,2265,IPCA - Variação acumulada em 12 meses,199010,outubro 1990,268574.0
1,Brasil,2,%,2101.34,1,Brasil,2265,IPCA - Variação acumulada em 12 meses,199011,novembro 1990,210134.0
1,Brasil,2,%,1620.97,1,Brasil,2265,IPCA - Variação acumulada em 12 meses,199012,dezembro 1990,162097.0
1,Brasil,2,%,1140.27,1,Brasil,2265,IPCA - Variação acumulada em 12 meses,199101,janeiro 1991,114027.0
1,Brasil,2,%,752.02,1,Brasil,2265,IPCA - Variação acumulada em 12 meses,199102,fevereiro 1991,75202.0
1,Brasil,2,%,422.84,1,Brasil,2265,IPCA - Variação acumulada em 12 meses,199103,março 1991,42284.0
1,Brasil,2,%,375.18,1,Brasil,2265,IPCA - Variação acumulada em 12 meses,199104,abril 1991,37518.0
1,Brasil,2,%,374.48,1,Brasil,2265,IPCA - Variação acumulada em 12 meses,199105,maio 1991,37448.0
1,Brasil,2,%,372.10,1,Brasil,2265,IPCA - Variação acumulada em 12 meses,199106,junho 1991,37210.0
1,Brasil,2,%,369.96,1,Brasil,2265,IPCA - Variação acumulada em 12 meses,199107,julho 1991,36996.0
1,Brasil,2,%,381.41,1,Brasil,2265,IPCA - Variação acumulada em 12 meses,199108,agosto 1991,38141.0
1,Brasil,2,%,386.55,1,Brasil,2265,IPCA - Variação acumulada em 12 meses,199109,setembro 1991,38655.0
1,Brasil,2,%,411.52,1,Brasil,2265,IPCA - Variação acumulada em 12 meses,199110,outubro 1991,41152.0
1,Brasil,2,%,448.31,1,Brasil,2265,IPCA - Variação acumulada em 12 meses,199111,novembro 1991,44831.0
1,Brasil,2,%,472.70,1,Brasil,2265,IPCA - Variação acumulada em 12 meses,199112,dezembro 1991,47270.0
1,Brasil,2,%,497.32,1,Brasil,2265,IPCA - Variação acumulada em 12 meses,199201,janeiro 1992,49732.0
1,Brasil,2,%,515.13,1,Brasil,2265,IPCA - Variação acumulada em 12 meses,199202,fevereiro 1992,51513.0
1,Brasil,2,%,567.21,1,Brasil,2265,IPCA - Variação acumulada em 12 meses,199203,março 1992,56721.0
1,Brasil,2,%,662.16,1,Brasil,2265,IPCA - Variação acumulada em 12 meses,199204,abril 1992,66216.0
1,Brasil,2,%,785.81,1,Brasil,2265,IPCA - Variação acumulada em 12 meses,199205,maio 1992,78581.0
1,Brasil,2,%,857.68,1,Brasil,2265,IPCA - Variação acumulada em 12 meses,199206,junho 1992,85768.0
1,Brasil,2,%,937.94,1,Brasil,2265,IPCA - Variação acumulada em 12 meses,199207,julho 1992,93794.0
1,Brasil,2,%,996.37,1,Brasil,2265,IPCA - Variação acumulada em 12 meses,199208,agosto 1992,99637.0
1,Brasil,2,%,1081.70,1,Brasil,2265,IPCA - Variação acumulada em 12 meses,199209,setembro 1992,108170.0
1,Brasil,2,%,1130.94,1,Brasil,2265,IPCA - Variação acumulada em 12 meses,199210,outubro 1992,113094.0
1,Brasil,2,%,1104.20,1,Brasil,2265,IPCA - Variação acumulada em 12 meses,199211,novembro 1992,110420.0
1,Brasil,2,%,1119.10,1,Brasil,2265,IPCA - Variação acumulada em 12 meses,199212,dezembro 1992,111910.0
1,Brasil,2,%,1161.79,1,Brasil,2265,IPCA - Variação acumulada em 12 meses,199301,janeiro 1993,116179.0
1,Brasil,2,%,1168.49,1,Brasil,2265,IPCA - Variação acumulada em 12 meses,199302,fevereiro 1993,116849.0
1,Brasil,2,%,1229.71,1,Brasil,2265,IPCA - Variação acumulada em 12 meses,199303,março 1993,122971.0
1,Brasil,2,%,1316.42,1,Brasil,2265,IPCA - Variação acumulada em 12 meses,199304,abril 1993,131642.0
1,Brasil,2,%,1348.52,1,Brasil,2265,IPCA - Variação acumulada em 12 meses,199305,maio 1993,134852.0
1,Brasil,2,%,1467.33,1,Brasil,2265,IPCA - Variação acumulada em 12 meses,199306,junho 1993,146733.0
1,Brasil,2,%,1581.70,1,Brasil,2265,IPCA - Variação acumulada em 12 meses,199307,julho 1993,158170.0
1,Brasil,2,%,1730.67,1,Brasil,2265,IPCA - Variação acumulada em 12 meses,199308,agosto 1993,173067.0
1,Brasil,2,%,1893.13,1,Brasil,2265,IPCA - Variação acumulada em 12 meses,199309,setembro 1993,189313.0
1,Brasil,2,%,2031.27,1,Brasil,2265,IPCA - Variação acumulada em 12 meses,199310,outubro 1993,203127.0
1,Brasil,2,%,2258.68,1,Brasil,2265,IPCA - Variação acumulada em 12 meses,199311,novembro 1993,225868.0
1,Brasil,2,%,2477.15,1,Brasil,2265,IPCA - Variação acumulada em 12 meses,199312,dezembro 1993,247715.0
1,Brasil,2,%,2693.84,1,Brasil,2265,IPCA - Variação acumulada em 12 meses,199401,janeiro 1994,269384.0
1,Brasil,2,%,3035.71,1,Brasil,2265,IPCA - Variação acumulada em 12 meses,199402,fevereiro 1994,303571.0
1,Brasil,2,%,3417.39,1,Brasil,2265,IPCA - Variação acumulada em 12 meses,199403,março 1994,341739.0
1,Brasil,2,%,3828.49,1,Brasil,2265,IPCA - Variação acumulada em 12 meses,199404,abril 1994,382849.0
1,Brasil,2,%,4331.19,1,Brasil,2265,IPCA - Variação acumulada em 12 meses,199405,maio 1994,433119.0
1,Brasil,2,%,4922.60,1,Brasil,2265,IPCA - Variação acumulada em 12 meses,199406,junho 1994,492260.0
1,Brasil,2,%,4005.08,1,Brasil,2265,IPCA - Variação acumulada em 12 meses,199407,julho 1994,400508.0
1,Brasil,2,%,3044.89,1,Brasil,2265,IPCA - Variação acumulada em 12 meses,199408,agosto 1994,304489.0
1,Brasil,2,%,2253.15,1,Brasil,2265,IPCA - Variação acumulada em 12 meses,199409,setembro 1994,225315.0
1,Brasil,2,%,1703.17,1,Brasil,2265,IPCA - Variação acumulada em 12 meses,199410,outubro 1994,170317.0
1,Brasil,2,%,1267.54,1,Brasil,2265,IPCA - Variação acumulada em 12 meses,199411,novembro 1994,126754.0
1,Brasil,2,%,916.46,1,Brasil,2265,IPCA - Variação acumulada em 12 meses,199412,dezembro 1994,91646.0
1,Brasil,2,%,631.54,1,Brasil,2265,IPCA - Variação acumulada em 12 meses,199501,janeiro 1995,63154.0
1,Brasil,2,%,426.83,1,Brasil,2265,IPCA - Variação acumulada em 12 meses,199502,fevereiro 1995,42683.0
1,Brasil,2,%,274.78,1,Brasil,2265,IPCA - Variação acumulada em 12 meses,199503,março 1995,27478.0
1,Brasil,2,%,169.05,1,Brasil,2265,IPCA - Variação acumulada em 12 meses,199504,abril 1995,16905.0
1,Brasil,2,%,91.79,1,Brasil,2265,IPCA - Variação acumulada em 12 meses,199505,maio 1995,9179.0
1,Brasil,2,%,33.03,1,Brasil,2265,IPCA - Variação acumulada em 12 meses,199506,junho 1995,3303.0
1,Brasil,2,%,27.45,1,Brasil,2265,IPCA - Variação acumulada em 12 meses,199507,julho 1995,2745.0
1,Brasil,2,%,26.36,1,Brasil,2265,IPCA - Variação acumulada em 12 meses,199508,agosto 1995,2636.0
1,Brasil,2,%,25.69,1,Brasil,2265,IPCA - Variação acumulada em 12 meses,199509,setembro 1995,2569.0
1,Brasil,2,%,24.21,1,Brasil,2265,IPCA - Variação acumulada em 12 meses,199510,outubro 1995,2421.0
1,Brasil,2,%,22.59,1,Brasil,2265,IPCA - Variação acumulada em 12 meses,199511,novembro 1995,2259.0
1,Brasil,2,%,22.41,1,Brasil,2265,IPCA - Variação acumulada em 12 meses,199512,dezembro 1995,2241.0
1,Brasil,2,%,21.97,1,Brasil,2265,IPCA - Variação acumulada em 12 meses,199601,janeiro 1996,2197.0
1,Brasil,2,%,21.99,1,Brasil,2265,IPCA - Variação acumulada em 12 meses,199602,fevereiro 1996,2199.0
1,Brasil,2,%,20.55,1,Brasil,2265,IPCA - Variação acumulada em 12 meses,199603,março 1996,2055.0
1,Brasil,2,%,19.17,1,Brasil,2265,IPCA - Variação acumulada em 12 meses,199604,abril 1996,1917.0
1,Brasil,2,%,17.49,1,Brasil,2265,IPCA - Variação acumulada em 12 meses,199605,maio 1996,1749.0
1,Brasil,2,%,16.26,1,Brasil,2265,IPCA - Variação acumulada em 12 meses,199606,junho 1996,1626.0
1,Brasil,2,%,14.84,1,Brasil,2265,IPCA - Variação acumulada em 12 meses,199607,julho 1996,1484.0
1,Brasil,2,%,14.21,1,Brasil,2265,IPCA - Variação acumulada em 12 meses,199608,agosto 1996,1421.0
1,Brasil,2,%,13.26,1,Brasil,2265,IPCA - Variação acumulada em 12 meses,199609,setembro 1996,1326.0
1,Brasil,2,%,12.02,1,Brasil,2265,IPCA - Variação acumulada em 12 meses,199610,outubro 1996,1202.0
1,Brasil,2,%,10.75,1,Brasil,2265,IPCA - Variação acumulada em 12 meses,199611,novembro 1996,1075.0
1,Brasil,2,%,9.56,1,Brasil,2265,IPCA - Variação acumulada em 12 meses,199612,dezembro 1996,956.0
1,Brasil,2,%,9.39,1,Brasil,2265,IPCA - Variação acumulada em 12 meses,199701,janeiro 1997,939.0
1,Brasil,2,%,8.82,1,Brasil,2265,IPCA - Variação acumulada em 12 meses,199702,fevereiro 1997,882.0
1,Brasil,2,%,8.99,1,Brasil,2265,IPCA - Variação acumulada em 12 meses,199703,março 1997,899.0
1,Brasil,2,%,8.58,1,Brasil,2265,IPCA - Variação acumulada em 12 meses,199704,abril 1997,858.0
1,Brasil,2,%,7.71,1,Brasil,2265,IPCA - Variação acumulada em 12 meses,199705,maio 1997,771.0
1,Brasil,2,%,7.02,1,Brasil,2265,IPCA - Variação acumulada em 12 meses,199706,junho 1997,702.0
1,Brasil,2,%,6.08,1,Brasil,2265,IPCA - Variação acumulada em 12 meses,199707,julho 1997,608.0
1,Brasil,2,%,5.59,1,Brasil,2265,IPCA - Variação acumulada em 12 meses,199708,agosto 1997,559.0
1,Brasil,2,%,5.50,1,Brasil,2265,IPCA - Variação acumulada em 12 meses,199709,setembro 1997,550.0
1,Brasil,2,%,5.42,1,Brasil,2265,IPCA - Variação acumulada em 12 meses,199710,outubro 1997,542.0
1,Brasil,2,%,5.27,1,Brasil,2265,IPCA - Variação acumulada em 12 meses,199711,novembro 1997,527.0
1,Brasil,2,%,5.22,1,Brasil,2265,IPCA - Variação acumulada em 12 meses,199712,dezembro 1997,522.0
1,Brasil,2,%,4.73,1,Brasil,2265,IPCA - Variação acumulada em 12 meses,199801,janeiro 1998,473.0
1,Brasil,2,%,4.69,1,Brasil,2265,IPCA - Variação acumulada em 12 meses,199802,fevereiro 1998,469.0
1,Brasil,2,%,4.52,1,Brasil,2265,IPCA - Variação acumulada em 12 meses,199803,março 1998,452.0
1,Brasil,2,%,3.85,1,Brasil,2265,IPCA - Variação acumulada em 12 meses,199804,abril 1998,385.0
1,Brasil,2,%,3.95,1,Brasil,2265,IPCA - Variação acumulada em 12 meses,199805,maio 1998,395.0
1,Brasil,2,%,3.41,1,Brasil,2265,IPCA - Variação acumulada em 12 meses,199806,junho 1998,341.0
1,Brasil,2,%,3.06,1,Brasil,2265,IPCA - Variação acumulada em 12 meses,199807,julho 1998,306.0
1,Brasil,2,%,2.55,1,Brasil,2265,IPCA - Variação acumulada em 12 meses,199808,agosto 1998,255.0
1,Brasil,2,%,2.27,1,Brasil,2265,IPCA - Variação acumulada em 12 meses,199809,setembro 1998,227.0
1,Brasil,2,%,2.05,1,Brasil,2265,IPCA - Variação acumulada em 12 meses,199810,outubro 1998,205.0
1,Brasil,2,%,1.76,1,Brasil,2265,IPCA - Variação acumulada em 12 meses,199811,novembro 1998,176.0
1,Brasil,2,%,1.65,1,Brasil,2265,IPCA - Variação acumulada em 12 meses,199812,dezembro 1998,165.0
1,Brasil,2,%,1.65,1,Brasil,2265,IPCA - Variação acumulada em 12 meses,199901,janeiro 1999,165.0
1,Brasil,2,%,2.24,1,Brasil,2265,IPCA - Variação acumulada em 12 meses,199902,fevereiro 1999,224.0
1,Brasil,2,%,3.02,1,Brasil,2265,IPCA - Variação acumulada em 12 meses,199903,março 1999,302.0
1,Brasil,2,%,3.35,1,Brasil,2265,IPCA - Variação acumulada em 12 meses,199904,abril 1999,335.0
1,Brasil,2,%,3.14,1,Brasil,2265,IPCA - Variação acumulada em 12 meses,199905,maio 1999,314.0
1,Brasil,2,%,3.32,1,Brasil,2265,IPCA - Variação acumulada em 12 meses,199906,junho 1999,332.0
1,Brasil,2,%,4.57,1,Brasil,2265,IPCA - Variação acumulada em 12 meses,199907,julho 1999,457.0
1,Brasil,2,%,5.69,1,Brasil,2265,IPCA - Variação acumulada em 12 meses,199908,agosto 1999,569.0
1,Brasil,2,%,6.25,1,Brasil,2265,IPCA - Variação acumulada em 12 meses,199909,setembro 1999,625.0
1,Brasil,2,%,7.50,1,Brasil,2265,IPCA - Variação acumulada em 12 meses,199910,outubro 1999,750.0
1,Brasil,2,%,8.65,1,Brasil,2265,IPCA - Variação acumulada em 12 meses,199911,novembro 1999,865.0
1,Brasil,2,%,8.94,1,Brasil,2265,IPCA - Variação acumulada em 12 meses,199912,dezembro 1999,894.0
1,Brasil,2,%,8.85,1,Brasil,2265,IPCA - Variação acumulada em 12 meses,200001,janeiro 2000,885.0
1,Brasil,2,%,7.86,1,Brasil,2265,IPCA - Variação acumulada em 12 meses,200002,fevereiro 2000,786.0
1,Brasil,2,%,6.92,1,Brasil,2265,IPCA - Variação acumulada em 12 meses,200003,março 2000,692.0
1,Brasil,2,%,6.77,1,Brasil,2265,IPCA - Variação acumulada em 12 meses,200004,abril 2000,677.0
1,Brasil,2,%,6.47,1,Brasil,2265,IPCA - Variação acumulada em 12 meses,200005,maio 2000,647.0
1,Brasil,2,%,6.51,1,Brasil,2265,IPCA - Variação acumulada em 12 meses,200006,junho 2000,651.0
1,Brasil,2,%,7.06,1,Brasil,2265,IPCA - Variação acumulada em 12 meses,200007,julho 2000,706.0
1,Brasil,2,%,7.86,1,Brasil,2265,IPCA - Variação acumulada em 12 meses,200008,agosto 2000,786.0
1,Brasil,2,%,7.77,1,Brasil,2265,IPCA - Variação acumulada em 12 meses,200009,setembro 2000,777.0
1,Brasil,2,%,6.65,1,Brasil,2265,IPCA - Variação acumulada em 12 meses,200010,outubro 2000,665.0
1,Brasil,2,%,5.99,1,Brasil,2265,IPCA - Variação acumulada em 12 meses,200011,novembro 2000,599.0
1,Brasil,2,%,5.97,1,Brasil,2265,IPCA - Variação acumulada em 12 meses,200012,dezembro 2000,597.0
1,Brasil,2,%,5.92,1,Brasil,2265,IPCA - Variação acumulada em 12 meses,200101,janeiro 2001,592.0
1,Brasil,2,%,6.27,1,Brasil,2265,IPCA - Variação acumulada em 12 meses,200102,fevereiro 2001,627.0
1,Brasil,2,%,6.44,1,Brasil,2265,IPCA - Variação acumulada em 12 meses,200103,março 2001,644.0
1,Brasil,2,%,6.61,1,Brasil,2265,IPCA - Variação acumulada em 12 meses,200104,abril 2001,661.0
1,Brasil,2,%,7.04,1,Brasil,2265,IPCA - Variação acumulada em 12 meses,200105,maio 2001,704.0
1,Brasil,2,%,7.35,1,Brasil,2265,IPCA - Variação acumulada em 12 meses,200106,junho 2001,735.0
1,Brasil,2,%,7.05,1,Brasil,2265,IPCA - Variação acumulada em 12 meses,200107,julho 2001,705.0
1,Brasil,2,%,6.41,1,Brasil,2265,IPCA - Variação acumulada em 12 meses,200108,agosto 2001,641.0
1,Brasil,2,%,6.46,1,Brasil,2265,IPCA - Variação acumulada em 12 meses,200109,setembro 2001,646.0
1,Brasil,2,%,7.19,1,Brasil,2265,IPCA - Variação acumulada em 12 meses,200110,outubro 2001,719.0
1,Brasil,2,%,7.61,1,Brasil,2265,IPCA - Variação acumulada em 12 meses,200111,novembro 2001,761.0
1,Brasil,2,%,7.67,1,Brasil,2265,IPCA - Variação acumulada em 12 meses,200112,dezembro 2001,767.0
1,Brasil,2,%,7.62,1,Brasil,2265,IPCA - Variação acumulada em 12 meses,200201,janeiro 2002,762.0
1,Brasil,2,%,7.51,1,Brasil,2265,IPCA - Variação acumulada em 12 meses,200202,fevereiro 2002,751.0
1,Brasil,2,%,7.75,1,Brasil,2265,IPCA - Variação acumulada em 12 meses,200203,março 2002,775.0
1,Brasil,2,%,7.98,1,Brasil,2265,IPCA - Variação acumulada em 12 meses,200204,abril 2002,798.0
1,Brasil,2,%,7.77,1,Brasil,2265,IPCA - Variação acumulada em 12 meses,200205,maio 2002,777.0
1,Brasil,2,%,7.66,1,Brasil,2265,IPCA - Variação acumulada em 12 meses,200206,junho 2002,766.0
1,Brasil,2,%,7.51,1,Brasil,2265,IPCA - Variação acumulada em 12 meses,200207,julho 2002,751.0
1,Brasil,2,%,7.46,1,Brasil,2265,IPCA - Variação acumulada em 12 meses,200208,agosto 2002,746.0
1,Brasil,2,%,7.93,1,Brasil,2265,IPCA - Variação acumulada em 12 meses,200209,setembro 2002,793.0
1,Brasil,2,%,8.45,1,Brasil,2265,IPCA - Variação acumulada em 12 meses,200210,outubro 2002,845.0
1,Brasil,2,%,10.93,1,Brasil,2265,IPCA - Variação acumulada em 12 meses,200211,novembro 2002,1093.0
1,Brasil,2,%,12.53,1,Brasil,2265,IPCA - Variação acumulada em 12 meses,200212,dezembro 2002,1253.0
1,Brasil,2,%,14.47,1,Brasil,2265,IPCA - Variação acumulada em 12 meses,200301,janeiro 2003,1447.0
1,Brasil,2,%,15.85,1,Brasil,2265,IPCA - Variação acumulada em 12 meses,200302,fevereiro 2003,1585.0
1,Brasil,2,%,16.57,1,Brasil,2265,IPCA - Variação acumulada em 12 meses,200303,março 2003,1657.0
1,Brasil,2,%,16.77,1,Brasil,2265,IPCA - Variação acumulada em 12 meses,200304,abril 2003,1677.0
1,Brasil,2,%,17.24,1,Brasil,2265,IPCA - Variação acumulada em 12 meses,200305,maio 2003,1724.0
1,Brasil,2,%,16.57,1,Brasil,2265,IPCA - Variação acumulada em 12 meses,200306,junho 2003,1657.0
1,Brasil,2,%,15.43,1,Brasil,2265,IPCA - Variação acumulada em 12 meses,200307,julho 2003,1543.0
1,Brasil,2,%,15.07,1,Brasil,2265,IPCA - Variação acumulada em 12 meses,200308,agosto 2003,1507.0
1,Brasil,2,%,15.14,1,Brasil,2265,IPCA - Variação acumulada em 12 meses,200309,setembro 2003,1514.0
1,Brasil,2,%,13.98,1,Brasil,2265,IPCA - Variação acumulada em 12 meses,200310,outubro 2003,1398.0
1,Brasil,2,%,11.02,1,Brasil,2265,IPCA - Variação acumulada em 12 meses,200311,novembro 2003,1102.0
1,Brasil,2,%,9.30,1,Brasil,2265,IPCA - Variação acumulada em 12 meses,200312,dezembro 2003,930.0
1,Brasil,2,%,7.71,1,Brasil,2265,IPCA - Variação acumulada em 12 meses,200401,janeiro 2004,771.0
1,Brasil,2,%,6.69,1,Brasil,2265,IPCA - Variação acumulada em 12 meses,200402,fevereiro 2004,669.0
1,Brasil,2,%,5.89,1,Brasil,2265,IPCA - Variação acumulada em 12 meses,200403,março 2004,589.0
1,Brasil,2,%,5.26,1,Brasil,2265,IPCA - Variação acumulada em 12 meses,200404,abril 2004,526.0
1,Brasil,2,%,5.15,1,Brasil,2265,IPCA - Variação acumulada em 12 meses,200405,maio 2004,515.0
1,Brasil,2,%,6.06,1,Brasil,2265,IPCA - Variação acumulada em 12 meses,200406,junho 2004,606.0
1,Brasil,2,%,6.81,1,Brasil,2265,IPCA - Variação acumulada em 12 meses,200407,julho 2004,681.0
1,Brasil,2,%,7.18,1,Brasil,2265,IPCA - Variação acumulada em 12 meses,200408,agosto 2004,718.0
1,Brasil,2,%,6.70,1,Brasil,2265,IPCA - Variação acumulada em 12 meses,200409,setembro 2004,670.0
1,Brasil,2,%,6.86,1,Brasil,2265,IPCA - Variação acumulada em 12 meses,200410,outubro 2004,686.0
1,Brasil,2,%,7.24,1,Brasil,2265,IPCA - Variação acumulada em 12 meses,200411,novembro 2004,724.0
1,Brasil,2,%,7.60,1,Brasil,2265,IPCA - Variação acumulada em 12 meses,200412,dezembro 2004,760.0
1,Brasil,2,%,7.41,1,Brasil,2265,IPCA - Variação acumulada em 12 meses,200501,janeiro 2005,741.0
1,Brasil,2,%,7.39,1,Brasil,2265,IPCA - Variação acumulada em 12 meses,200502,fevereiro 2005,739.0
1,Brasil,2,%,7.54,1,Brasil,2265,IPCA - Variação acumulada em 12 meses,200503,março 2005,754.0
1,Brasil,2,%,8.07,1,Brasil,2265,IPCA - Variação acumulada em 12 meses,200504,abril 2005,807.0
1,Brasil,2,%,8.05,1,Brasil,2265,IPCA - Variação acumulada em 12 meses,200505,maio 2005,805.0
1,Brasil,2,%,7.27,1,Brasil,2265,IPCA - Variação acumulada em 12 meses,200506,junho 2005,727.0
1,Brasil,2,%,6.57,1,Brasil,2265,IPCA - Variação acumulada em 12 meses,200507,julho 2005,657.0
1,Brasil,2,%,6.02,1,Brasil,2265,IPCA - Variação acumulada em 12 meses,200508,agosto 2005,602.0
1,Brasil,2,%,6.04,1,Brasil,2265,IPCA - Variação acumulada em 12 meses,200509,setembro 2005,604.0
1,Brasil,2,%,6.36,1,Brasil,2265,IPCA - Variação acumulada em 12 meses,200510,outubro 2005,636.0
1,Brasil,2,%,6.22,1,Brasil,2265,IPCA - Variação acumulada em 12 meses,200511,novembro 2005,622.0
1,Brasil,2,%,5.69,1,Brasil,2265,IPCA - Variação acumulada em 12 meses,200512,dezembro 2005,569.0
1,Brasil,2,%,5.70,1,Brasil,2265,IPCA - Variação acumulada em 12 meses,200601,janeiro 2006,570.0
1,Brasil,2,%,5.51,1,Brasil,2265,IPCA - Variação acumulada em 12 meses,200602,fevereiro 2006,551.0
1,Brasil,2,%,5.32,1,Brasil,2265,IPCA - Variação acumulada em 12 meses,200603,março 2006,532.0
1,Brasil,2,%,4.63,1,Brasil,2265,IPCA - Variação acumulada em 12 meses,200604,abril 2006,463.0
1,Brasil,2,%,4.23,1,Brasil,2265,IPCA - Variação acumulada em 12 meses,200605,maio 2006,423.0
1,Brasil,2,%,4.03,1,Brasil,2265,IPCA - Variação acumulada em 12 meses,200606,junho 2006,403.0
1,Brasil,2,%,3.97,1,Brasil,2265,IPCA - Variação acumulada em 12 meses,200607,julho 2006,397.0
1,Brasil,2,%,3.84,1,Brasil,2265,IPCA - Variação acumulada em 12 meses,200608,agosto 2006,384.0
1,Brasil,2,%,3.70,1,Brasil,2265,IPCA - Variação acumulada em 12 meses,200609,setembro 2006,370.0
1,Brasil,2,%,3.26,1,Brasil,2265,IPCA - Variação acumulada em 12 meses,200610,outubro 2006,326.0
1,Brasil,2,%,3.02,1,Brasil,2265,IPCA - Variação acumulada em 12 meses,200611,novembro 2006,302.0
1,Brasil,2,%,3.14,1,Brasil,2265,IPCA - Variação acumulada em 12 meses,200612,dezembro 2006,314.0
1,Brasil,2,%,2.99,1,Brasil,2265,IPCA - Variação acumulada em 12 meses,200701,janeiro 2007,299.0
1,Brasil,2,%,3.02,1,Brasil,2265,IPCA - Variação acumulada em 12 meses,200702,fevereiro 2007,302.0
1,Brasil,2,%,2.96,1,Brasil,2265,IPCA - Variação acumulada em 12 meses,200703,março 2007,296.0
1,Brasil,2,%,3.00,1,Brasil,2265,IPCA - Variação acumulada em 12 meses,200704,abril 2007,300.0
1,Brasil,2,%,3.18,1,Brasil,2265,IPCA - Variação acumulada em 12 meses,200705,maio 2007,318.0
1,Brasil,2,%,3.69,1,Brasil,2265,IPCA - Variação acumulada em 12 meses,200706,junho 2007,369.0
1,Brasil,2,%,3.74,1,Brasil,2265,IPCA - Variação acumulada em 12 meses,200707,julho 2007,374.0
1,Brasil,2,%,4.18,1,Brasil,2265,IPCA - Variação acumulada em 12 meses,200708,agosto 2007,418.0
1,Brasil,2,%,4.15,1,Brasil,2265,IPCA - Variação acumulada em 12 meses,200709,setembro 2007,415.0
1,Brasil,2,%,4.12,1,Brasil,2265,IPCA - Variação acumulada em 12 meses,200710,outubro 2007,412.0
1,Brasil,2,%,4.19,1,Brasil,2265,IPCA - Variação acumulada em 12 meses,200711,novembro 2007,419.0
1,Brasil,2,%,4.46,1,Brasil,2265,IPCA - Variação acumulada em 12 meses,200712,dezembro 2007,446.0
1,Brasil,2,%,4.56,1,Brasil,2265,IPCA - Variação acumulada em 12 meses,200801,janeiro 2008,456.0
1,Brasil,2,%,4.61,1,Brasil,2265,IPCA - Variação acumulada em 12 meses,200802,fevereiro 2008,461.0
1,Brasil,2,%,4.73,1,Brasil,2265,IPCA - Variação acumulada em 12 meses,200803,março 2008,473.0
1,Brasil,2,%,5.04,1,Brasil,2265,IPCA - Variação acumulada em 12 meses,200804,abril 2008,504.0
1,Brasil,2,%,5.58,1,Brasil,2265,IPCA - Variação acumulada em 12 meses,200805,maio 2008,558.0
1,Brasil,2,%,6.06,1,Brasil,2265,IPCA - Variação acumulada em 12 meses,200806,junho 2008,606.0
1,Brasil,2,%,6.37,1,Brasil,2265,IPCA - Variação acumulada em 12 meses,200807,julho 2008,637.0
1,Brasil,2,%,6.17,1,Brasil,2265,IPCA - Variação acumulada em 12 meses,200808,agosto 2008,617.0
1,Brasil,2,%,6.25,1,Brasil,2265,IPCA - Variação acumulada em 12 meses,200809,setembro 2008,625.0
1,Brasil,2,%,6.41,1,Brasil,2265,IPCA - Variação acumulada em 12 meses,200810,outubro 2008,641.0
1,Brasil,2,%,6.39,1,Brasil,2265,IPCA - Variação acumulada em 12 meses,200811,novembro 2008,639.0
1,Brasil,2,%,5.90,1,Brasil,2265,IPCA - Variação acumulada em 12 meses,200812,dezembro 2008,590.0
1,Brasil,2,%,5.84,1,Brasil,2265,IPCA - Variação acumulada em 12 meses,200901,janeiro 2009,584.0
1,Brasil,2,%,5.90,1,Brasil,2265,IPCA - Variação acumulada em 12 meses,200902,fevereiro 2009,590.0
1,Brasil,2,%,5.61,1,Brasil,2265,IPCA - Variação acumulada em 12 meses,200903,março 2009,561.0
1,Brasil,2,%,5.53,1,Brasil,2265,IPCA - Variação acumulada em 12 meses,200904,abril 2009,553.0
1,Brasil,2,%,5.20,1,Brasil,2265,IPCA - Variação acumulada em 12 meses,200905,maio 2009,520.0
1,Brasil,2,%,4.80,1,Brasil,2265,IPCA - Variação acumulada em 12 meses,200906,junho 2009,480.0
1,Brasil,2,%,4.50,1,Brasil,2265,IPCA - Variação acumulada em 12 meses,200907,julho 2009,450.0
1,Brasil,2,%,4.36,1,Brasil,2265,IPCA - Variação acumulada em 12 meses,200908,agosto 2009,436.0
1,Brasil,2,%,4.34,1,Brasil,2265,IPCA - Variação acumulada em 12 meses,200909,setembro 2009,434.0
1,Brasil,2,%,4.17,1,Brasil,2265,IPCA - Variação acumulada em 12 meses,200910,outubro 2009,417.0
1,Brasil,2,%,4.22,1,Brasil,2265,IPCA - Variação acumulada em 12 meses,200911,novembro 2009,422.0
1,Brasil,2,%,4.31,1,Brasil,2265,IPCA - Variação acumulada em 12 meses,200912,dezembro 2009,431.0
1,Brasil,2,%,4.59,1,Brasil,2265,IPCA - Variação acumulada em 12 meses,201001,janeiro 2010,459.0
1,Brasil,2,%,4.83,1,Brasil,2265,IPCA - Variação acumulada em 12 meses,201002,fevereiro 2010,483.0
1,Brasil,2,%,5.17,1,Brasil,2265,IPCA - Variação acumulada em 12 meses,201003,março 2010,517.0
1,Brasil,2,%,5.26,1,Brasil,2265,IPCA - Variação acumulada em 12 meses,201004,abril 2010,526.0
1,Brasil,2,%,5.22,1,Brasil,2265,IPCA - Variação acumulada em 12 meses,201005,maio 2010,522.0
1,Brasil,2,%,4.84,1,Brasil,2265,IPCA - Variação acumulada em 12 meses,201006,junho 2010,484.0
1,Brasil,2,%,4.60,1,Brasil,2265,IPCA - Variação acumulada em 12 meses,201007,julho 2010,460.0
1,Brasil,2,%,4.49,1,Brasil,2265,IPCA - Variação acumulada em 12 meses,201008,agosto 2010,449.0
1,Brasil,2,%,4.70,1,Brasil,2265,IPCA - Variação acumulada em 12 meses,201009,setembro 2010,470.0
1,Brasil,2,%,5.20,1,Brasil,2265,IPCA - Variação acumulada em 12 meses,201010,outubro 2010,520.0
1,Brasil,2,%,5.63,1,Brasil,2265,IPCA - Variação acumulada em 12 meses,201011,novembro 2010,563.0
1,Brasil,2,%,5.91,1,Brasil,2265,IPCA - Variação acumulada em 12 meses,201012,dezembro 2010,591.0
1,Brasil,2,%,5.99,1,Brasil,2265,IPCA - Variação acumulada em 12 meses,201101,janeiro 2011,599.0
1,Brasil,2,%,6.01,1,Brasil,2265,IPCA - Variação acumulada em 12 meses,201102,fevereiro 2011,601.0
1,Brasil,2,%,6.30,1,Brasil,2265,IPCA - Variação acumulada em 12 meses,201103,março 2011,630.0
1,Brasil,2,%,6.51,1,Brasil,2265,IPCA - Variação acumulada em 12 meses,201104,abril 2011,651.0
1,Brasil,2,%,6.55,1,Brasil,2265,IPCA - Variação acumulada em 12 meses,201105,maio 2011,655.0
1,Brasil,2,%,6.71,1,Brasil,2265,IPCA - Variação acumulada em 12 meses,201106,junho 2011,671.0
1,Brasil,2,%,6.87,1,Brasil,2265,IPCA - Variação acumulada em 12 meses,201107,julho 2011,687.0
1,Brasil,2,%,7.23,1,Brasil,2265,IPCA - Variação acumulada em 12 meses,201108,agosto 2011,723.0
1,Brasil,2,%,7.31,1,Brasil,2265,IPCA - Variação acumulada em 12 meses,201109,setembro 2011,731.0
1,Brasil,2,%,6.97,1,Brasil,2265,IPCA - Variação acumulada em 12 meses,201110,outubro 2011,697.0
1,Brasil,2,%,6.64,1,Brasil,2265,IPCA - Variação acumulada em 12 meses,201111,novembro 2011,664.0
1,Brasil,2,%,6.50,1,Brasil,2265,IPCA - Variação acumulada em 12 meses,201112,dezembro 2011,650.0
1,Brasil,2,%,6.22,1,Brasil,2265,IPCA - Variação acumulada em 12 meses,201201,janeiro 2012,622.0
1,Brasil,2,%,5.84,1,Brasil,2265,IPCA - Variação acumulada em 12 meses,201202,fevereiro 2012,584.0
1,Brasil,2,%,5.24,1,Brasil,2265,IPCA - Variação acumulada em 12 meses,201203,março 2012,524.0
1,Brasil,2,%,5.10,1,Brasil,2265,IPCA - Variação acumulada em 12 meses,201204,abril 2012,510.0
1,Brasil,2,%,4.99,1,Brasil,2265,IPCA - Variação acumulada em 12 meses,201205,maio 2012,499.0
1,Brasil,2,%,4.92,1,Brasil,2265,IPCA - Variação acumulada em 12 meses,201206,junho 2012,492.0
1,Brasil,2,%,5.20,1,Brasil,2265,IPCA - Variação acumulada em 12 meses,201207,julho 2012,520.0
1,Brasil,2,%,5.24,1,Brasil,2265,IPCA - Variação acumulada em 12 meses,201208,agosto 2012,524.0
1,Brasil,2,%,5.28,1,Brasil,2265,IPCA - Variação acumulada em 12 meses,201209,setembro 2012,528.0
1,Brasil,2,%,5.45,1,Brasil,2265,IPCA - Variação acumulada em 12 meses,201210,outubro 2012,545.0
1,Brasil,2,%,5.53,1,Brasil,2265,IPCA - Variação acumulada em 12 meses,201211,novembro 2012,553.0
1,Brasil,2,%,5.84,1,Brasil,2265,IPCA - Variação acumulada em 12 meses,201212,dezembro 2012,584.0
1,Brasil,2,%,6.15,1,Brasil,2265,IPCA - Variação acumulada em 12 meses,201301,janeiro 2013,615.0
1,Brasil,2,%,6.31,1,Brasil,2265,IPCA - Variação acumulada em 12 meses,201302,fevereiro 2013,631.0
1,Brasil,2,%,6.59,1,Brasil,2265,IPCA - Variação acumulada em 12 meses,201303,março 2013,659.0
1,Brasil,2,%,6.49,1,Brasil,2265,IPCA - Variação acumulada em 12 meses,201304,abril 2013,649.0
1,Brasil,2,%,6.50,1,Brasil,2265,IPCA - Variação acumulada em 12 meses,201305,maio 2013,650.0
1,Brasil,2,%,6.70,1,Brasil,2265,IPCA - Variação acumulada em 12 meses,201306,junho 2013,670.0
1,Brasil,2,%,6.27,1,Brasil,2265,IPCA - Variação acumulada em 12 meses,201307,julho 2013,627.0
1,Brasil,2,%,6.09,1,Brasil,2265,IPCA - Variação acumulada em 12 meses,201308,agosto 2013,609.0
1,Brasil,2,%,5.86,1,Brasil,2265,IPCA - Variação acumulada em 12 meses,201309,setembro 2013,586.0
1,Brasil,2,%,5.84,1,Brasil,2265,IPCA - Variação acumulada em 12 meses,201310,outubro 2013,584.0
1,Brasil,2,%,5.77,1,Brasil,2265,IPCA - Variação acumulada em 12 meses,201311,novembro 2013,577.0
1,Brasil,2,%,5.91,1,Brasil,2265,IPCA - Variação acumulada em 12 meses,201312,dezembro 2013,591.0
1,Brasil,2,%,5.59,1,Brasil,2265,IPCA - Variação acumulada em 12 meses,201401,janeiro 2014,559.0
1,Brasil,2,%,5.68,1,Brasil,2265,IPCA - Variação acumulada em 12 meses,201402,fevereiro 2014,568.0
1,Brasil,2,%,6.15,1,Brasil,2265,IPCA - Variação acumulada em 12 meses,201403,março 2014,615.0
1,Brasil,2,%,6.28,1,Brasil,2265,IPCA - Variação acumulada em 12 meses,201404,abril 2014,628.0
1,Brasil,2,%,6.37,1,Brasil,2265,IPCA - Variação acumulada em 12 meses,201405,maio 2014,637.0
1,Brasil,2,%,6.52,1,Brasil,2265,IPCA - Variação acumulada em 12 meses,201406,junho 2014,652.0
1,Brasil,2,%,6.50,1,Brasil,2265,IPCA - Variação acumulada em 12 meses,201407,julho 2014,650.0
1,Brasil,2,%,6.51,1,Brasil,2265,IPCA - Variação acumulada em 12 meses,201408,agosto 2014,651.0
1,Brasil,2,%,6.75,1,Brasil,2265,IPCA - Variação acumulada em 12 meses,201409,setembro 2014,675.0
1,Brasil,2,%,6.59,1,Brasil,2265,IPCA - Variação acumulada em 12 meses,201410,outubro 2014,659.0
1,Brasil,2,%,6.56,1,Brasil,2265,IPCA - Variação acumulada em 12 meses,201411,novembro 2014,656.0
1,Brasil,2,%,6.41,1,Brasil,2265,IPCA - Variação acumulada em 12 meses,201412,dezembro 2014,641.0
1,Brasil,2,%,7.14,1,Brasil,2265,IPCA - Variação acumulada em 12 meses,201501,janeiro 2015,714.0
1,Brasil,2,%,7.70,1,Brasil,2265,IPCA - Variação acumulada em 12 meses,201502,fevereiro 2015,770.0
1,Brasil,2,%,8.13,1,Brasil,2265,IPCA - Variação acumulada em 12 meses,201503,março 2015,813.0
1,Brasil,2,%,8.17,1,Brasil,2265,IPCA - Variação acumulada em 12 meses,201504,abril 2015,817.0
1,Brasil,2,%,8.47,1,Brasil,2265,IPCA - Variação acumulada em 12 meses,201505,maio 2015,847.0
1,Brasil,2,%,8.89,1,Brasil,2265,IPCA - Variação acumulada em 12 meses,201506,junho 2015,889.0
1,Brasil,2,%,9.56,1,Brasil,2265,IPCA - Variação acumulada em 12 meses,201507,julho 2015,956.0
1,Brasil,2,%,9.53,1,Brasil,2265,IPCA - Variação acumulada em 12 meses,201508,agosto 2015,953.0
1,Brasil,2,%,9.49,1,Brasil,2265,IPCA - Variação acumulada em 12 meses,201509,setembro 2015,949.0
1,Brasil,2,%,9.93,1,Brasil,2265,IPCA - Variação acumulada em 12 meses,201510,outubro 2015,993.0
1,Brasil,2,%,10.48,1,Brasil,2265,IPCA - Variação acumulada em 12 meses,201511,novembro 2015,1048.0
1,Brasil,2,%,10.67,1,Brasil,2265,IPCA - Variação acumulada em 12 meses,201512,dezembro 2015,1067.0
1,Brasil,2,%,10.71,1,Brasil,2265,IPCA - Variação acumulada em 12 meses,201601,janeiro 2016,1071.0
1,Brasil,2,%,10.36,1,Brasil,2265,IPCA - Variação acumulada em 12 meses,201602,fevereiro 2016,1036.0
1,Brasil,2,%,9.39,1,Brasil,2265,IPCA - Variação acumulada em 12 meses,201603,março 2016,939.0
1,Brasil,2,%,9.28,1,Brasil,2265,IPCA - Variação acumulada em 12 meses,201604,abril 2016,928.0
1,Brasil,2,%,9.32,1,Brasil,2265,IPCA - Variação acumulada em 12 meses,201605,maio 2016,932.0
1,Brasil,2,%,8.84,1,Brasil,2265,IPCA - Variação acumulada em 12 meses,201606,junho 2016,884.0
1,Brasil,2,%,8.74,1,Brasil,2265,IPCA - Variação acumulada em 12 meses,201607,julho 2016,874.0
1,Brasil,2,%,8.97,1,Brasil,2265,IPCA - Variação acumulada em 12 meses,201608,agosto 2016,897.0
1,Brasil,2,%,8.48,1,Brasil,2265,IPCA - Variação acumulada em 12 meses,201609,setembro 2016,848.0
1,Brasil,2,%,7.87,1,Brasil,2265,IPCA - Variação acumulada em 12 meses,201610,outubro 2016,787.0
1,Brasil,2,%,6.99,1,Brasil,2265,IPCA - Variação acumulada em 12 meses,201611,novembro 2016,699.0
1,Brasil,2,%,6.29,1,Brasil,2265,IPCA - Variação acumulada em 12 meses,201612,dezembro 2016,629.0
1,Brasil,2,%,5.35,1,Brasil,2265,IPCA - Variação acumulada em 12 meses,201701,janeiro 2017,535.0
1,Brasil,2,%,4.76,1,Brasil,2265,IPCA - Variação acumulada em 12 meses,201702,fevereiro 2017,476.0
1,Brasil,2,%,4.57,1,Brasil,2265,IPCA - Variação acumulada em 12 meses,201703,março 2017,457.0
1,Brasil,2,%,4.08,1,Brasil,2265,IPCA - Variação acumulada em 12 meses,201704,abril 2017,408.0
1,Brasil,2,%,3.60,1,Brasil,2265,IPCA - Variação acumulada em 12 meses,201705,maio 2017,360.0
1,Brasil,2,%,3.00,1,Brasil,2265,IPCA - Variação acumulada em 12 meses,201706,junho 2017,300.0
1,Brasil,2,%,2.71,1,Brasil,2265,IPCA - Variação acumulada em 12 meses,201707,julho 2017,271.0
1,Brasil,2,%,2.46,1,Brasil,2265,IPCA - Variação acumulada em 12 meses,201708,agosto 2017,246.0
1,Brasil,2,%,2.54,1,Brasil,2265,IPCA - Variação acumulada em 12 meses,201709,setembro 2017,254.0
1,Brasil,2,%,2.70,1,Brasil,2265,IPCA - Variação acumulada em 12 meses,201710,outubro 2017,270.0
1,Brasil,2,%,2.80,1,Brasil,2265,IPCA - Variação acumulada em 12 meses,201711,novembro 2017,280.0
1,Brasil,2,%,2.95,1,Brasil,2265,IPCA - Variação acumulada em 12 meses,201712,dezembro 2017,295.0
1,Brasil,2,%,2.86,1,Brasil,2265,IPCA - Variação acumulada em 12 meses,201801,janeiro 2018,286.0
1,Brasil,2,%,2.84,1,Brasil,2265,IPCA - Variação acumulada em 12 meses,201802,fevereiro 2018,284.0
1,Brasil,2,%,2.68,1,Brasil,2265,IPCA - Variação acumulada em 12 meses,201803,março 2018,268.0
1,Brasil,2,%,2.76,1,Brasil,2265,IPCA - Variação acumulada em 12 meses,201804,abril 2018,276.0
1,Brasil,2,%,2.86,1,Brasil,2265,IPCA - Variação acumulada em 12 meses,201805,maio 2018,286.0
1,Brasil,2,%,4.39,1,Brasil,2265,IPCA - Variação acumulada em 12 meses,201806,junho 2018,439.0
1,Brasil,2,%,4.48,1,Brasil,2265,IPCA - Variação acumulada em 12 meses,201807,julho 2018,448.0
1,Brasil,2,%,4.19,1,Brasil,2265,IPCA - Variação acumulada em 12 meses,201808,agosto 2018,419.0
1,Brasil,2,%,4.53,1,Brasil,2265,IPCA - Variação acumulada em 12 meses,201809,setembro 2018,453.0
1,Brasil,2,%,4.56,1,Brasil,2265,IPCA - Variação acumulada em 12 meses,201810,outubro 2018,456.0
1,Brasil,2,%,4.05,1,Brasil,2265,IPCA - Variação acumulada em 12 meses,201811,novembro 2018,405.0
1,Brasil,2,%,3.75,1,Brasil,2265,IPCA - Variação acumulada em 12 meses,201812,dezembro 2018,375.0
1,Brasil,2,%,3.78,1,Brasil,2265,IPCA - Variação acumulada em 12 meses,201901,janeiro 2019,378.0
1,Brasil,2,%,3.89,1,Brasil,2265,IPCA - Variação acumulada em 12 meses,201902,fevereiro 2019,389.0
1,Brasil,2,%,4.58,1,Brasil,2265,IPCA - Variação acumulada em 12 meses,201903,março 2019,458.0
1,Brasil,2,%,4.94,1,Brasil,2265,IPCA - Variação acumulada em 12 meses,201904,abril 2019,494.0
1,Brasil,2,%,4.66,1,Brasil,2265,IPCA - Variação acumulada em 12 meses,201905,maio 2019,466.0
1,Brasil,2,%,3.37,1,Brasil,2265,IPCA - Variação acumulada em 12 meses,201906,junho 2019,337.0
1,Brasil,2,%,3.22,1,Brasil,2265,IPCA - Variação acumulada em 12 meses,201907,julho 2019,322.0
1,Brasil,2,%,3.43,1,Brasil,2265,IPCA - Variação acumulada em 12 meses,201908,agosto 2019,343.0
1,Brasil,2,%,2.89,1,Brasil,2265,IPCA - Variação acumulada em 12 meses,201909,setembro 2019,289.0
1,Brasil,2,%,2.54,1,Brasil,2265,IPCA - Variação acumulada em 12 meses,201910,outubro 2019,254.0
1,Brasil,2,%,3.27,1,Brasil,2265,IPCA - Variação acumulada em 12 meses,201911,novembro 2019,327.0
1,Brasil,2,%,4.31,1,Brasil,2265,IPCA - Variação acumulada em 12 meses,201912,dezembro 2019,431.0
1,Brasil,2,%,4.19,1,Brasil,2265,IPCA - Variação acumulada em 12 meses,202001,janeiro 2020,419.0
1,Brasil,2,%,4.01,1,Brasil,2265,IPCA - Variação acumulada em 12 meses,202002,fevereiro 2020,401.0
1,Brasil,2,%,3.30,1,Brasil,2265,IPCA - Variação acumulada em 12 meses,202003,março 2020,330.0
1,Brasil,2,%,2.40,1,Brasil,2265,IPCA - Variação acumulada em 12 meses,202004,abril 2020,240.0
1,Brasil,2,%,1.88,1,Brasil,2265,IPCA - Variação acumulada em 12 meses,202005,maio 2020,188.0
1,Brasil,2,%,2.13,1,Brasil,2265,IPCA - Variação acumulada em 12 meses,202006,junho 2020,213.0
1,Brasil,2,%,2.31,1,Brasil,2265,IPCA - Variação acumulada em 12 meses,202007,julho 2020,231.0
1,Brasil,2,%,2.44,1,Brasil,2265,IPCA - Variação acumulada em 12 meses,202008,agosto 2020,244.0
1,Brasil,2,%,3.14,1,Brasil,2265,IPCA - Variação acumulada em 12 meses,202009,setembro 2020,314.0
1,Brasil,2,%,3.92,1,Brasil,2265,IPCA - Variação acumulada em 12 meses,202010,outubro 2020,392.0
1,Brasil,2,%,4.31,1,Brasil,2265,IPCA - Variação acumulada em 12 meses,202011,novembro 2020,431.0
1,Brasil,2,%,4.52,1,Brasil,2265,IPCA - Variação acumulada em 12 meses,202012,dezembro 2020,452.0
1,Brasil,2,%,4.56,1,Brasil,2265,IPCA - Variação acumulada em 12 meses,202101,janeiro 2021,456.0
1,Brasil,2,%,5.20,1,Brasil,2265,IPCA - Variação acumulada em 12 meses,202102,fevereiro 2021,520.0
1,Brasil,2,%,6.10,1,Brasil,2265,IPCA - Variação acumulada em 12 meses,202103,março 2021,610.0
1,Brasil,2,%,6.76,1,Brasil,2265,IPCA - Variação acumulada em 12 meses,202104,abril 2021,676.0
1,Brasil,2,%,8.06,1,Brasil,2265,IPCA - Variação acumulada em 12 meses,202105,maio 2021,806.0
1,Brasil,2,%,8.35,1,Brasil,2265,IPCA - Variação acumulada em 12 meses,202106,junho 2021,835.0
1,Brasil,2,%,8.99,1,Brasil,2265,IPCA - Variação acumulada em 12 meses,202107,julho 2021,899.0
1,Brasil,2,%,9.68,1,Brasil,2265,IPCA - Variação acumulada em 12 meses,202108,agosto 2021,968.0
1,Brasil,2,%,10.25,1,Brasil,2265,IPCA - Variação acumulada em 12 meses,202109,setembro 2021,1025.0
1,Brasil,2,%,10.67,1,Brasil,2265,IPCA - Variação acumulada em 12 meses,202110,outubro 2021,1067.0
1,Brasil,2,%,10.74,1,Brasil,2265,IPCA - Variação acumulada em 12 meses,202111,novembro 2021,1074.0
1,Brasil,2,%,10.06,1,Brasil,2265,IPCA - Variação acumulada em 12 meses,202112,dezembro 2021,1006.0
1,Brasil,2,%,10.38,1,Brasil,2265,IPCA - Variação acumulada em 12 meses,202201,janeiro 2022,1038.0
1,Brasil,2,%,10.54,1,Brasil,2265,IPCA - Variação acumulada em 12 meses,202202,fevereiro 2022,1054.0
1,Brasil,2,%,11.30,1,Brasil,2265,IPCA - Variação acumulada em 12 meses,202203,março 2022,1130.0
1,Brasil,2,%,12.13,1,Brasil,2265,IPCA - Variação acumulada em 12 meses,202204,abril 2022,1213.0
1,Brasil,2,%,11.73,1,Brasil,2265,IPCA - Variação acumulada em 12 meses,202205,maio 2022,1173.0
1,Brasil,2,%,11.89,1,Brasil,2265,IPCA - Variação acumulada em 12 meses,202206,junho 2022,1189.0
1,Brasil,2,%,10.07,1,Brasil,2265,IPCA - Variação acumulada em 12 meses,202207,julho 2022,1007.0
1,Brasil,2,%,8.73,1,Brasil,2265,IPCA - Variação acumulada em 12 meses,202208,agosto 2022,873.0
1,Brasil,2,%,7.17,1,Brasil,2265,IPCA - Variação acumulada em 12 meses,202209,setembro 2022,717.0
1,Brasil,2,%,6.47,1,Brasil,2265,IPCA - Variação acumulada em 12 meses,202210,outubro 2022,647.0
1,Brasil,2,%,5.90,1,Brasil,2265,IPCA - Variação acumulada em 12 meses,202211,novembro 2022,590.0
1,Brasil,2,%,5.79,1,Brasil,2265,IPCA - Variação acumulada em 12 meses,202212,dezembro 2022,579.0
1,Brasil,2,%,5.77,1,Brasil,2265,IPCA - Variação acumulada em 12 meses,202301,janeiro 2023,577.0
1,Brasil,2,%,5.60,1,Brasil,2265,IPCA - Variação acumulada em 12 meses,202302,fevereiro 2023,560.0
1,Brasil,2,%,4.65,1,Brasil,2265,IPCA - Variação acumulada em 12 meses,202303,março 2023,465.0
1,Brasil,2,%,4.18,1,Brasil,2265,IPCA - Variação acumulada em 12 meses,202304,abril 2023,418.0
1,Brasil,2,%,3.94,1,Brasil,2265,IPCA - Variação acumulada em 12 meses,202305,maio 2023,394.0
1,Brasil,2,%,3.16,1,Brasil,2265,IPCA - Variação acumulada em 12 meses,202306,junho 2023,316.0
1,Brasil,2,%,3.99,1,Brasil,2265,IPCA - Variação acumulada em 12 meses,202307,julho 2023,399.0
1,Brasil,2,%,4.61,1,Brasil,2265,IPCA - Variação acumulada em 12 meses,202308,agosto 2023,461.0
1,Brasil,2,%,5.19,1,Brasil,2265,IPCA - Variação acumulada em 12 meses,202309,setembro 2023,519.0
1,Brasil,2,%,4.82,1,Brasil,2265,IPCA - Variação acumulada em 12 meses,202310,outubro 2023,482.0
1,Brasil,2,%,4.68,1,Brasil,2265,IPCA - Variação acumulada em 12 meses,202311,novembro 2023,468.0
1,Brasil,2,%,4.62,1,Brasil,2265,IPCA - Variação acumulada em 12 meses,202312,dezembro 2023,462.0
1,Brasil,2,%,4.51,1,Brasil,2265,IPCA - Variação acumulada em 12 meses,202401,janeiro 2024,451.0
1,Brasil,2,%,4.50,1,Brasil,2265,IPCA - Variação acumulada em 12 meses,202402,fevereiro 2024,450.0
1,Brasil,2,%,3.93,1,Brasil,2265,IPCA - Variação acumulada em 12 meses,202403,março 2024,393.0
1,Brasil,2,%,3.69,1,Brasil,2265,IPCA - Variação acumulada em 12 meses,202404,abril 2024,369.0
1,Brasil,2,%,3.93,1,Brasil,2265,IPCA - Variação acumulada em 12 meses,202405,maio 2024,393.0
1,Brasil,2,%,4.23,1,Brasil,2265,IPCA - Variação acumulada em 12 meses,202406,junho 2024,423.0
1,Brasil,2,%,4.50,1,Brasil,2265,IPCA - Variação acumulada em 12 meses,202407,julho 2024,450.0
1,Brasil,2,%,4.24,1,Brasil,2265,IPCA - Variação acumulada em 12 meses,202408,agosto 2024,424.0
1,Brasil,2,%,4.42,1,Brasil,2265,IPCA - Variação acumulada em 12 meses,202409,setembro 2024,442.0
1,Brasil,2,%,4.76,1,Brasil,2265,IPCA - Variação acumulada em 12 meses,202410,outubro 2024,476.0
1,Brasil,2,%,4.87,1,Brasil,2265,IPCA - Variação acumulada em 12 meses,202411,novembro 2024,487.0
1,Brasil,2,%,4.83,1,Brasil,2265,IPCA - Variação acumulada em 12 meses,202412,dezembro 2024,483.0
1,Brasil,2,%,4.56,1,Brasil,2265,IPCA - Variação acumulada em 12 meses,202501,janeiro 2025,456.0
1,Brasil,2,%,5.06,1,Brasil,2265,IPCA - Variação acumulada em 12 meses,202502,fevereiro 2025,506.0
1,Brasil,2,%,5.48,1,Brasil,2265,IPCA - Variação acumulada em 12 meses,202503,março 2025,548.0
1,Brasil,2,%,5.53,1,Brasil,2265,IPCA - Variação acumulada em 12 meses,202504,abril 2025,553.0
1,Brasil,2,%,5.32,1,Brasil,2265,IPCA - Variação acumulada em 12 meses,202505,maio 2025,532.0
1,Brasil,2,%,5.35,1,Brasil,2265,IPCA - Variação acumulada em 12 meses,202506,junho 2025,535.0
1,Brasil,2,%,5.23,1,Brasil,2265,IPCA - Variação acumulada em 12 meses,202507,julho 2025,523.0
1,Brasil,2,%,5.13,1,Brasil,2265,IPCA - Variação acumulada em 12 meses,202508,agosto 2025,513.0
1,Brasil,2,%,5.17,1,Brasil,2265,IPCA - Variação acumulada em 12 meses,202509,setembro 2025,517.0
1,Brasil,2,%,4.68,1,Brasil,2265,IPCA - Variação acumulada em 12 meses,202510,outubro 2025,468.0
1,Brasil,2,%,4.46,1,Brasil,2265,IPCA - Variação acumulada em 12 meses,202511,novembro 2025,446.0
1,Brasil,2,%,4.26,1,Brasil,2265,IPCA - Variação acumulada em 12 meses,202512,dezembro 2025,426.0
1,Brasil,2,%,4.44,1,Brasil,2265,IPCA - Variação acumulada em 12 meses,202601,janeiro 2026,444.0
1,Brasil,2,%,3.81,1,Brasil,2265,IPCA - Variação acumulada em 12 meses,202602,fevereiro 2026,381.0
1,Brasil,2,%,4.14,1,Brasil,2265,IPCA - Variação acumulada em 12 meses,202603,março 2026,414.0
1,Brasil,2,%,4.39,1,Brasil,2265,IPCA - Variação acumulada em 12 meses,202604,abril 2026,439.0
1,Brasil,2,%,4.72,1,Brasil,2265,IPCA - Variação acumulada em 12 meses,202605,maio 2026,472.0
1,Brasil,2,%,4.64,1,Brasil,2265,IPCA - Variação acumulada em 12 meses,202606,junho 2026,464.0
1,Brasil,2,%,4.44,1,Brasil,2265,IPCA - Variação acumulada em 12 meses,202607,julho 2026,444.0
