Nível Territorial (Código),Nível Territorial,Unidade de Medida (Código),Unidade de Medida,Valor,Brasil (Código),Brasil,Variável (Código),Variável,Trimestre (Código),Trimestre,Setores e subsetores (Código),Setores e subsetores
1,Brasil,30,Número-índice,99.41,1,Brasil,584,Série encadeada do índice de volume trimestral com ajuste sazonal (Base: média 1995 = 100),199601,1º trimestre 1996,90707,PIB a preços de mercado
1,Brasil,30,Número-índice,100.60,1,Brasil,584,Série encadeada do índice de volume trimestral com ajuste sazonal (Base: média 1995 = 100),199602,2º trimestre 1996,90707,PIB a preços de mercado
1,Brasil,30,Número-índice,104.31,1,Brasil,584,Série encadeada do índice de volume trimestral com ajuste sazonal (Base: média 1995 = 100),199603,3º trimestre 1996,90707,PIB a preços de mercado
1,Brasil,30,Número-índice,103.32,1,Brasil,584,Série encadeada do índice de volume trimestral com ajuste sazonal (Base: média 1995 = 100),199604,4º trimestre 1996,90707,PIB a preços de mercado
1,Brasil,30,Número-índice,104.43,1,Brasil,584,Série encadeada do índice de volume trimestral com ajuste sazonal (Base: média 1995 = 100),199701,1º trimestre 1997,90707,PIB a preços de mercado
1,Brasil,30,Número-índice,104.93,1,Brasil,584,Série encadeada do índice de volume trimestral com ajuste sazonal (Base: média 1995 = 100),199702,2º trimestre 1997,90707,PIB a preços de mercado
1,Brasil,30,Número-índice,106.27,1,Brasil,584,Série encadeada do índice de volume trimestral com ajuste sazonal (Base: média 1995 = 100),199703,3º trimestre 1997,90707,PIB a preços de mercado
1,Brasil,30,Número-índice,107.16,1,Brasil,584,Série encadeada do índice de volume trimestral com ajuste sazonal (Base: média 1995 = 100),199704,4º trimestre 1997,90707,PIB a preços de mercado
1,Brasil,30,Número-índice,105.04,1,Brasil,584,Série encadeada do índice de volume trimestral com ajuste sazonal (Base: média 1995 = 100),199801,1º trimestre 1998,90707,PIB a preços de mercado
1,Brasil,30,Número-índice,106.85,1,Brasil,584,Série encadeada do índice de volume trimestral com ajuste sazonal (Base: média 1995 = 100),199802,2º trimestre 1998,90707,PIB a preços de mercado
1,Brasil,30,Número-índice,106.81,1,Brasil,584,Série encadeada do índice de volume trimestral com ajuste sazonal (Base: média 1995 = 100),199803,3º trimestre 1998,90707,PIB a preços de mercado
1,Brasil,30,Número-índice,105.59,1,Brasil,584,Série encadeada do índice de volume trimestral com ajuste sazonal (Base: média 1995 = 100),199804,4º trimestre 1998,90707,PIB a preços de mercado
1,Brasil,30,Número-índice,105.78,1,Brasil,584,Série encadeada do índice de volume trimestral com ajuste sazonal (Base: média 1995 = 100),199901,1º trimestre 1999,90707,PIB a preços de mercado
1,Brasil,30,Número-índice,106.34,1,Brasil,584,Série encadeada do índice de volume trimestral com ajuste sazonal (Base: média 1995 = 100),199902,2º trimestre 1999,90707,PIB a preços de mercado
1,Brasil,30,Número-índice,106.34,1,Brasil,584,Série encadeada do índice de volume trimestral com ajuste sazonal (Base: média 1995 = 100),199903,3º trimestre 1999,90707,PIB a preços de mercado
1,Brasil,30,Número-índice,107.85,1,Brasil,584,Série encadeada do índice de volume trimestral com ajuste sazonal (Base: média 1995 = 100),199904,4º trimestre 1999,90707,PIB a preços de mercado
1,Brasil,30,Número-índice,108.98,1,Brasil,584,Série encadeada do índice de volume trimestral com ajuste sazonal (Base: média 1995 = 100),200001,1º trimestre 2000,90707,PIB a preços de mercado
1,Brasil,30,Número-índice,110.53,1,Brasil,584,Série encadeada do índice de volume trimestral com ajuste sazonal (Base: média 1995 = 100),200002,2º trimestre 2000,90707,PIB a preços de mercado
1,Brasil,30,Número-índice,111.83,1,Brasil,584,Série encadeada do índice de volume trimestral com ajuste sazonal (Base: média 1995 = 100),200003,3º trimestre 2000,90707,PIB a preços de mercado
1,Brasil,30,Número-índice,113.20,1,Brasil,584,Série encadeada do índice de volume trimestral com ajuste sazonal (Base: média 1995 = 100),200004,4º trimestre 2000,90707,PIB a preços de mercado
1,Brasil,30,Número-índice,113.61,1,Brasil,584,Série encadeada do índice de volume trimestral com ajuste sazonal (Base: média 1995 = 100),200101,1º trimestre 2001,90707,PIB a preços de mercado
1,Brasil,30,Número-índice,113.07,1,Brasil,584,Série encadeada do índice de volume trimestral com ajuste sazonal (Base: média 1995 = 100),200102,2º trimestre 2001,90707,PIB a preços de mercado
1,Brasil,30,Número-índice,112.47,1,Brasil,584,Série encadeada do índice de volume trimestral com ajuste sazonal (Base: média 1995 = 100),200103,3º trimestre 2001,90707,PIB a preços de mercado
1,Brasil,30,Número-índice,112.16,1,Brasil,584,Série encadeada do índice de volume trimestral com ajuste sazonal (Base: média 1995 = 100),200104,4º trimestre 2001,90707,PIB a preços de mercado
1,Brasil,30,Número-índice,114.94,1,Brasil,584,Série encadeada do índice de volume trimestral com ajuste sazonal (Base: média 1995 = 100),200201,1º trimestre 2002,90707,PIB a preços de mercado
1,Brasil,30,Número-índice,115.19,1,Brasil,584,Série encadeada do índice de volume trimestral com ajuste sazonal (Base: média 1995 = 100),200202,2º trimestre 2002,90707,PIB a preços de mercado
1,Brasil,30,Número-índice,116.80,1,Brasil,584,Série encadeada do índice de volume trimestral com ajuste sazonal (Base: média 1995 = 100),200203,3º trimestre 2002,90707,PIB a preços de mercado
1,Brasil,30,Número-índice,118.00,1,Brasil,584,Série encadeada do índice de volume trimestral com ajuste sazonal (Base: média 1995 = 100),200204,4º trimestre 2002,90707,PIB a preços de mercado
1,Brasil,30,Número-índice,117.47,1,Brasil,584,Série encadeada do índice de volume trimestral com ajuste sazonal (Base: média 1995 = 100),200301,1º trimestre 2003,90707,PIB a preços de mercado
1,Brasil,30,Número-índice,116.48,1,Brasil,584,Série encadeada do índice de volume trimestral com ajuste sazonal (Base: média 1995 = 100),200302,2º trimestre 2003,90707,PIB a preços de mercado
1,Brasil,30,Número-índice,117.58,1,Brasil,584,Série encadeada do índice de volume trimestral com ajuste sazonal (Base: média 1995 = 100),200303,3º trimestre 2003,90707,PIB a preços de mercado
1,Brasil,30,Número-índice,118.81,1,Brasil,584,Série encadeada do índice de volume trimestral com ajuste sazonal (Base: média 1995 = 100),200304,4º trimestre 2003,90707,PIB a preços de mercado
1,Brasil,30,Número-índice,120.44,1,Brasil,584,Série encadeada do índice de volume trimestral com ajuste sazonal (Base: média 1995 = 100),200401,1º trimestre 2004,90707,PIB a preços de mercado
1,Brasil,30,Número-índice,123.76,1,Brasil,584,Série encadeada do índice de volume trimestral com ajuste sazonal (Base: média 1995 = 100),200402,2º trimestre 2004,90707,PIB a preços de mercado
1,Brasil,30,Número-índice,125.34,1,Brasil,584,Série encadeada do índice de volume trimestral com ajuste sazonal (Base: média 1995 = 100),200403,3º trimestre 2004,90707,PIB a preços de mercado
1,Brasil,30,Número-índice,126.30,1,Brasil,584,Série encadeada do índice de volume trimestral com ajuste sazonal (Base: média 1995 = 100),200404,4º trimestre 2004,90707,PIB a preços de mercado
1,Brasil,30,Número-índice,127.42,1,Brasil,584,Série encadeada do índice de volume trimestral com ajuste sazonal (Base: média 1995 = 100),200501,1º trimestre 2005,90707,PIB a preços de mercado
1,Brasil,30,Número-índice,128.74,1,Brasil,584,Série encadeada do índice de volume trimestral com ajuste sazonal (Base: média 1995 = 100),200502,2º trimestre 2005,90707,PIB a preços de mercado
1,Brasil,30,Número-índice,128.02,1,Brasil,584,Série encadeada do índice de volume trimestral com ajuste sazonal (Base: média 1995 = 100),200503,3º trimestre 2005,90707,PIB a preços de mercado
1,Brasil,30,Número-índice,129.64,1,Brasil,584,Série encadeada do índice de volume trimestral com ajuste sazonal (Base: média 1995 = 100),200504,4º trimestre 2005,90707,PIB a preços de mercado
1,Brasil,30,Número-índice,131.75,1,Brasil,584,Série encadeada do índice de volume trimestral com ajuste sazonal (Base: média 1995 = 100),200601,1º trimestre 2006,90707,PIB a preços de mercado
1,Brasil,30,Número-índice,132.14,1,Brasil,584,Série encadeada do índice de volume trimestral com ajuste sazonal (Base: média 1995 = 100),200602,2º trimestre 2006,90707,PIB a preços de mercado
1,Brasil,30,Número-índice,134.35,1,Brasil,584,Série encadeada do índice de volume trimestral com ajuste sazonal (Base: média 1995 = 100),200603,3º trimestre 2006,90707,PIB a preços de mercado
1,Brasil,30,Número-índice,135.92,1,Brasil,584,Série encadeada do índice de volume trimestral com ajuste sazonal (Base: média 1995 = 100),200604,4º trimestre 2006,90707,PIB a preços de mercado
1,Brasil,30,Número-índice,138.49,1,Brasil,584,Série encadeada do índice de volume trimestral com ajuste sazonal (Base: média 1995 = 100),200701,1º trimestre 2007,90707,PIB a preços de mercado
1,Brasil,30,Número-índice,140.80,1,Brasil,584,Série encadeada do índice de volume trimestral com ajuste sazonal (Base: média 1995 = 100),200702,2º trimestre 2007,90707,PIB a preços de mercado
1,Brasil,30,Número-índice,142.26,1,Brasil,584,Série encadeada do índice de volume trimestral com ajuste sazonal (Base: média 1995 = 100),200703,3º trimestre 2007,90707,PIB a preços de mercado
1,Brasil,30,Número-índice,144.42,1,Brasil,584,Série encadeada do índice de volume trimestral com ajuste sazonal (Base: média 1995 = 100),200704,4º trimestre 2007,90707,PIB a preços de mercado
1,Brasil,30,Número-índice,146.26,1,Brasil,584,Série encadeada do índice de volume trimestral com ajuste sazonal (Base: média 1995 = 100),200801,1º trimestre 2008,90707,PIB a preços de mercado
1,Brasil,30,Número-índice,149.18,1,Brasil,584,Série encadeada do índice de volume trimestral com ajuste sazonal (Base: média 1995 = 100),200802,2º trimestre 2008,90707,PIB a preços de mercado
1,Brasil,30,Número-índice,151.64,1,Brasil,584,Série encadeada do índice de volume trimestral com ajuste sazonal (Base: média 1995 = 100),200803,3º trimestre 2008,90707,PIB a preços de mercado
1,Brasil,30,Número-índice,145.92,1,Brasil,584,Série encadeada do índice de volume trimestral com ajuste sazonal (Base: média 1995 = 100),200804,4º trimestre 2008,90707,PIB a preços de mercado
1,Brasil,30,Número-índice,143.82,1,Brasil,584,Série encadeada do índice de volume trimestral com ajuste sazonal (Base: média 1995 = 100),200901,1º trimestre 2009,90707,PIB a preços de mercado
1,Brasil,30,Número-índice,146.48,1,Brasil,584,Série encadeada do índice de volume trimestral com ajuste sazonal (Base: média 1995 = 100),200902,2º trimestre 2009,90707,PIB a preços de mercado
1,Brasil,30,Número-índice,149.90,1,Brasil,584,Série encadeada do índice de volume trimestral com ajuste sazonal (Base: média 1995 = 100),200903,3º trimestre 2009,90707,PIB a preços de mercado
1,Brasil,30,Número-índice,153.77,1,Brasil,584,Série encadeada do índice de volume trimestral com ajuste sazonal (Base: média 1995 = 100),200904,4º trimestre 2009,90707,PIB a preços de mercado
1,Brasil,30,Número-índice,156.93,1,Brasil,584,Série encadeada do índice de volume trimestral com ajuste sazonal (Base: média 1995 = 100),201001,1º trimestre 2010,90707,PIB a preços de mercado
1,Brasil,30,Número-índice,158.94,1,Brasil,584,Série encadeada do índice de volume trimestral com ajuste sazonal (Base: média 1995 = 100),201002,2º trimestre 2010,90707,PIB a preços de mercado
1,Brasil,30,Número-índice,160.34,1,Brasil,584,Série encadeada do índice de volume trimestral com ajuste sazonal (Base: média 1995 = 100),201003,3º trimestre 2010,90707,PIB a preços de mercado
1,Brasil,30,Número-índice,162.63,1,Brasil,584,Série encadeada do índice de volume trimestral com ajuste sazonal (Base: média 1995 = 100),201004,4º trimestre 2010,90707,PIB a preços de mercado
1,Brasil,30,Número-índice,164.80,1,Brasil,584,Série encadeada do índice de volume trimestral com ajuste sazonal (Base: média 1995 = 100),201101,1º trimestre 2011,90707,PIB a preços de mercado
1,Brasil,30,Número-índice,166.48,1,Brasil,584,Série encadeada do índice de volume trimestral com ajuste sazonal (Base: média 1995 = 100),201102,2º trimestre 2011,90707,PIB a preços de mercado
1,Brasil,30,Número-índice,166.11,1,Brasil,584,Série encadeada do índice de volume trimestral com ajuste sazonal (Base: média 1995 = 100),201103,3º trimestre 2011,90707,PIB a preços de mercado
1,Brasil,30,Número-índice,167.61,1,Brasil,584,Série encadeada do índice de volume trimestral com ajuste sazonal (Base: média 1995 = 100),201104,4º trimestre 2011,90707,PIB a preços de mercado
1,Brasil,30,Número-índice,165.23,1,Brasil,584,Série encadeada do índice de volume trimestral com ajuste sazonal (Base: média 1995 = 100),201201,1º trimestre 2012,90707,PIB a preços de mercado
1,Brasil,30,Número-índice,168.22,1,Brasil,584,Série encadeada do índice de volume trimestral com ajuste sazonal (Base: média 1995 = 100),201202,2º trimestre 2012,90707,PIB a preços de mercado
1,Brasil,30,Número-índice,171.10,1,Brasil,584,Série encadeada do índice de volume trimestral com ajuste sazonal (Base: média 1995 = 100),201203,3º trimestre 2012,90707,PIB a preços de mercado
1,Brasil,30,Número-índice,171.16,1,Brasil,584,Série encadeada do índice de volume trimestral com ajuste sazonal (Base: média 1995 = 100),201204,4º trimestre 2012,90707,PIB a preços de mercado
1,Brasil,30,Número-índice,172.09,1,Brasil,584,Série encadeada do índice de volume trimestral com ajuste sazonal (Base: média 1995 = 100),201301,1º trimestre 2013,90707,PIB a preços de mercado
1,Brasil,30,Número-índice,174.44,1,Brasil,584,Série encadeada do índice de volume trimestral com ajuste sazonal (Base: média 1995 = 100),201302,2º trimestre 2013,90707,PIB a preços de mercado
1,Brasil,30,Número-índice,175.28,1,Brasil,584,Série encadeada do índice de volume trimestral com ajuste sazonal (Base: média 1995 = 100),201303,3º trimestre 2013,90707,PIB a preços de mercado
1,Brasil,30,Número-índice,175.56,1,Brasil,584,Série encadeada do índice de volume trimestral com ajuste sazonal (Base: média 1995 = 100),201304,4º trimestre 2013,90707,PIB a preços de mercado
1,Brasil,30,Número-índice,177.03,1,Brasil,584,Série encadeada do índice de volume trimestral com ajuste sazonal (Base: média 1995 = 100),201401,1º trimestre 2014,90707,PIB a preços de mercado
1,Brasil,30,Número-índice,174.43,1,Brasil,584,Série encadeada do índice de volume trimestral com ajuste sazonal (Base: média 1995 = 100),201402,2º trimestre 2014,90707,PIB a preços de mercado
1,Brasil,30,Número-índice,174.33,1,Brasil,584,Série encadeada do índice de volume trimestral com ajuste sazonal (Base: média 1995 = 100),201403,3º trimestre 2014,90707,PIB a preços de mercado
1,Brasil,30,Número-índice,175.24,1,Brasil,584,Série encadeada do índice de volume trimestral com ajuste sazonal (Base: média 1995 = 100),201404,4º trimestre 2014,90707,PIB a preços de mercado
1,Brasil,30,Número-índice,173.84,1,Brasil,584,Série encadeada do índice de volume trimestral com ajuste sazonal (Base: média 1995 = 100),201501,1º trimestre 2015,90707,PIB a preços de mercado
1,Brasil,30,Número-índice,169.76,1,Brasil,584,Série encadeada do índice de volume trimestral com ajuste sazonal (Base: média 1995 = 100),201502,2º trimestre 2015,90707,PIB a preços de mercado
1,Brasil,30,Número-índice,166.96,1,Brasil,584,Série encadeada do índice de volume trimestral com ajuste sazonal (Base: média 1995 = 100),201503,3º trimestre 2015,90707,PIB a preços de mercado
1,Brasil,30,Número-índice,165.68,1,Brasil,584,Série encadeada do índice de volume trimestral com ajuste sazonal (Base: média 1995 = 100),201504,4º trimestre 2015,90707,PIB a preços de mercado
1,Brasil,30,Número-índice,163.31,1,Brasil,584,Série encadeada do índice de volume trimestral com ajuste sazonal (Base: média 1995 = 100),201601,1º trimestre 2016,90707,PIB a preços de mercado
1,Brasil,30,Número-índice,163.74,1,Brasil,584,Série encadeada do índice de volume trimestral com ajuste sazonal (Base: média 1995 = 100),201602,2º trimestre 2016,90707,PIB a preços de mercado
1,Brasil,30,Número-índice,162.87,1,Brasil,584,Série encadeada do índice de volume trimestral com ajuste sazonal (Base: média 1995 = 100),201603,3º trimestre 2016,90707,PIB a preços de mercado
1,Brasil,30,Número-índice,162.68,1,Brasil,584,Série encadeada do índice de volume trimestral com ajuste sazonal (Base: média 1995 = 100),201604,4º trimestre 2016,90707,PIB a preços de mercado
1,Brasil,30,Número-índice,164.36,1,Brasil,584,Série encadeada do índice de volume trimestral com ajuste sazonal (Base: média 1995 = 100),201701,1º trimestre 2017,90707,PIB a preços de mercado
1,Brasil,30,Número-índice,165.74,1,Brasil,584,Série encadeada do índice de volume trimestral com ajuste sazonal (Base: média 1995 = 100),201702,2º trimestre 2017,90707,PIB a preços de mercado
1,Brasil,30,Número-índice,166.10,1,Brasil,584,Série encadeada do índice de volume trimestral com ajuste sazonal (Base: média 1995 = 100),201703,3º trimestre 2017,90707,PIB a preços de mercado
1,Brasil,30,Número-índice,167.00,1,Brasil,584,Série encadeada do índice de volume trimestral com ajuste sazonal (Base: média 1995 = 100),201704,4º trimestre 2017,90707,PIB a preços de mercado
1,Brasil,30,Número-índice,168.04,1,Brasil,584,Série encadeada do índice de volume trimestral com ajuste sazonal (Base: média 1995 = 100),201801,1º trimestre 2018,90707,PIB a preços de mercado
1,Brasil,30,Número-índice,167.83,1,Brasil,584,Série encadeada do índice de volume trimestral com ajuste sazonal (Base: média 1995 = 100),201802,2º trimestre 2018,90707,PIB a preços de mercado
1,Brasil,30,Número-índice,169.44,1,Brasil,584,Série encadeada do índice de volume trimestral com ajuste sazonal (Base: média 1995 = 100),201803,3º trimestre 2018,90707,PIB a preços de mercado
1,Brasil,30,Número-índice,169.02,1,Brasil,584,Série encadeada do índice de volume trimestral com ajuste sazonal (Base: média 1995 = 100),201804,4º trimestre 2018,90707,PIB a preços de mercado
1,Brasil,30,Número-índice,169.51,1,Brasil,584,Série encadeada do índice de volume trimestral com ajuste sazonal (Base: média 1995 = 100),201901,1º trimestre 2019,90707,PIB a preços de mercado
1,Brasil,30,Número-índice,170.50,1,Brasil,584,Série encadeada do índice de volume trimestral com ajuste sazonal (Base: média 1995 = 100),201902,2º trimestre 2019,90707,PIB a preços de mercado
1,Brasil,30,Número-índice,170.54,1,Brasil,584,Série encadeada do índice de volume trimestral com ajuste sazonal (Base: média 1995 = 100),201903,3º trimestre 2019,90707,PIB a preços de mercado
1,Brasil,30,Número-índice,172.04,1,Brasil,584,Série encadeada do índice de volume trimestral com ajuste sazonal (Base: média 1995 = 100),201904,4º trimestre 2019,90707,PIB a preços de mercado
1,Brasil,30,Número-índice,168.09,1,Brasil,584,Série encadeada do índice de volume trimestral com ajuste sazonal (Base: média 1995 = 100),202001,1º trimestre 2020,90707,PIB a preços de mercado
1,Brasil,30,Número-índice,153.17,1,Brasil,584,Série encadeada do índice de volume trimestral com ajuste sazonal (Base: média 1995 = 100),202002,2º trimestre 2020,90707,PIB a preços de mercado
1,Brasil,30,Número-índice,165.31,1,Brasil,584,Série encadeada do índice de volume trimestral com ajuste sazonal (Base: média 1995 = 100),202003,3º trimestre 2020,90707,PIB a preços de mercado
1,Brasil,30,Número-índice,171.65,1,Brasil,584,Série encadeada do índice de volume trimestral com ajuste sazonal (Base: média 1995 = 100),202004,4º trimestre 2020,90707,PIB a preços de mercado
1,Brasil,30,Número-índice,173.15,1,Brasil,584,Série encadeada do índice de volume trimestral com ajuste sazonal (Base: média 1995 = 100),202101,1º trimestre 2021,90707,PIB a preços de mercado
1,Brasil,30,Número-índice,171.94,1,Brasil,584,Série encadeada do índice de volume trimestral com ajuste sazonal (Base: média 1995 = 100),202102,2º trimestre 2021,90707,PIB a preços de mercado
1,Brasil,30,Número-índice,172.20,1,Brasil,584,Série encadeada do índice de volume trimestral com ajuste sazonal (Base: média 1995 = 100),202103,3º trimestre 2021,90707,PIB a preços de mercado
1,Brasil,30,Número-índice,174.50,1,Brasil,584,Série encadeada do índice de volume trimestral com ajuste sazonal (Base: média 1995 = 100),202104,4º trimestre 2021,90707,PIB a preços de mercado
1,Brasil,30,Número-índice,175.70,1,Brasil,584,Série encadeada do índice de volume trimestral com ajuste sazonal (Base: média 1995 = 100),202201,1º trimestre 2022,90707,PIB a preços de mercado
1,Brasil,30,Número-índice,177.70,1,Brasil,584,Série encadeada do índice de volume trimestral com ajuste sazonal (Base: média 1995 = 100),202202,2º trimestre 2022,90707,PIB a preços de mercado
1,Brasil,30,Número-índice,179.58,1,Brasil,584,Série encadeada do índice de volume trimestral com ajuste sazonal (Base: média 1995 = 100),202203,3º trimestre 2022,90707,PIB a preços de mercado
1,Brasil,30,Número-índice,180.35,1,Brasil,584,Série encadeada do índice de volume trimestral com ajuste sazonal (Base: média 1995 = 100),202204,4º trimestre 2022,90707,PIB a preços de mercado
1,Brasil,30,Número-índice,182.77,1,Brasil,584,Série encadeada do índice de volume trimestral com ajuste sazonal (Base: média 1995 = 100),202301,1º trimestre 2023,90707,PIB a preços de mercado
1,Brasil,30,Número-índice,184.19,1,Brasil,584,Série encadeada do índice de volume trimestral com ajuste sazonal (Base: média 1995 = 100),202302,2º trimestre 2023,90707,PIB a preços de mercado
1,Brasil,30,Número-índice,184.43,1,Brasil,584,Série encadeada do índice de volume trimestral com ajuste sazonal (Base: média 1995 = 100),202303,3º trimestre 2023,90707,PIB a preços de mercado
1,Brasil,30,Número-índice,185.14,1,Brasil,584,Série encadeada do índice de volume trimestral com ajuste sazonal (Base: média 1995 = 100),202304,4º trimestre 2023,90707,PIB a preços de mercado
1,Brasil,30,Número-índice,186.40,1,Brasil,584,Série encadeada do índice de volume trimestral com ajuste sazonal (Base: média 1995 = 100),202401,1º trimestre 2024,90707,PIB a preços de mercado
1,Brasil,30,Número-índice,189.52,1,Brasil,584,Série encadeada do índice de volume trimestral com ajuste sazonal (Base: média 1995 = 100),202402,2º trimestre 2024,90707,PIB a preços de mercado
1,Brasil,30,Número-índice,191.23,1,Brasil,584,Série encadeada do índice de volume trimestral com ajuste sazonal (Base: média 1995 = 100),202403,3º trimestre 2024,90707,PIB a preços de mercado
1,Brasil,30,Número-índice,191.41,1,Brasil,584,Série encadeada do índice de volume trimestral com ajuste sazonal (Base: média 1995 = 100),202404,4º trimestre 2024,90707,PIB a preços de mercado
1,Brasil,30,Número-índice,193.84,1,Brasil,584,Série encadeada do índice de volume trimestral com ajuste sazonal (Base: média 1995 = 100),202501,1º trimestre 2025,90707,PIB a preços de mercado
1,Brasil,30,Número-índice,194.50,1,Brasil,584,Série encadeada do índice de volume trimestral com ajuste sazonal (Base: média 1995 = 100),202502,2º trimestre 2025,90707,PIB a preços de mercado
1,Brasil,30,Número-índice,194.69,1,Brasil,584,Série encadeada do índice de volume trimestral com ajuste sazonal (Base: média 1995 = 100),202503,3º trimestre 2025,90707,PIB a preços de mercado
1,Brasil,30,Número-índice,195.19,1,Brasil,584,Série encadeada do índice de volume trimestral com ajuste sazonal (Base: média 1995 = 100),202504,4º trimestre 2025,90707,PIB a preços de mercado
1,Brasil,30,Número-índice,197.34,1,Brasil,584,Série encadeada do índice de volume trimestral com ajuste sazonal (Base: média 1995 = 100),202601,1º trimestre 2026,90707,PIB a preços de mercado
